unit,type,file,rows_on,soc_start,soc_end,cur_lt0,cur_gt0,cur_median
BEV1,slow charging,BEV1_2024-07-25_slow.csv,18327,65.7,99.8,18327,0,-12.036500000000048
BEV1,slow charging,BEV1_2024-07-27_slow.csv,3159,50.0,64.2,3151,8,-29.63650000000006
BEV1,slow charging,BEV1_2024-07-29_slow.csv,16224,35.0,97.8,16224,0,-27.68050000000004
BEV1,slow charging,BEV1_2024-07-31_slow.csv,11452,51.8,99.8,11452,0,-27.65400000000004
BEV1,slow charging,BEV1_2024-08-10_slow.csv,29597,34.0,99.0,23380,6217,-17.765000000000033
BEV1,slow charging,BEV1_2024-08-11_slow.csv,18637,47.900000000000006,100.0,15006,3631,-27.72100000000004
BEV1,slow charging,BEV1_2024-09-01_slow.csv,5198,79.80000000000001,97.0,5185,13,-21.520101010101047
BEV1,slow charging,BEV1_2024-09-04_slow.csv,31196,37.0,97.6,31196,0,-11.96750000000004
BEV1,slow charging,BEV1_2024-09-18_slow.csv,5370,81.4,99.7,5369,1,-27.345000000000056
BEV1,slow charging,BEV1_2024-09-20_slow.csv,8309,67.60000000000001,99.7,8307,2,-27.426000000000048
BEV1,slow charging,BEV1_2024-09-22_slow.csv,17643,27.8,99.8,17643,0,-21.98500000000005
BEV1,slow charging,BEV1_2024-09-23_slow.csv,4741,87.7,99.9,4739,2,-19.943000000000048
BEV1,slow charging,BEV1_2024-09-24_slow.csv,6195,81.7,100.0,6195,0,-17.22250000000005
BEV1,slow charging,BEV1_2024-10-02_slow.csv,7316,82.7,95.1,7315,1,-10.194500000000032
BEV1,slow charging,BEV1_2024-10-03_slow.csv,8123,40.6,74.9,8123,0,-22.65350000000005
BEV1,slow charging,BEV1_2024-10-04_slow.csv,8616,53.5,83.7,8614,2,-25.780000000000044
BEV1,slow charging,BEV1_2024-10-24_slow.csv,13881,36.6,100.0,13881,0,-28.664500000000043
BEV1,slow charging,BEV1_2024-10-27_slow.csv,14899,45.6,100.0,14899,0,-19.81650000000005
BEV1,slow charging,BEV1_2024-10-29_slow.csv,7411,73.7,99.8,7411,0,-27.39150000000005
BEV1,slow charging,BEV1_2024-10-31_slow.csv,107,81.9,93.1,101,6,-17.370000000000047
BEV1,slow charging,BEV1_2024-11-01_slow.csv,277,23.200000000000003,99.3,178,99,-0.0270000000000447
BEV1,slow charging,BEV1_2024-11-02_slow.csv,57,34.2,44.7,57,0,-8.399000000000044
BEV1,slow charging,BEV1_2024-11-11_slow.csv,243,44.3,99.4,243,0,-28.39550000000004
BEV1,slow charging,BEV1_2024-11-12_slow.csv,52,37.2,99.5,50,2,-10.376968750000035
BEV1,slow charging,BEV1_2024-11-18_slow.csv,111,24.1,99.7,108,3,-29.46450000000004
BEV1,slow charging,BEV1_2024-11-22_slow.csv,496,68.60000000000001,99.5,421,75,-22.906500000000044
BEV1,slow charging,BEV1_2024-12-02_slow.csv,105,36.5,62.8,105,0,-27.85070422535216
BEV1,slow charging,BEV1_2024-12-05_slow.csv,85,33.9,34.300000000000004,85,0,-28.885500000000032
BEV1,slow charging,BEV1_2024-12-07_slow.csv,75,70.8,72.5,75,0,-28.13800000000004
BEV1,slow charging,BEV1_2024-12-09_slow.csv,137,99.30000000000004,99.4,134,3,-3.673000000000042
BEV1,slow charging,BEV1_2024-12-11_slow.csv,113,29.5,88.7,112,1,-18.676500000000047
BEV1,slow charging,BEV1_2025-01-08_slow.csv,77,22.3,86.7,77,0,-16.436500000000052
BEV1,slow charging,BEV1_2025-01-12_slow.csv,65,51.1,98.6,65,0,-20.02700000000005
BEV1,slow charging,BEV1_2025-01-16_slow.csv,91,28.8,83.10000000000001,85,6,-8.61700000000005
BEV1,slow charging,BEV1_2025-01-19_slow.csv,810,26.3,98.80000000000004,372,438,0.06924999999995571
BEV1,slow charging,BEV1_2025-01-22_slow.csv,33,40.0,99.4,16,17,0.1649999999999511
BEV1,slow charging,BEV1_2025-01-27_slow.csv,123,31.5,69.8,122,1,-10.788500000000043
BEV1,slow charging,BEV1_2025-02-03_slow.csv,114,50.0,50.3,114,0,-16.062000000000047
BEV1,slow charging,BEV1_2025-02-07_slow.csv,2806,86.4,100.0,2032,774,-0.13625000000003973
BEV1,slow charging,BEV1_2025-02-13_slow.csv,1028,19.5,75.3,1028,0,-16.94125000000005
BEV1,slow charging,BEV1_2025-02-15_2_slow.csv,151,20.700000000000003,99.1,66,85,4.767999999999962
BEV1,slow charging,BEV1_2025-05-26_slow.csv,81,90.8,98.4,81,0,-8.412000000000052
BEV1,fast charging,BEV1_2024-08-10_fast_1.csv,1346,51.3,92.5,1345,1,-195.161
BEV1,fast charging,BEV1_2024-08-10_fast_2.csv,1658,16.1,84.30000000000001,1658,0,-243.36950000000002
BEV1,fast charging,BEV1_2024-09-01_fast_1.csv,1736,27.1,89.7,1736,0,-239.351
BEV1,fast charging,BEV1_2024-09-03_fast_1.csv,2514,12.1,98.2,2513,1,-176.78725
BEV1,fast charging,BEV1_2024-09-03_fast_2.csv,600,25.9,53.7,599,1,-283.2415
BEV1,fast charging,BEV1_2024-11-17_fast_1.csv,577,27.4,67.0,576,1,-236.6860000000001
BEV1,fast charging,BEV1_2024-12-07_fast_1.csv,644,19.700000000000003,54.6,643,1,-333.54600000000005
BEV1,fast charging,BEV1_2024-12-08_fast_1.csv,2334,11.1,85.5,2333,1,-185.77100000000007
BEV2,slow charging,BEV2_2024-05-08_slow.csv,365,88.0,88.60000000000001,365,0,-10.014500000000035
BEV2,slow charging,BEV2_2024-05-16_slow.csv,3983,78.10000000000001,90.8,3982,1,-25.483000000000047
BEV2,slow charging,BEV2_2024-05-17_slow.csv,2789,87.7,99.7,2765,24,-24.079500000000053
BEV2,slow charging,BEV2_2024-05-22_slow.csv,6824,68.9,90.9,6824,0,-25.58150000000004
BEV2,slow charging,BEV2_2024-06-15_slow.csv,15841,38.900000000000006,90.6,15465,376,-26.64300000000004
BEV2,slow charging,BEV2_2024-06-19_slow.csv,2529,72.60000000000001,81.5,2528,1,-27.39350000000005
BEV2,slow charging,BEV2_2024-06-21_slow.csv,8981,72.10000000000001,90.7,8979,2,-20.50350000000004
BEV2,slow charging,BEV2_2024-06-22_slow.csv,11856,52.5,90.7,11847,9,-27.762750000000047
BEV2,slow charging,BEV2_2024-06-24_slow.csv,7551,65.5,90.7,7550,1,-25.766500000000043
BEV2,slow charging,BEV2_2024-06-26_slow.csv,11277,52.3,90.5,11177,100,-26.245000000000022
BEV2,slow charging,BEV2_2024-06-27_slow.csv,3277,79.80000000000001,90.5,3277,0,-25.509000000000057
BEV2,slow charging,BEV2_2024-06-28_slow.csv,4972,74.10000000000001,90.6,4972,0,-25.665000000000042
BEV2,slow charging,BEV2_2024-06-29_1_slow.csv,3882,44.7,58.4,3876,6,-27.35350000000004
BEV2,slow charging,BEV2_2024-06-29_2_slow.csv,10993,54.0,90.5,10993,0,-26.27950000000003
BEV2,slow charging,BEV2_2024-06-30_slow.csv,13929,42.5,90.4,13928,1,-26.50800000000004
BEV2,slow charging,BEV2_2024-07-03_slow.csv,8421,62.7,90.7,8421,0,-25.979500000000044
BEV2,slow charging,BEV2_2024-07-29_1_slow.csv,7095,27.0,53.1,7093,2,-28.24650000000004
BEV2,slow charging,BEV2_2024-07-29_2_slow.csv,12302,52.4,90.5,12297,5,-26.369000000000042
BEV2,slow charging,BEV2_2024-08-02_slow.csv,7993,62.4,90.6,7992,1,-27.053500000000057
BEV2,slow charging,BEV2_2024-08-04_slow.csv,2181,83.30000000000001,90.5,2180,1,-25.99250000000004
BEV2,slow charging,BEV2_2024-08-05_slow.csv,16759,41.3,99.6,16759,0,-26.32950000000004
BEV2,slow charging,BEV2_2024-08-08_1_slow.csv,7829,53.5,80.5,7829,0,-26.82350000000004
BEV2,slow charging,BEV2_2024-08-08_2_slow.csv,4585,77.2,91.7,4585,0,-25.49450000000005
BEV2,slow charging,BEV2_2024-08-11_1_slow.csv,2819,38.6,49.5,2819,0,-29.774000000000044
BEV2,slow charging,BEV2_2024-08-12_slow.csv,14216,22.200000000000003,52.6,14210,6,-26.908500000000053
BEV2,slow charging,BEV2_2024-08-13_slow.csv,10505,51.5,90.6,10500,5,-28.386000000000035
BEV2,slow charging,BEV2_2024-08-14_slow.csv,18529,71.60000000000001,90.6,18529,0,-7.686000000000046
BEV2,slow charging,BEV2_2024-08-15_slow.csv,10436,40.400000000000006,81.0,10435,1,-29.32675000000006
BEV2,slow charging,BEV2_2024-08-16_slow.csv,5228,83.30000000000001,90.6,5226,2,-7.746000000000045
BEV2,slow charging,BEV2_2024-08-17_slow.csv,31207,57.8,90.6,31203,4,-7.961500000000041
BEV2,slow charging,BEV2_2024-08-20_slow.csv,9199,81.0,90.3,9199,0,-7.719500000000048
BEV2,slow charging,BEV2_2024-08-25_slow.csv,1578,65.5,71.3,1578,0,-28.19550000000005
BEV2,slow charging,BEV2_2024-08-26_slow.csv,15525,35.0,89.4,15521,4,-26.983000000000057
BEV2,slow charging,BEV2_2024-08-30_slow.csv,9324,64.8,92.2,9318,6,-27.103750000000055
BEV2,slow charging,BEV2_2024-08-31_slow.csv,12101,39.8,75.4,12098,3,-22.43850000000005
BEV2,slow charging,BEV2_2024-09-01_slow.csv,2407,95.2,97.6,2359,48,-7.970500000000045
BEV2,slow charging,BEV2_2024-09-03_slow.csv,10941,52.5,90.7,10937,4,-27.57650000000004
BEV2,slow charging,BEV2_2024-09-08_slow.csv,14979,40.1,90.8,14979,0,-26.12050000000003
BEV2,slow charging,BEV2_2024-09-11_slow.csv,3502,71.9,93.3,3495,7,-25.499250000000046
BEV2,slow charging,BEV2_2024-09-14_slow.csv,307,71.60000000000001,86.9,303,4,-24.411500000000046
BEV2,slow charging,BEV2_2024-09-16_slow.csv,75,41.3,88.80000000000001,71,4,-23.35100000000005
BEV2,slow charging,BEV2_2024-09-18_slow.csv,27,31.7,90.5,20,7,-1.948000000000044
BEV2,slow charging,BEV2_2024-09-21_1_slow.csv,238,38.3,50.7,237,1,-25.40300000000005
BEV2,slow charging,BEV2_2024-09-21_2_slow.csv,42,49.7,97.6,42,0,-10.697250000000052
BEV2,slow charging,BEV2_2024-09-27_slow.csv,47,49.400000000000006,99.4,41,6,-9.741000000000051
BEV2,slow charging,BEV2_2024-09-28_slow.csv,57,48.8,70.0,55,2,-21.818000000000044
BEV2,slow charging,BEV2_2024-10-14_slow.csv,130,32.800000000000004,50.6,125,5,-25.33400000000004
BEV2,slow charging,BEV2_2024-10-18_slow.csv,108,45.400000000000006,90.0,108,0,-24.694000000000056
BEV2,slow charging,BEV2_2024-10-20_slow.csv,145,52.6,58.3,145,0,-28.36600000000004
BEV2,slow charging,BEV2_2024-10-31_slow.csv,40,77.7,99.9,35,5,-24.725750000000048
BEV2,slow charging,BEV2_2024-11-04_slow.csv,68,59.4,89.9,64,4,-21.831500000000034
BEV2,slow charging,BEV2_2024-11-14_slow.csv,73,59.9,89.5,73,0,-14.356500000000048
BEV2,slow charging,BEV2_2024-11-28_slow.csv,98,56.1,100.0,96,2,-13.894500000000056
BEV2,slow charging,BEV2_2024-11-30_slow.csv,63,68.60000000000001,88.4,60,3,-17.041500000000042
BEV2,slow charging,BEV2_2024-12-08_1_slow.csv,58,84.4,90.5,57,1,-7.624000000000036
BEV2,slow charging,BEV2_2024-12-08_2_slow.csv,50,53.900000000000006,89.9,50,0,-19.30825000000004
BEV2,slow charging,BEV2_2024-12-23_slow.csv,72,41.9,42.1,66,6,-20.0955
BEV2,slow charging,BEV2_2025-01-12_slow.csv,47,89.60000000000001,89.60000000000001,31,16,-0.0335000000000468
BEV2,slow charging,BEV2_2025-02-04_slow.csv,45,77.7,99.5,40,5,-26.19700000000005
BEV2,slow charging,BEV2_2025-02-14_slow.csv,57,57.6,90.9,51,6,-21.63150000000004
BEV2,slow charging,BEV2_2025-02-26_slow.csv,59,48.5,99.4,57,2,-23.759500000000045
BEV2,slow charging,BEV2_2025-03-02_slow.csv,37,49.2,90.8,28,9,-2.0025000000000457
BEV2,slow charging,BEV2_2025-03-11_slow.csv,60,87.5,95.1,59,1,-20.202500000000036
BEV2,slow charging,BEV2_2025-03-16_slow.csv,132,46.8,53.8,126,6,-25.49025000000004
BEV2,slow charging,BEV2_2025-04-01_slow.csv,66,65.9,66.10000000000001,66,0,-24.815750000000044
BEV2,slow charging,BEV2_2025-04-10_slow.csv,57,47.900000000000006,48.1,56,1,-28.02900000000006
BEV2,slow charging,BEV2_2025-04-17_slow.csv,68,67.7,84.9,62,6,-26.83325000000005
BEV2,fast charging,BEV2_2024-05-18_fast_1.csv,1520,48.2,82.2,1520,0,-186.57875000000007
BEV2,fast charging,BEV2_2024-05-19_fast_1.csv,1953,16.6,82.23,1953,0,-221.563
BEV2,fast charging,BEV2_2024-05-21_fast_1.csv,1861,53.8,90.9,1861,0,-153.35100000000003
BEV2,fast charging,BEV2_2024-07-05_fast_1.csv,1398,41.1,81.9,1398,0,-203.71875000000006
BEV2,fast charging,BEV2_2024-08-19_fast_1.csv,2119,29.5,87.0,2118,1,-198.953
BEV2,fast charging,BEV2_2024-08-22_fast_1.csv,2888,15.4,90.3,2888,0,-194.81850000000003
BEV2,fast charging,BEV2_2024-08-31_fast_1.csv,1197,41.0,77.60000000000001,1196,1,-224.46800000000007
BEV2,fast charging,BEV2_2024-09-07_fast_1.csv,2001,44.900000000000006,90.6,2000,1,-180.8315000000001
BEV2,fast charging,BEV2_2024-09-10_fast_1.csv,2126,42.3,90.8,2126,0,-178.12625000000003
BEV2,fast charging,BEV2_2024-09-29_fast_1.csv,3623,19.4,90.9,3622,1,-101.30100000000004
BEV2,fast charging,BEV2_2024-10-01_fast_1.csv,2891,16.900000000000002,90.8,2891,0,-207.8035
BEV2,fast charging,BEV2_2024-11-04_fast_1.csv,2825,27.9,90.9,2825,0,-179.04150000000004
BEV2,fast charging,BEV2_2024-11-24_fast_1.csv,518,72.4,82.0,518,0,-137.87425
BEV2,fast charging,BEV2_2025-02-16_fast_1.csv,989,13.1,55.8,989,0,-347.4585
BEV2,fast charging,BEV2_2025-02-16_fast_2.csv,1351,50.400000000000006,81.2,1350,1,-176.878
BEV2,fast charging,BEV2_2025-04-05_fast_1.csv,1125,34.7,68.37,1121,4,-231.2905
BEV2,fast charging,BEV2_2025-04-06_fast_1.csv,1300,59.7,82.4,1300,0,-135.11875000000003
