unit,type,file,file_date,ts_first,ts_last,rows
BEV1,slow charging,BEV1_2025-05-26_slow.csv,2025-05-26,2025-05-26 14:46:21+00:00,2025-05-26 16:13:41+00:00,82
BEV1,driving,BEV1_2025-05-23_drive1.csv,2025-05-23,2025-05-23 10:23:30+00:00,2025-05-23 10:30:04+00:00,395
BEV1,driving,BEV1_2025-05-23_drive2.csv,2025-05-23,2025-05-23 10:59:35+00:00,2025-05-23 11:49:39+00:00,3005
BEV1,driving,BEV1_2025-05-23_drive3.csv,2025-05-23,2025-05-23 13:44:43+00:00,2025-05-23 14:00:18+00:00,936
BEV1,driving,BEV1_2025-05-23_drive4.csv,2025-05-23,2025-05-23 15:10:16+00:00,2025-05-23 15:23:45+00:00,810
BEV1,driving,BEV1_2025-05-24_drive1.csv,2025-05-24,2025-05-24 11:11:30+00:00,2025-05-24 11:24:21+00:00,772
BEV1,driving,BEV1_2025-05-24_drive2.csv,2025-05-24,2025-05-24 13:41:50+00:00,2025-05-24 13:53:07+00:00,678
BEV1,driving,BEV1_2025-05-24_drive3.csv,2025-05-24,2025-05-24 15:52:47+00:00,2025-05-24 16:03:25+00:00,639
BEV1,driving,BEV1_2025-05-24_drive4.csv,2025-05-24,2025-05-24 16:27:07+00:00,2025-05-24 16:38:08+00:00,662
BEV1,driving,BEV1_2025-05-25_drive1.csv,2025-05-25,2025-05-25 14:55:44+00:00,2025-05-25 15:16:06+00:00,1223
BEV1,driving,BEV1_2025-05-25_drive2.csv,2025-05-25,2025-05-25 17:40:26+00:00,2025-05-25 18:10:25+00:00,1800
BEV1,driving,BEV1_2025-05-26_drive1.csv,2025-05-26,2025-05-26 06:17:23+00:00,2025-05-26 06:52:36+00:00,2114
BEV1,driving,BEV1_2025-05-26_drive2.csv,2025-05-26,2025-05-26 12:52:05+00:00,2025-05-26 13:50:17+00:00,3493
BEV1,driving,BEV1_2025-05-26_drive3.csv,2025-05-26,2025-05-26 14:39:28+00:00,2025-05-26 14:45:13+00:00,346
BEV1,driving,BEV1_2025-05-26_drive4.csv,2025-05-26,2025-05-26 16:14:04+00:00,2025-05-26 16:32:25+00:00,1102
BEV1,driving,BEV1_2025-05-26_drive5.csv,2025-05-26,2025-05-26 17:12:21+00:00,2025-05-26 17:30:00+00:00,1060
BEV1,driving,BEV1_2025-05-27_drive1.csv,2025-05-27,2025-05-27 06:21:33+00:00,2025-05-27 06:55:14+00:00,2022
BEV1,parking,BEV1_2025-05-23_park1.csv,2025-05-23,2025-05-23 08:12:28+00:00,2025-05-23 08:13:55+00:00,88
BEV1,parking,BEV1_2025-05-23_park2.csv,2025-05-23,2025-05-23 10:59:23+00:00,2025-05-23 10:59:30+00:00,8
BEV1,parking,BEV1_2025-05-23_park3.csv,2025-05-23,2025-05-23 13:44:17+00:00,2025-05-23 13:44:37+00:00,21
BEV1,parking,BEV1_2025-05-23_park4.csv,2025-05-23,2025-05-23 14:00:22+00:00,2025-05-23 15:10:11+00:00,23
BEV1,parking,BEV1_2025-05-23_park5.csv,2025-05-23,2025-05-23 15:23:52+00:00,2025-05-23 15:24:36+00:00,38
BEV1,parking,BEV1_2025-05-24_park1.csv,2025-05-24,2025-05-24 11:24:28+00:00,2025-05-24 13:41:45+00:00,19
BEV1,parking,BEV1_2025-05-24_park2.csv,2025-05-24,2025-05-24 13:53:12+00:00,2025-05-24 13:53:49+00:00,38
BEV1,parking,BEV1_2025-05-24_park3.csv,2025-05-24,2025-05-24 16:25:52+00:00,2025-05-24 16:26:25+00:00,34
BEV1,parking,BEV1_2025-05-24_park4.csv,2025-05-24,2025-05-24 16:39:42+00:00,2025-05-25 14:55:39+00:00,49
BEV1,parking,BEV1_2025-05-25_park1.csv,2025-05-25,2025-05-25 15:16:15+00:00,2025-05-25 17:40:21+00:00,16
BEV1,parking,BEV1_2025-05-26_park1.csv,2025-05-26,2025-05-26 06:16:38+00:00,2025-05-26 06:17:16+00:00,39
BEV1,parking,BEV1_2025-05-26_park2.csv,2025-05-26,2025-05-26 06:52:43+00:00,2025-05-26 06:54:07+00:00,80
BEV1,parking,BEV1_2025-05-26_park3.csv,2025-05-26,2025-05-26 13:50:17+00:00,2025-05-26 14:00:19+00:00,603
BEV1,parking,BEV1_2025-05-26_park4.csv,2025-05-26,2025-05-26 14:45:21+00:00,2025-05-26 14:46:20+00:00,60
BEV1,parking,BEV1_2025-05-26_park5.csv,2025-05-26,2025-05-26 16:13:42+00:00,2025-05-26 16:14:00+00:00,19
BEV1,parking,BEV1_2025-05-26_park6.csv,2025-05-26,2025-05-26 16:58:52+00:00,2025-05-26 16:58:59+00:00,8
BEV1,parking,BEV1_2025-05-26_park7.csv,2025-05-26,2025-05-26 17:30:10+00:00,2025-05-26 17:30:47+00:00,38
BEV1,parking,BEV1_2025-05-27_park1.csv,2025-05-27,2025-05-27 06:55:20+00:00,2025-05-27 06:55:55+00:00,36
BEV1,parking,BEV1_2025-05-27_park2.csv,2025-05-27,2025-05-27 12:07:07+00:00,2025-05-27 12:08:58+00:00,76
