row,U
0,325.81481
6,326.15913
12,326.74589
18,327.01841
24,327.52128
30,327.66249
36,328.25537
42,328.29093
48,328.88318
54,328.90787
60,329.38721
66,329.49571
72,329.97756
78,330.05105
84,330.52057
90,330.57446
96,331.01533
102,331.06665
108,331.42836
114,331.57745
120,331.84869
126,332.03807
132,332.23024
138,332.46073
144,332.566
150,332.88044
156,332.913886113886
162,333.29394
168,333.23431
174,333.70857
180,333.57499
186,334.0673
192,333.95578
198,334.41006
204,334.38714
210,334.79402
216,334.77294
222,335.14518
228,335.12787
234,335.45555
240,335.49019
246,335.72714
252,335.86287
258,336.00967
264,336.17049
270,336.243
276,336.46231
282,336.46336
288,336.737512487512
294,336.68579
300,337.06196
306,336.90268
312,337.34494
318,337.14991
324,337.60935
330,337.4439
336,337.8457
342,337.760869130869
348,338.12583
354,338.0457
360,338.36977
366,338.30356
372,338.57127
378,338.59713
384,338.75614
390,338.86381
396,338.93349
402,339.0856
408,339.07261
414,339.27683
420,339.20633
426,339.4779
432,339.34601
438,339.70166
444,339.48878
450,339.90052
456,339.65217
462,340.0743
468,339.8756
474,340.25285
480,340.11581
486,340.45838
492,340.33324
498,340.60273
504,340.52469
510,340.73171
516,340.74014
522,340.82362
528,340.924325674326
534,340.91295
540,341.04993
546,340.97059
552,341.16113
558,341.02789
564,341.29219
570,341.08285
576,341.42312
582,341.15294
588,341.54624
594,341.25379
600,341.63445
606,341.41167
612,341.74409
618,341.56902
624,341.85772
630,341.70395
636,341.925
642,341.83789
648,341.98776
654,341.98199
660,342.006223776224
666,342.0906
672,342.02597
678,342.14
684,342.01557
690,342.18781
696,342.00382
702,342.2612
708,342.00216
714,342.32722
720,342.01173
726,342.37624
732,342.06359
738,342.412077922078
744,342.17212
750,342.47856
756,342.2846
762,342.53749
768,342.37135
774,342.55313
780,342.47125
786,342.57049
792,342.57009
798,342.53375
804,342.6141
810,342.51585
816,342.63449
822,342.4756
828,342.654
834,342.42769
840,342.69505
846,342.40451
852,342.72152
858,342.39413
864,342.74544
870,342.426333666334
876,342.75669
882,342.50975
888,342.79813
894,342.59672
900,342.82755
906,342.6734
912,342.82253
918,342.75218
924,342.81779
930,342.83434
936,342.77012
942,342.86481
948,342.74042
954,342.86033
960,342.68193
966,342.87868
972,342.62984
978,342.89798
984,342.59171
990,342.92005
996,342.5861
1002,342.94251
1008,342.63124
1014,342.95964
1020,342.70401
1026,342.98732
1032,342.78371
1038,343.00073
1044,342.85476
1050,342.98956
1056,342.93799
1062,342.97709
1068,343.0019
1074,342.91818
1080,343.02987012987
1086,342.88386
1092,343.01579
1098,342.82333
1104,343.03973
1110,342.77274
1116,343.06196
1122,342.74295
1128,343.08021
1134,342.74031
1140,343.09442
1146,342.80505
1152,343.1145
1158,342.87649
1164,343.14612
1170,342.95486
1176,343.15866
1182,343.03761
1188,343.16319
1194,343.12015
1200,343.12634
1206,343.17216
1212,343.069180819181
1218,343.18458
1224,343.03439
1230,343.17334
1236,342.97331
1242,343.20835
1248,342.92798
1254,343.23639
1260,342.89735
1266,343.24856
1272,342.91743
1278,343.26812
1284,342.98419
1290,343.29988
1296,343.06007
1302,343.31556
1308,343.15667
1314,343.33596
1320,343.22483
1326,343.32718
1332,343.3067
1338,343.29952
1344,343.36347
1350,343.24018
1356,343.3755
1362,343.21818
1368,343.36938
1374,343.16303
1380,343.39769
1386,343.10985
1392,343.42884
1398,343.08552
1404,343.44211
1410,343.12102
1416,343.45843
1422,343.197952047952
1428,343.50217
1434,343.27277
1440,343.51951
1446,343.36614
1452,343.53051
1458,343.44853
1464,343.53642
1470,343.5391
1476,343.49769
1482,343.58238
1488,343.44244
1494,343.58878
1500,343.41543
1506,343.59966
1512,343.3781
1518,343.63133
1524,343.33435
1530,343.67544
1536,343.33085
1542,343.68831
1548,343.38483
1554,343.708491508491
1560,343.45653
1566,343.75817
1572,343.53237
1578,343.76572
1584,343.64363
1590,343.7827
1596,343.72553
1602,343.7993
1608,343.82316
1614,343.75646
1620,343.84762
1626,343.69976
1632,343.8587
1638,343.68094
1644,343.88527
1650,343.64353
1656,343.91549
1662,343.60234
1668,343.95712
1674,343.61645
1680,343.97584
1686,343.68499
1692,344.00918
1698,343.7663
1704,344.07044
1710,343.85241
1716,344.07342
1722,343.96899
1728,344.08419
1734,344.05607
1740,344.10074
1746,344.14647
1752,344.05322
1758,344.17545
1764,344.00691
1770,344.18709
1776,343.99789
1782,344.22974
1788,343.9691
1794,344.26596
1800,343.93781
1806,344.31251
1812,343.97021
1818,344.33428
1824,344.05404
1830,344.38401
1836,344.15247
1842,344.42705
1848,344.23359
1854,344.44425
1860,344.36116
1866,344.46234
1872,344.45535
1878,344.48791
1884,344.54174
1890,344.44307
1896,344.575104895105
1902,344.39483
1908,344.58984
1914,344.38803
1920,344.63185
1926,344.35709
1932,344.67565
1938,344.34024
1944,344.7193
1950,344.38654
1956,344.75165
1962,344.48388
1968,344.81439
1974,344.58474
1980,344.85866
1986,344.68208
1992,344.87669
1998,344.81543
2004,344.89469
2010,344.89955
2016,344.90216
2022,344.99624
2028,344.881748251748
2034,345.02649
2040,344.84339
2046,345.05936
2052,344.85404
2058,345.09651
2064,344.82139
2070,345.15089
2076,344.80436
2082,345.19436
2088,344.86792
2094,345.22437
2100,344.96599
2106,345.2992
2112,345.07296
2118,345.33232
2124,345.18182
2130,345.35893
2136,345.31038
2142,345.38384
2148,345.41097
2154,345.39194
2160,345.49037962038
2166,345.35961
2172,345.51873
2178,345.31765
2184,345.56337
2190,345.32255
2196,345.59341
2202,345.30756
2208,345.65473
2214,345.30597
2220,345.70852
2226,345.38818
2232,345.73547
2238,345.49274
2244,345.81157
2250,345.58433
2256,345.83956
2262,345.71239
2268,345.86753
2274,345.84018
2280,345.88625
2286,345.9333
2292,345.886753246753
2298,346.01535
2304,345.85674
2310,346.03102
2316,345.81786
2322,346.09017
2328,345.82815
2334,346.1123
2340,345.81202
2346,346.17459
2352,345.81692
2358,346.20831
2364,345.90997
2370,346.24726
2376,346.00738
2382,346.31711
2388,346.10579
2394,346.35335
2400,346.2456
2406,346.36789
2412,346.35695
2418,346.3852
2424,346.442507492507
2430,346.37106
2436,346.52712
2442,346.33627
2448,346.53955
2454,346.30415
2460,346.58635
2466,346.31006
2472,346.61271
2478,346.29187
2484,346.67157
2490,346.30757
2496,346.7091
2502,346.4145
2508,346.75302
2514,346.5136
2520,346.80791
2526,346.61401
2532,346.83601
2538,346.75114
2544,346.85045
2550,346.86961
2556,346.872017982018
2562,346.94355
2568,346.86912
2574,347.01862
2580,346.82573
2586,347.04201
2592,346.78995
2598,347.08122
2604,346.79023
2610,347.10627
2616,346.76532
2622,347.16273
2628,346.80228
2634,347.20837
2640,346.91518
2646,347.243
2652,347.00583
2658,347.29315
2664,347.11133
2670,347.3145
2676,347.2492
2682,347.33011
2688,347.355854145854
2694,347.34031
2700,347.42459
2706,347.31513
2712,347.48657
2718,347.29161
2724,347.52456
2730,347.24535
2736,347.54958
2742,347.25679
2748,347.58395
2754,347.2345
2760,347.62833
2766,347.27323
2772,347.66707
2778,347.38419
2784,347.70718
2790,347.47552
2796,347.74158
2802,347.59112
2808,347.77022
2814,347.72771
2820,347.776713286713
2826,347.82197
2832,347.7813
2838,347.88149
2844,347.75971
2850,347.94158
2856,347.72581
2862,347.98373
2868,347.68356
2874,347.99116
2880,347.68209
2886,348.02809
2892,347.66742
2898,348.07836
2904,347.72748
2910,348.11446
2916,347.83084
2922,348.14343
2928,347.92731
2934,348.16743
2940,348.04517
2946,348.19098
2952,348.167032967033
2958,348.20272
2964,348.26638
2970,348.1826
2976,348.3124
2982,348.15501
2988,348.36013
2994,348.12373
3000,348.40314
3006,348.08945
3012,348.40625
3018,348.08492
3024,348.44431
3030,348.08001
3036,348.48823
3042,348.15045
3048,348.51889
3054,348.23798
3060,348.54171
3066,348.33575
3072,348.56257
3078,348.47269
3084,348.596413586414
3090,348.58294
3096,348.59327
3102,348.66153
3108,348.54043
3114,348.70668
3120,348.52665
3126,348.75243
3132,348.49264
3138,348.77262
3144,348.45541
3150,348.78362
3156,348.43646
3162,348.81833
3168,348.44506
3174,348.85046
3180,348.52947
3186,348.89063
3192,348.60203
3198,348.90268
3204,348.71992
3210,348.92175
3216,348.84494
3222,348.93528
3228,348.9556
3234,348.93909
3240,349.02684
3246,348.87959
3252,349.06378
3258,348.873
3264,349.10424
3270,348.829600399601
3276,349.12349
3282,348.7859
3288,349.12643
3294,348.76676
3300,349.15472
3306,348.78543
3312,349.19453
3318,348.86444
3324,349.21759
3330,348.94477
3336,349.22876
3342,349.07326
3348,349.25691
3354,349.20484
3360,349.26897
3366,349.29255
3372,349.26164
3378,349.35857
3384,349.20419
3390,349.39986
3396,349.17971
3402,349.437592407592
3408,349.14428
3414,349.44642
3420,349.10193
3426,349.46465
3432,349.09579
3438,349.48627
3444,349.12847
3450,349.52382
3456,349.20312
3462,349.5408
3468,349.28386
3474,349.54602
3480,349.41658
3486,349.57929
3492,349.53529
3498,349.58274
3504,349.63367
3510,349.57515
3516,349.68721
3522,349.52509
3528,349.73359
3534,349.49295
3540,349.76126
3546,349.46114
3552,349.76877
3558,349.43082
3564,349.79222
3570,349.40288
3576,349.81082
3582,349.46783
3588,349.853726273726
3594,349.55086
3600,349.87803
3606,349.64081
3612,349.88739
3618,349.77573
3624,349.90162
3630,349.88894
3636,349.91343
3642,349.97284
3648,349.89267
3654,350.01824
3660,349.83827
3666,350.07333
3672,349.81755
3678,350.09119
3684,349.77865
3690,350.09771
3696,349.74643
3702,350.12135
3708,349.73562
3714,350.15675
3720,349.819300699301
3726,350.19082
3732,349.90099
3738,350.20947
3744,349.99719
3750,350.22735
3756,350.14247
3762,350.23407
3768,350.25801
3774,350.26919
3780,350.33089
3786,350.22349
3792,350.37725
3798,350.17598
3804,350.42499
3810,350.1535
3816,350.4276
3822,350.10856
3828,350.43154
3834,350.07924
3840,350.47243
3846,350.07803
3852,350.49745
3858,350.17736
3864,350.54894
3870,350.25932
3876,350.55162
3882,350.36588
3888,350.57214
3894,350.51449
3900,350.5766
3906,350.616063936064
3912,350.59816
3918,350.67392
3924,350.55151
3930,350.73285
3936,350.50867
3942,350.78041
3948,350.48503
3954,350.76884
3960,350.45158
3966,350.77661
3972,350.4092
3978,350.81425
3984,350.42501
3990,350.83749
3996,350.52041
4002,350.88077
4008,350.60126
4014,350.88329
4020,350.71947
4026,350.89784
4032,350.86604
4038,350.90205
4044,350.95452
4050,350.91192
4056,351.00629
4062,350.85683
4068,351.05357
4074,350.81276
4080,351.08697
4086,350.78016
4092,351.078261738262
4098,350.75035
4104,351.0868
4110,350.72086
4116,351.12486
4122,350.74451
4128,351.14391
4134,350.83777
4140,351.17638
4146,350.90811
4152,351.17316
4158,351.03522
4164,351.18406
4170,351.16982
4176,351.18223
4182,351.25367
4188,351.18092
4194,351.29004
4200,351.12853
4206,351.33782
4212,351.07909
4218,351.36291
4224,351.02999
4230,351.34372
4236,351.00978
4242,351.35602
4248,350.96968
4254,351.37574
4260,351.00713
4266,351.39967
4272,351.10214
4278,351.42019
4284,351.19131
4290,351.43062
4296,351.30866
4302,351.43256
4308,351.42648
4314,351.41824
4320,351.50495
4326,351.40264
4332,351.52755
4338,351.33324
4344,351.56505
4350,351.28477
4356,351.57006
4362,351.22422
4368,351.55454
4374,351.20843
4380,351.57369
4386,351.17459
4392,351.58885
4398,351.22522
4404,351.60258
4410,351.31961
4416,351.60616
4422,351.40908
4428,351.61939
4434,351.52426
4440,351.61632
4446,351.63795
4452,351.60853
4458,351.70784
4464,351.57017982018
4470,351.71855
4476,351.51344
4482,351.75342
4488,351.44998
4494,351.74134
4500,351.39468
4506,351.71623
4512,351.37515
4518,351.75355
4524,351.33604
4530,351.74927
4536,351.40004
4542,351.76445
4548,351.48694
4554,351.76839
4560,351.59614
4566,351.78136
4572,351.70767
4578,351.7805
4584,351.8088
4590,351.76234
4596,351.86524
4602,351.71027
4608,351.88273
4614,351.65906
4620,351.91543
4626,351.59842
4632,351.90155
4638,351.54702
4644,351.87241
4650,351.52117
4656,351.91296
4662,351.50652
4668,351.91283
4674,351.56034
4680,351.91484
4686,351.64926
4692,351.9097
4698,351.76536
4704,351.927232767233
4710,351.87373
4716,351.9147
4722,351.96989
4728,351.89496
4734,352.01182
4740,351.84273
4746,352.02898
4752,351.78765
4758,352.05535
4764,351.72637
4770,352.02749
4776,351.67493
4782,352.01455
4788,351.65162
4794,352.05551
4800,351.66634
4806,352.06503
4812,351.71609
4818,352.06212
4824,351.81939
4830,352.04348
4836,351.92996
4842,352.06613
4848,352.04186
4854,352.04973
4860,352.12372
4866,352.0289
4872,352.15335
4878,351.96815
4884,352.17416
4890,351.919000999001
4896,352.1864
4902,351.85368
4908,352.16991
4914,351.80989
4920,352.15526
4926,351.78712
4932,352.1928
4938,351.80473
4944,352.20389
4950,351.86574
4956,352.20826
4962,351.9719
4968,352.1912
4974,352.09866
4980,352.20512
4986,352.19702
4992,352.19082
4998,352.26969
5004,352.15293
5010,352.29079
5016,352.08514
5022,352.31394
5028,352.03232
5034,352.31221
5040,351.97091
5046,352.28593
5052,351.92852
5058,352.29077
5064,351.90001
5070,352.32131
5076,351.945524475524
5082,352.31816
5088,352.00635
5094,352.31828
5100,352.11556
5106,352.30429
5112,352.23007
5118,352.31156
5124,352.31762
5130,352.299510489511
5136,352.38601
5142,352.24332
5148,352.40938
5154,352.18411
5160,352.42523
5166,352.13173
5172,352.4072
5178,352.06262
5184,352.38363
5190,352.0124
5196,352.38288
5202,351.99002
5208,352.40624
5214,352.04174
5220,352.40942
5226,352.10725
5232,352.40264
5238,352.23004
5244,352.39952
5250,352.33879
5256,352.3933
5262,352.42323
5268,352.38335
5274,352.472
5280,352.30958
5286,352.48871
5292,352.24498
5298,352.49917
5304,352.19139
5310,352.48111
5316,352.138421578422
5322,352.45865
5328,352.09002
5334,352.45828
5340,352.08055
5346,352.48444
5352,352.13141
5358,352.47765
5364,352.19124
5370,352.46841
5376,352.31016
5382,352.45584
5388,352.41976
5394,352.4493
5400,352.48951
5406,352.42631
5412,352.53578
5418,352.35783
5424,352.55289
5430,352.29661
5436,352.55464
5442,352.2441
5448,352.5253
5454,352.175
5460,352.50371
5466,352.12298
5472,352.50712
5478,352.137
5484,352.53743
5490,352.19595
5496,352.52904
5502,352.25667
5508,352.5159
5514,352.37925
5520,352.49434
5526,352.4806
5532,352.48773
5538,352.54089
5544,352.45264
5550,352.57912
5556,352.38014985015
5562,352.58781
5568,352.31365
5574,352.58179
5580,352.26343
5586,352.55412
5592,352.19242
5598,352.53832
5604,352.14681
5610,352.532207792208
5616,352.18076
5622,352.56805
5628,352.23316
5634,352.54659
5640,352.3073
5646,352.5407
5652,352.42492
5658,352.52366
5664,352.53308
5670,352.51564
5676,352.58044
5682,352.47057
5688,352.60679
5694,352.39393
5700,352.62268
5706,352.32383
5712,352.59741
5718,352.27116
5724,352.571
5730,352.20317
5736,352.56113
5742,352.16611
5748,352.55775
5754,352.20816
5760,352.59
5766,352.26885
5772,352.56424
5778,352.35085
5784,352.55976
5790,352.4699
5796,352.542527472528
5802,352.56274
5808,352.52955
5814,352.60354
5820,352.47767
5826,352.63407
5832,352.3987
5838,352.64819
5844,352.33578
5850,352.618191808192
5856,352.29069
5862,352.58891
5868,352.21267
5874,352.58165
5880,352.18211
5886,352.58401
5892,352.23878
5898,352.61123
5904,352.2956
5910,352.58555
5916,352.38886
5922,352.57927
5928,352.51068
5934,352.55905
5940,352.59905
5946,352.55198
5952,352.6349
5958,352.47941
5964,352.65728
5970,352.41405
5976,352.66489
5982,352.34837
5988,352.63218
5994,352.30495
6000,352.60697
6006,352.23441
6012,352.61362
6018,352.21443
6024,352.61147
6030,352.28001
6036,352.63247
6042,352.33019
6048,352.60194
6054,352.43449
6060,352.59314
6066,352.55082
6072,352.56388
6078,352.62656
6084,352.56143
6090,352.656813186813
6096,352.47696
6102,352.67854
6108,352.41836
6114,352.67888
6120,352.36308
6126,352.64529
6132,352.3024
6138,352.62493
6144,352.246453546454
6150,352.62506
6156,352.23449
6162,352.63483
6168,352.31488
6174,352.64958
6180,352.37259
6186,352.62948
6192,352.48247
6198,352.61497
6204,352.59657
6210,352.57725
6216,352.65619
6222,352.56626
6228,352.68249
6234,352.48691
6240,352.69534
6246,352.41805
6252,352.69048
6258,352.3702
6264,352.65035
6270,352.31103
6276,352.64237
6282,352.25491
6288,352.65073
6294,352.26499
6300,352.65953
6306,352.34731
6312,352.65488
6318,352.41249
6324,352.64323
6330,352.51912
6336,352.62973
6342,352.63199
6348,352.59588
6354,352.69515
6360,352.58811
6366,352.7052
6372,352.50095
6378,352.72082
6384,352.42947
6390,352.70536
6396,352.37481
6402,352.66478
6408,352.31098
6414,352.66282
6420,352.27101
6426,352.66266
6432,352.29856
6438,352.674435564435
6444,352.37297
6450,352.66461
6456,352.44918
6462,352.65943
6468,352.56205
6474,352.64436
6480,352.66664
6486,352.61688
6492,352.71124
6498,352.58139
6504,352.72602
6510,352.51384
6516,352.74919
6522,352.4444
6528,352.72998
6534,352.38834
6540,352.68309
6546,352.33043
6552,352.69103
6558,352.28186
6564,352.6863
6570,352.33796
6576,352.69105
6582,352.40435
6588,352.68556
6594,352.48846
6600,352.67634
6606,352.60661
6612,352.65751
6618,352.69525
6624,352.64276
6630,352.73502
6636,352.58617
6642,352.77063
6648,352.51698
6654,352.76396
6660,352.44476
6666,352.73944
6672,352.40112
6678,352.69117
6684,352.34237
6690,352.70994
6696,352.31097
6702,352.7209
6708,352.38165
6714,352.71253
6720,352.44261
6726,352.7089
6732,352.53020979021
6738,352.69891
6744,352.64259
6750,352.67251
6756,352.72939
6762,352.65519
6768,352.75662
6774,352.59182
6780,352.79203
6786,352.523526473526
6792,352.77921
6798,352.44175
6804,352.75353
6810,352.41497
6816,352.71743
6822,352.35378
6828,352.73426
6834,352.34843
6840,352.7442
6846,352.40504
6852,352.73407
6858,352.48586
6864,352.72786
6870,352.5825
6876,352.72859
6882,352.69099
6888,352.70084
6894,352.76724
6900,352.66352
6906,352.78374
6912,352.59763
6918,352.81247
6924,352.52804
6930,352.79727
6936,352.45712
6942,352.75673
6948,352.41306
6954,352.7516
6960,352.36789
6966,352.75339
6972,352.36935
6978,352.76924
6984,352.44133
6990,352.74697
6996,352.52993
7002,352.75356
7008,352.62371
7014,352.73897
7020,352.74068
7026,352.71677
7032,352.79209
7038,352.68379
7044,352.81301
7050,352.62685
7056,352.83036
7062,352.54529
7068,352.8157
7074,352.48133
7080,352.77639
7086,352.42702
7092,352.79182
7098,352.37714
7104,352.76804
7110,352.39236
7116,352.78565
7122,352.47711
7128,352.76522
7134,352.561398601399
7140,352.76774
7146,352.65986
7152,352.75342
7158,352.76939
7164,352.73367
7170,352.82876
7176,352.69099
7182,352.83313
7188,352.62242
7194,352.8501
7200,352.54382
7206,352.82899
7212,352.48351
7218,352.79437
7224,352.45374
7230,352.8097
7236,352.39234
7242,352.79411
7248,352.43044
7254,352.80197
7260,352.50798
7266,352.797
7272,352.60621
7278,352.78784
7284,352.70503
7290,352.77424
7296,352.8069
7302,352.74504
7308,352.84919
7314,352.69583
7320,352.858
7326,352.63501
7332,352.87555
7338,352.56389
7344,352.84441
7350,352.49716
7356,352.81512
7362,352.45521
7368,352.82003
7374,352.4258
7380,352.82852
7386,352.47881
7392,352.8294
7398,352.55944
7404,352.83266
7410,352.65299
7416,352.80989
7422,352.75952
7428,352.79956
7434,352.84634
7440,352.76816
7446,352.87857
7452,352.70145
7458,352.89078
7464,352.63991
7470,352.89154
7476,352.57039
7482,352.864665334665
7488,352.52474
7494,352.83377
7500,352.47929
7506,352.84856
7512,352.45257
7518,352.86111
7524,352.51577
7530,352.849
7536,352.593336663336
7542,352.85549
7548,352.69516
7554,352.8394
7560,352.81205
7566,352.82376
7572,352.88638
7578,352.78197
7584,352.90991
7590,352.72017
7596,352.91818
7602,352.66285
7608,352.91961
7614,352.58407
7620,352.88382
7626,352.53711
7632,352.85991
7638,352.48279
7644,352.87358
7650,352.49404
7656,352.88719
7662,352.55187
7668,352.8732
7674,352.64422
7680,352.87147
7686,352.74705
7692,352.86557
7698,352.85863
7704,352.84023
7710,352.92287
7716,352.7899
7722,352.94233
7728,352.73912
7734,352.95266
7740,352.68838
7746,352.94803
7752,352.60851
7758,352.91481
7764,352.56532
7770,352.89564
7776,352.51444
7782,352.90339
7788,352.53022
7794,352.9184
7800,352.60667
7806,352.89852
7812,352.69427
7818,352.8952
7824,352.78817
7830,352.89223
7836,352.90223
7842,352.8579
7848,352.95794
7854,352.82291
7860,352.96559
7866,352.76056
7872,353.00682
7878,352.68907
7884,352.96312
7890,352.61045
7896,352.93947
7902,352.58369
7908,352.92444
7914,352.54455
7920,352.93941
7926,352.58056
7932,352.94545
7938,352.651418581418
7944,352.92269
7950,352.74364
7956,352.92689
7962,352.83957
7968,352.91539
7974,352.93352
7980,352.88242
7986,352.98985
7992,352.828571428571
7998,353.00096
8004,352.77327
8010,353.0191
8016,352.70168
8022,352.99082
8028,352.63628
8034,352.95449
8040,352.60004
8046,352.963476523476
8052,352.57197
8058,352.96619
8064,352.62059
8070,352.9748
8076,352.69578
8082,352.95212
8088,352.80212
8094,352.96185
8100,352.89147
8106,352.94724
8112,352.98678
8118,352.92233
8124,353.02211
8130,352.8385
8136,353.03169
8142,352.78839
8148,353.04063
8154,352.713
8160,353.0137
8166,352.65754
8172,352.96889
8178,352.61575
8184,353.00544
8190,352.60291
8196,352.99789
8202,352.64328
8208,353.00067
8214,352.73569
8220,352.97165
8226,352.84356
8232,352.97903
8238,352.94297
8244,352.96579
8250,353.02946
8256,352.92884
8262,353.06323
8268,352.86887
8274,353.06337
8280,352.81083
8286,353.06481
8292,352.73155
8298,353.03225
8304,352.66945
8310,353.00906
8316,352.63327
8322,353.02072
8328,352.63337
8334,353.03237
8340,352.69711
8346,353.01681
8352,352.78669
8358,353.01272
8364,352.89475
8370,353.00928
8376,353.00157
8382,352.98735
8388,353.06527
8394,352.95065
8400,353.08793
8406,352.87534
8412,353.09101
8418,352.82403
8424,353.08924
8430,352.75234
8436,353.06619
8442,352.70269
8448,353.03521
8454,352.66348
8460,353.04705
8466,352.67131
8472,353.05594
8478,352.73218
8484,353.04106
8490,352.82978
8496,353.04028
8502,352.92893
8508,353.03158
8514,353.04076
8520,353.00637
8526,353.0995
8532,352.95284
8538,353.11707
8544,352.90501
8550,353.12974
8556,352.841258741259
8562,353.11241
8568,352.77489
8574,353.08164
8580,352.72695
8586,353.06302
8592,352.68306
8598,353.08137
8604,352.72323
8610,353.095634365634
8616,352.78908
8622,353.07647
8628,352.88616
8634,353.06306
8640,352.98255
8646,353.06092
8652,353.08188
8658,353.03194
8664,353.126693306693
8670,352.97631
8676,353.1395
8682,352.91491
8688,353.17148
8694,352.84836
8700,353.1381
8706,352.77378
8712,353.10453
8718,352.748091908092
8724,353.09635
8730,352.70885
8736,353.10765
8742,352.75558
8748,353.11754
8754,352.83321
8760,353.09328
8766,352.93479
8772,353.096293706294
8778,353.03165
8784,353.09089
8790,353.12387
8796,353.05879
8802,353.16952
8808,352.98131
8814,353.17397
8820,352.92716
8826,353.192967032967
8832,352.85287
8838,353.15104
8844,352.79648
8850,353.12029
8856,352.75363
8862,353.13938
8868,352.74397
8874,353.1408
8880,352.794854854855
8886,353.13778
8892,352.87711
8898,353.13298
8904,352.99102
8910,353.12911
8916,353.09089
8922,353.11622
8928,353.17801
8934,353.08666
8940,353.20753
8946,353.01739
8952,353.22015
8958,352.97517
8964,353.22518
8970,352.88531
8976,353.19515
8982,352.83144
8988,353.15991
8994,352.79839
9000,353.18326
9006,352.78251
9012,353.18857
9018,352.84104
9024,353.16993
9030,352.9419
9036,353.16394
9042,353.04867
9048,353.1622
9054,353.15353
9060,353.15234
9066,353.22644
9072,353.11564
9078,353.24798
9084,353.04251
9090,353.25299
9096,352.98623
9102,353.25096
9108,352.91337
9114,353.21904
9120,352.86545
9126,353.20367
9132,352.83347
9138,353.21155
9144,352.83171
9150,353.22548
9156,352.89682
9162,353.20312
9168,352.99785
9174,353.20908
9180,353.09509
9186,353.19392
9192,353.20818
9198,353.17324
9204,353.26503
9210,353.12177
9216,353.28848
9222,353.06625
9228,353.29005
9234,353.00391
9240,353.27985
9246,352.94068
9252,353.24846
9258,352.89472
9264,353.22968
9270,352.84856
9276,353.24297
9282,352.88929
9288,353.26146
9294,352.9509
9300,353.24632
9306,353.06588
9312,353.23705
9318,353.15754
9324,353.2347
9330,353.25725
9336,353.2021
9342,353.30411
9348,353.14946
9354,353.31517
9360,353.0902
9366,353.34582
9372,353.02439
9378,353.30753
9384,352.95166
9390,353.27283
9396,352.92252
9402,353.27221
9408,352.88583
9414,353.28358
9420,352.9386
9426,353.29406
9432,353.01273
9438,353.27588
9444,353.11638
9450,353.27899
9456,353.21636
9462,353.27193
9468,353.31024
9474,353.24254
9480,353.35572
9486,353.16817
9492,353.36117
9498,353.12088
9504,353.37988
9510,353.04805
9516,353.34162
9522,352.98811
9528,353.30555
9534,352.94543
9540,353.33016
9546,352.92859
9552,353.32125
9558,352.97127
9564,353.32234
9570,353.05725
9576,353.30512
9582,353.16642
9588,353.30778
9594,353.26947
9600,353.29631
9606,353.35104
9612,353.26277
9618,353.38252
9624,353.19559
9630,353.39073
9636,353.14432
9642,353.3949
9648,353.06596
9654,353.37272
9660,353.00196
9666,353.3391
9672,352.96942
9678,353.3527
9684,352.95832
9690,353.36052
9696,353.01988
9702,353.34822
9708,353.1075
9714,353.34745
9720,353.21887
9726,353.33416
9732,353.32899
9738,353.32238
9744,353.39918
9750,353.28701
9756,353.42763
9762,353.22712
9768,353.43364
9774,353.1649
9780,353.42894
9786,353.09553
9792,353.39935
9798,353.04536
9804,353.37272
9810,353.00706
9816,353.39045
9822,353.02037
9828,353.40641
9834,353.07747
9840,353.38811
9846,353.18079
9852,353.38594
9858,353.27789
9864,353.38215
9870,353.39566
9876,353.35012987013
9882,353.45428
9888,353.30613
9894,353.47043
9900,353.25195
9906,353.49501
9912,353.1979
9918,353.46616
9924,353.12256
9930,353.438881118881
9936,353.08034
9942,353.41905
9948,353.03719
9954,353.43649
9960,353.07307
9966,353.44776
9972,353.14356
9978,353.42969
9984,353.251628371628
9990,353.43278
9996,353.34279
10002,353.43015
10008,353.44564
10014,353.39854
10020,353.50247
10026,353.3494
10032,353.51148
10038,353.289020979021
10044,353.5465
10050,353.2214
10056,353.50625
10062,353.14826
10068,353.47312
10074,353.11982
10080,353.48234
10086,353.08602
10092,353.482317682318
10098,353.12917
10104,353.49327
10110,353.21362
10116,353.48162
10122,353.31257
10128,353.48023
10134,353.41374
10140,353.46379
10146,353.516473526474
10152,353.44769
10158,353.55835
10164,353.38324
10170,353.56881
10176,353.34494
10182,353.58078
10188,353.25681
10194,353.55736
10200,353.200859140859
10206,353.5193
10212,353.15858
10218,353.54312
10224,353.13633
10230,353.53795
10236,353.18598
10242,353.53967
10248,353.27698
10254,353.528831168831
10260,353.3894
10266,353.53305
10272,353.49228
10278,353.52697
10284,353.58736
10290,353.49438
10296,353.61517
10302,353.4294
10308,353.622207792208
10314,353.37322
10320,353.63374
10326,353.29619
10332,353.60023
10338,353.25497
10344,353.56704
10350,353.22511
10356,353.59356
10362,353.197552447552
10368,353.60003
10374,353.26101
10380,353.5913
10386,353.35247
10392,353.5936
10398,353.45067
10404,353.58109
10410,353.57279
10416,353.558861138861
10422,353.64795
10428,353.5294
10434,353.66825
10440,353.47584
10446,353.69092
10452,353.41809
10458,353.68067
10464,353.35064
10470,353.657562437562
10476,353.30593
10482,353.62814
10488,353.25905
10494,353.64383
10500,353.26865
10506,353.66557
10512,353.34817
10518,353.64768
10524,353.449310689311
10530,353.65093
10536,353.53375
10542,353.63954
10548,353.64776
10554,353.61497
10560,353.71124
10566,353.58491
10572,353.72824
10578,353.514215784216
10584,353.76874
10590,353.4488
10596,353.73379
10602,353.38579
10608,353.70264
10614,353.3525
10620,353.70325
10626,353.31068
10632,353.705834165834
10638,353.34572
10644,353.72732
10650,353.42203
10656,353.70484
10662,353.51468
10668,353.70872
10674,353.61919
10680,353.70646
10686,353.7403996004
10692,353.68385
10698,353.79625
10704,353.64576
10710,353.80279
10716,353.58318
10722,353.82013
10728,353.50874
10734,353.79975
10740,353.44274
10746,353.76659
10752,353.41368
10758,353.78511
10764,353.37306
10770,353.77829
10776,353.42538
10782,353.78905
10788,353.50373
10794,353.785384615385
10800,353.61394
10806,353.78374
10812,353.72647
10818,353.7772
10824,353.82697
10830,353.75852
10836,353.87441
10842,353.70837
10848,353.884395604396
10854,353.64606
10860,353.9027
10866,353.57757
10872,353.88045
10878,353.53975
10884,353.84329
10890,353.49131
10896,353.86076
10902,353.459250749251
10908,353.86485
10914,353.52295
10920,353.87237
10926,353.61443
10932,353.875
10938,353.72128
10944,353.87292
10950,353.84156
10956,353.85946053946
10962,353.92384
10968,353.83783
10974,353.96811
10980,353.7867
10986,353.9951
10992,353.73258
10998,353.99386
11004,353.66309
11010,353.96791
11016,353.62279
11022,353.93051
11028,353.57513
11034,353.96107
11040,353.56967
11046,353.9812
11052,353.65261
11058,353.96695
11064,353.737132867133
11070,353.97491
11076,353.83996
11082,353.96873
11088,353.95522
11094,353.94874
11100,354.04491
11106,353.92938
11112,354.07277
11118,353.876063936064
11124,354.11723
11130,353.81645
11136,354.09238
11142,353.75531
11148,354.06652
11154,353.7282
11160,354.064
11166,353.68403
11172,354.075104895105
11178,353.69055
11184,354.10104
11190,353.78199
11196,354.0906
11202,353.8812
11208,354.10158
11214,353.98981
11220,354.1062
11226,354.121268731269
11232,354.08068
11238,354.18523
11244,354.06715
11250,354.2064
11256,353.99795
11262,354.2391
11268,353.92556
11274,354.21697
11280,353.871398601399
11286,354.19154
11292,353.8351
11298,354.19437
11304,353.79742
11310,354.19876
11316,353.83857
11322,354.22409
11328,353.92292
11334,354.239350649351
11340,354.03143
11346,354.22299
11352,354.14681
11358,354.22559
11364,354.26246
11370,354.21228
11376,354.33098
11382,354.18887
11388,354.349060939061
11394,354.13317
11400,354.37508
11406,354.06918
11412,354.35644
11418,354.02543
11424,354.33068
11430,353.97892
11436,354.34206
11442,353.93977
11448,354.35224
11454,354.0037
11460,354.37604
11466,354.09497
11472,354.37911
11478,354.20698
11484,354.38751
11490,354.33754
11496,354.385084915085
11502,354.44987
11508,354.38678
11514,354.49697
11520,354.33631
11526,354.54585
11532,354.28297
11538,354.54283
11544,354.22218
11550,354.536043956044
11556,354.20061
11562,354.50983
11568,354.17237
11574,354.54458
11580,354.1579
11586,354.56075
11592,354.23341
11598,354.57088
11604,354.324325674326
11610,354.58904
11616,354.4394
11622,354.59464
11628,354.57697
11634,354.59971
11640,354.67802
11646,354.59447
11652,354.72908
11658,354.54983016983
11664,354.77081
11670,354.50157
11676,354.7758
11682,354.45569
11688,354.75949
11694,354.42764
11700,354.7736
11706,354.38816
11712,354.780599400599
11718,354.38249
11724,354.81409
11730,354.49829
11736,354.82358
11742,354.60744
11748,354.85373
11754,354.72413
11760,354.86347
11766,354.86391
11772,354.85251
11778,354.95631
11784,354.85831
11790,354.99815
11796,354.80078
11802,355.04843
11808,354.76287
11814,355.04575
11820,354.723086913087
11826,355.03556
11832,354.69698
11838,355.04
11844,354.6694
11850,355.07189
11856,354.70646
11862,355.10786
11868,354.80744
11874,355.13342
11880,354.92204
11886,355.14775
11892,355.05277
11898,355.16491
11904,355.20367
11910,355.15962
11916,355.29218
11922,355.18321
11928,355.34174
11934,355.12132
11940,355.37251
11946,355.07903
11952,355.36933
11958,355.06128
11964,355.36483
11970,355.02803
11976,355.38138
11982,355.00605
11988,355.41373
11994,355.07678
12000,355.44929
12006,355.16055
12012,355.47861
12018,355.29726
12024,355.50121
12030,355.43299
12036,355.51273
12042,355.57925
12048,355.5173
12054,355.65254
12060,355.51382
12066,355.70779
12072,355.4687
12078,355.72994
12084,355.44259
12090,355.72825
12096,355.43355
12102,355.74131
12108,355.39688
12114,355.74955
12120,355.37375
12126,355.78142
12132,355.46598
12138,355.81615
12144,355.54761
12150,355.83707
12156,355.68041
12162,355.86471
12168,355.83044
12174,355.87118
12180,355.95749
12186,355.89705
12192,356.02259
12198,355.85964
12204,356.07235
12210,355.82339
12216,356.08461
12222,355.79402
12228,356.08318
12234,355.76591
12240,356.07786
12246,355.74046
12252,356.09429
12258,355.73745
12264,356.12064
12270,355.83725
12276,356.17848
12282,355.91633
12288,356.17957
12294,356.03991
12300,356.18916
12306,356.18665
12312,356.18688
12318,356.29568
12324,356.20992
12330,356.34956
12336,356.15197
12342,356.39241
12348,356.1289
12354,356.38957
12360,356.10178
12366,356.37578
12372,356.06077
12378,356.36865
12384,356.0366
12390,356.39085
12396,356.04601
12402,356.41345
12408,356.12409
12414,356.43915
12420,356.20964
12426,356.44886
12432,356.33376
12438,356.44353
12444,356.4762
12450,356.46249
12456,356.5573
12462,356.44437
12468,356.61478
12474,356.37035
12480,356.61672
12486,356.33315
12492,356.59858
12498,356.30296
12504,356.58039
12510,356.25811
12516,356.55895
12522,356.21807
12528,356.58287
12534,356.24724
12540,356.60339
12546,356.31685
12552,356.61132
12558,356.40144
12564,356.61467
12570,356.53333
12576,356.60425
12582,356.64258
12588,356.59594
12594,356.71144
12600,356.58582
12606,356.74706
12612,356.49802
12618,356.74794
12624,356.46683
12630,356.71755
12636,356.41965
12642,356.70896
12648,356.36335
12654,356.67561
12660,356.31766
12666,356.67693
12672,356.35492
12678,356.71219
12684,356.42118
12690,356.70124
12696,356.50291
12702,356.69081
12708,356.63849
12714,356.68149
12720,356.73948
12726,356.67457
12732,356.78699
12738,356.6286
12744,356.8147
12750,356.55333
12756,356.80536
12762,356.52661
12768,356.76576
12774,356.47017
12780,356.74667
12786,356.40472
12792,356.73335
12798,356.36083
12804,356.72917
12810,356.41648
12816,356.74647
12822,356.47002
12828,356.73287
12834,356.56687
12840,356.72136
12846,356.67888
12852,356.71315
12858,356.77315
12864,356.69166
12870,356.83031
12876,356.63095
12882,356.84182
12888,356.56115
12894,356.81626
12900,356.53108
12906,356.7806
12912,356.46684
12918,356.75157
12924,356.39934
12930,356.73649
12936,356.38349
12942,356.73275
12948,356.43599
12954,356.75464
12960,356.49398
12966,356.74284
12972,356.59575
12978,356.72428
12984,356.70272
12990,356.70161
12996,356.78747
13002,356.69029
13008,356.82829
13014,356.60871
13020,356.83006
13026,356.55895
13032,356.79937
13038,356.51214
13044,356.7869
13050,356.44417
13056,356.73921
13062,356.37784
13068,356.73829
13074,356.3883
13080,356.7451
13086,356.45197
13092,356.74743
13098,356.51128
13104,356.73521
13110,356.61688
13116,356.71594
13122,356.72563
13128,356.71431
13134,356.79773
13140,356.69923
13146,356.83409
13152,356.59853
13158,356.82782
13164,356.55822
13170,356.79475
13176,356.49885
13182,356.76776
13188,356.42538
13194,356.72981
13200,356.38502
13206,356.7312
13212,356.3954
13218,356.76521
13224,356.43969
13230,356.74276
13236,356.52114
13242,356.72954
13248,356.64077
13254,356.70902
13260,356.75018
13266,356.70446
13272,356.80948
13278,356.66999
13284,356.8349
13290,356.57804
13296,356.82365
13302,356.55954
13308,356.78271
13314,356.50263
13320,356.7662
13326,356.42713
13332,356.7387
13338,356.38659
13344,356.72742
13350,356.40673
13356,356.75442
13362,356.44878
13368,356.73864
13374,356.54024
13380,356.7167
13386,356.6635
13392,356.71617
13398,356.75734
13404,356.69928
13410,356.82646
13416,356.65166
13422,356.83694
13428,356.56689
13434,356.82295
13440,356.54921
13446,356.79137
13452,356.48083
13458,356.76128
13464,356.41917
13470,356.74112
13476,356.38704
13482,356.73077
13488,356.43668
13494,356.75713
13500,356.47613
13506,356.74601
13512,356.57959
13518,356.7223
13524,356.68953
13530,356.71767
13536,356.77646
13542,356.69637
13548,356.82243
13554,356.62808
13560,356.83951
13566,356.56683
13572,356.81543
13578,356.53286
13584,356.79683
13590,356.46532
13596,356.75464
13602,356.41096
13608,356.73526
13614,356.38621
13620,356.7558
13626,356.42893
13632,356.76329
13638,356.48878
13644,356.75077
13650,356.60773
13656,356.72984
13662,356.71991
13668,356.72377
13674,356.79904
13680,356.6975
13686,356.84139
13692,356.61477
13698,356.84789
13704,356.57996
13710,356.81404
13716,356.53362
13722,356.79939
13728,356.46542
13734,356.76021
13740,356.41153
13746,356.76321
13752,356.4151
13758,356.77387
13764,356.46156
13770,356.77374
13776,356.52855
13782,356.75883
13788,356.65148
13794,356.75261
13800,356.74266
13806,356.7371
13812,356.83236
13818,356.71747
13824,356.8627
13830,356.62278
13836,356.86664
13842,356.60901
13848,356.82988
13854,356.53492
13860,356.80572
13866,356.47325
13872,356.76948
13878,356.42928
13884,356.76324
13890,356.42445
13896,356.78767
13902,356.4809
13908,356.77892
13914,356.56111
13920,356.7675
13926,356.6744
13932,356.75467
13938,356.77539
13944,356.74941
13950,356.85093
13956,356.71099
13962,356.87735
13968,356.62404
13974,356.86455
13980,356.60099
13986,356.85067
13992,356.53945
13998,356.81285
14004,356.46283
14010,356.7829
14016,356.44494
14022,356.77782
14028,356.4576
14034,356.79995
14040,356.50159
14046,356.79083
14052,356.60105
14058,356.77017
14064,356.70345
14070,356.76626
14076,356.806
14082,356.7497
14088,356.86053
14094,356.69841
14100,356.87937
14106,356.62393
14112,356.86669
14118,356.59757
14124,356.84316
14130,356.52744
14136,356.80755
14142,356.46522
14148,356.7778
14154,356.43087
14160,356.79912
14166,356.45943
14172,356.80327
14178,356.50706
14184,356.79329
14190,356.63988
14196,356.76932
14202,356.7377
14208,356.77347
14214,356.82549
14220,356.75095
14226,356.87824
14232,356.68193
14238,356.89475
14244,356.63626
14250,356.86026
14256,356.58622
14262,356.8468
14268,356.5265
14274,356.81091
14280,356.47848
14286,356.79546
14292,356.44782
14298,356.80044
14304,356.48209
14310,356.81182
14316,356.54335
14322,356.79891
14328,356.65356
14334,356.79464
14340,356.76075
14346,356.78117
14352,356.85865
14358,356.75699
14364,356.90004
14370,356.66658
14376,356.90349
14382,356.64167
14388,356.87484
14394,356.58801
14400,356.84743
14406,356.51425
14412,356.81301
14418,356.47757
14424,356.79821
14430,356.45833
14436,356.81751
14442,356.50299
14448,356.82644
14454,356.58357
14460,356.809
14466,356.68975
14472,356.79959
14478,356.78609
14484,356.78936
14490,356.87844
14496,356.76098
14502,356.91514
14508,356.67499
14514,356.90406
14520,356.64493
14526,356.89809
14532,356.59528
14538,356.86194
14544,356.51268
14550,356.81591
14556,356.48413
14562,356.82659
14568,356.48498
14574,356.83755
14580,356.52655
14586,356.83308
14592,356.61431
14598,356.81481
14604,356.72049
14610,356.81393
14616,356.82152
14622,356.79555
14628,356.90636
14634,356.76294
14640,356.93128
14646,356.68773
14652,356.91525
14658,356.66069
14664,356.88925
14670,356.57938
14676,356.85744
14682,356.51678
14688,356.82489
14694,356.49685
14700,356.83949
14706,356.50583
14712,356.85353
14718,356.55311
14724,356.83437
14730,356.646
14736,356.83062
14742,356.75382
14748,356.81976
14754,356.85483
14760,356.79677
14766,356.91908
14772,356.75169
14778,356.93755
14784,356.68244
14790,356.91866
14796,356.64263
14802,356.89356
14808,356.57838
14814,356.86172
14820,356.5337
14826,356.83059
14832,356.48961
14838,356.84668
14844,356.51955044955
14850,356.86534
14856,356.57223
14862,356.84704
14868,356.6836
14874,356.83329
14880,356.78622
14886,356.83574
14892,356.89393
14898,356.804705294705
14904,356.93519
14910,356.74138
14916,356.9422
14922,356.68889
14928,356.93943
14934,356.64543
14940,356.89928
14946,356.57198
14952,356.871068931069
14958,356.53431
14964,356.84799
14970,356.49465
14976,356.85688
14982,356.54022
14988,356.86946
14994,356.61214
15000,356.85108
15006,356.717392607393
15012,356.85265
15018,356.81513
15024,356.84019
15030,356.91417
15036,356.81253
15042,356.95246
15048,356.7393
15054,356.95903
15060,356.716793206793
15066,356.93973
15072,356.64588
15078,356.90768
15084,356.58226
15090,356.86947
15096,356.54495
15102,356.87996
15108,356.50638
15114,356.873086913087
15120,356.5519
15126,356.87746
15132,356.63987
15138,356.85746
15144,356.74408
15150,356.86469
15156,356.84964
15162,356.8503
15168,356.94321
15174,356.8207
15180,356.97488
15186,356.75099
15192,356.96673
15198,356.70864
15204,356.94825
15210,356.65316
15216,356.91209
15222,356.592067932068
15228,356.88365
15234,356.55787
15240,356.88764
15246,356.5336
15252,356.8983
15258,356.58886
15264,356.8902
15270,356.67529
15276,356.895354645355
15282,356.76416
15288,356.87373
15294,356.88647
15300,356.85045
15306,356.96375
15312,356.80873
15318,356.98699
15324,356.7506
15330,356.982017982018
15336,356.71793
15342,356.96003
15348,356.65227
15354,356.93072
15360,356.6035
15366,356.88751
15372,356.551
15378,356.90271
15384,356.561758241758
15390,356.91984
15396,356.63075
15402,356.90334
15408,356.72144
15414,356.90058
15420,356.80897
15426,356.89324
15432,356.92079
15438,356.84999000999
15444,356.9843
15450,356.8258
15456,356.99566
15462,356.75157
15468,357.00706
15474,356.7147
15480,356.96467
15486,356.63701
15492,356.92883
15498,356.60236
15504,356.90714
15510,356.55654
15516,356.91419
15522,356.58735
15528,356.9362
15534,356.65927
15540,356.90867
15546,356.74389
15552,356.91053
15558,356.84219
15564,356.89393
15570,356.95965
15576,356.86501
15582,357.00984
15588,356.82965
15594,357.01345
15600,356.76832
15606,357.00236
15612,356.70631
15618,356.97281
15624,356.64575
15630,356.93183
15636,356.60245
15642,356.92995
15648,356.55834
15654,356.91855
15660,356.60193
15666,356.93607
15672,356.67895
15678,356.93334
15684,356.7794
15690,356.92052
15696,356.88275
15702,356.90867
15708,356.98736
15714,356.88158
15720,357.02608
15726,356.82791
15732,357.02547
15738,356.77278
15744,357.01088
15750,356.72045
15756,356.98854
15762,356.66451
15768,356.93757
15774,356.61057
15780,356.93957
15786,356.57705
15792,356.9463
15798,356.62605
15804,356.94345
15810,356.70215
15816,356.94052
15822,356.80554
15828,356.93235
15834,356.91759
15840,356.90984
15846,357.00537
15852,356.88381
15858,357.0382
15864,356.82321
15870,357.04434
15876,356.78347
15882,357.01745
15888,356.7162
15894,356.98768
15900,356.66926
15906,356.94634
15912,356.61888
15918,356.95789
15924,356.61038
15930,356.97255
15936,356.67496
15942,356.96063
15948,356.74975
15954,356.95675
15960,356.84122
15966,356.94757
15972,356.9499
15978,356.91338
15984,357.03217
15990,356.89
15996,357.05575
16002,356.82358
16008,357.06196
16014,356.78577
16020,357.024
16026,356.71798
16032,356.9893
16038,356.67478
16044,356.97626
16050,356.61965
16056,356.97046
16062,356.61777
16068,356.98413
16074,356.69867
16080,356.96687
16086,356.77855
16092,356.96933
16098,356.87675
16104,356.96059
16110,356.99549
16116,356.92923
16122,357.05727
16128,356.9041
16134,357.06713
16140,356.8223
16146,357.06512
16152,356.78334
16158,357.03265
16164,356.71924
16170,356.99932
16176,356.67254
16182,356.98277
16188,356.61738
16194,356.98333
16200,356.6532
16206,356.99395
16212,356.73343
16218,357.00428
16224,356.80837
16230,356.98413
16236,356.91394
16242,356.96453
16248,357.02859
16254,356.93123
16260,357.07915
16266,356.90058
16272,357.07925
16278,356.84463
16284,357.07805
16290,356.78998
16296,357.042
16302,356.73832
16308,357.00406
16314,356.67587
16320,356.99205
16326,356.63671
16332,356.99444
16338,356.68085
16344,357.00826
16350,356.74294
16356,357.00182
16362,356.83087
16368,356.99181
16374,356.9524
16380,356.97081
16386,357.05434
16392,356.95862
16398,357.08537
16404,356.9042
16410,357.12352
16416,356.84152
16422,357.08047
16428,356.77582
16434,357.05744
16440,356.73971
16446,357.01823
16452,356.69446
16458,357.01805
16464,356.6579
16470,357.02038
16476,356.71696
16482,357.02025
16488,356.77274
16494,357.01554
16500,356.87501
16506,356.99761
16512,356.99067
16518,356.98858
16524,357.08244
16530,356.96808
16536,357.10923
16542,356.896523476523
16548,357.11849
16554,356.84407
16560,357.09565
16566,356.79356
16572,357.05645
16578,356.7518
16584,357.04099
16590,356.69313
16596,357.029470529471
16602,356.67394
16608,357.03921
16614,356.74984
16620,357.03576
16626,356.8252
16632,357.03541
16638,356.91668
16644,357.02128
16650,357.03095
16656,356.99379
16662,357.10874
16668,356.97538
16674,357.1231
16680,356.88549
16686,357.12207
16692,356.85801
16698,357.10132
16704,356.808661338661
16710,357.06443
16716,356.75098
16722,357.03943
16728,356.69714
16734,357.04241
16740,356.70362
16746,357.06274
16752,356.77888
16758,357.057152847153
16764,356.85036
16770,357.04539
16776,356.95729
16782,357.03097
16788,357.06679
16794,357.00997
16800,357.13407
16806,356.99635
16812,357.159110889111
16818,356.90515
16824,357.14719
16830,356.86092
16836,357.11316
16842,356.81282
16848,357.07719
16854,356.7458
16860,357.05987
16866,356.706113886114
16872,357.05864
16878,356.73527
16884,357.07478
16890,356.79693
16896,357.07319
16902,356.88524
16908,357.0632
16914,356.98849
16920,357.041108891109
16926,357.10883
16932,357.01964
16938,357.14903
16944,356.98399
16950,357.17587
16956,356.91198
16962,357.15904
16968,356.86903
16974,357.1197002997
16980,356.82987
16986,357.11253
16992,356.76228
16998,357.07675
17004,356.70263
17010,357.07341
17016,356.7656
17022,357.08547
17028,356.827622377622
17034,357.08607
17040,356.91128
17046,357.07173
17052,357.03034
17058,357.04553
17064,357.12986
17070,357.03877
17076,357.16396
17082,356.98353
17088,357.19123
17094,356.91827
17100,357.16392
17106,356.87335
17112,357.13439
17118,356.82223
17124,357.10191
17130,356.76959
17136,357.094505494506
17142,356.7335
17148,357.09366
17154,356.81166
17160,357.11771
17166,356.85247
17172,357.09799
17178,356.94793
17184,357.0788
17190,357.06987012987
17196,357.05075
17202,357.15308
17208,357.04455
17214,357.18354
17220,356.97106
17226,357.19356
17232,356.92056
17238,357.1683
17244,356.88269
17250,357.13097
17256,356.82649
17262,357.10984
17268,356.77331
17274,357.10174
17280,356.75774
17286,357.11469
17292,356.82181
17298,357.11466
17304,356.88104
17310,357.11129
17316,356.99198
17322,357.09387
17328,357.11327
17334,357.08123
17340,357.18147
17346,357.06493
17352,357.22065
17358,356.96855
17364,357.20346
17370,356.9186
17376,357.17532
17382,356.88186
17388,357.14484
17394,356.82856
17400,357.11257
17406,356.77406
17412,357.1236
17418,356.79287
17424,357.13164
17430,356.84799
17436,357.13382
17442,356.92157
17448,357.12878
17454,357.03806
17460,357.11249
17466,357.14222
17472,357.09883
17478,357.20246
17484,357.07125
17490,357.2296
17496,356.97686
17502,357.23231
17508,356.94971
17514,357.18869
17520,356.89892
17526,357.17271
17532,356.82784
17538,357.13237
17544,356.77706
17550,357.12946
17556,356.81205
17562,357.16478
17568,356.88215
17574,357.15088
17580,356.95807
17586,357.1451
17592,357.07216
17598,357.12546
17604,357.18417
17610,357.11254
17616,357.23253
17622,357.06952
17628,357.25376
17634,356.99179
17640,357.24321
17646,356.96645
17652,357.20311
17658,356.90995
17664,357.18118
17670,356.84405
17676,357.16634
17682,356.80596
17688,357.16268
17694,356.85852
17700,357.18326
17706,356.90953
17712,357.16502
17718,357.00049
17724,357.14965
17730,357.11175
17736,357.14324
17742,357.2132
17748,357.12453
17754,357.26745
17760,357.06978
17766,357.27728
17772,357.00406
17778,357.2558
17784,356.98018
17790,357.21935
17796,356.91454
17802,357.19116
17808,356.85722
17814,357.18032
17820,356.83152
17826,357.17542
17832,356.88245
17838,357.19894
17844,356.93999
17850,357.19795
17856,357.0514
17862,357.17883
17868,357.15676
17874,357.15869
17880,357.24053
17886,357.14435
17892,357.28092
17898,357.06395
17904,357.28991
17910,357.02049
17916,357.25662
17922,356.98479
17928,357.25492
17934,356.91028
17940,357.20702
17946,356.85589
17952,357.20301
17958,356.86477
17964,357.21322
17970,356.92243
17976,357.21709
17982,356.97933
17988,357.20621
17994,357.08759
18000,357.19291
18006,357.20323
18012,357.18303
18018,357.27728
18024,357.17481
18030,357.31783
18036,357.07866
18042,357.30676
18048,357.04574
18054,357.27519
18060,356.99059
18066,357.25343
18072,356.91994
18078,357.21319
18084,356.87
18090,357.21931
18096,356.89521
18102,357.25209
18108,356.94372
18114,357.23908
18120,357.01559
18126,357.22125
18132,357.13509
18138,357.20621
18144,357.24174
18150,357.20699
18156,357.30594
18162,357.17063
18168,357.33251
18174,357.07879
18180,357.32438
18186,357.06167
18192,357.29174
18198,357.01409
18204,357.27332
18210,356.93714
18216,357.23861
18222,356.89867
18228,357.23987
18234,356.92143
18240,357.27012
18246,356.979
18252,357.25136
18258,357.06047
18264,357.23674
18270,357.17156
18276,357.22693
18282,357.27883
18288,357.22265
18294,357.34586
18300,357.17294
18306,357.36129
18312,357.09728
18318,357.33978
18324,357.07951
18330,357.32754
18336,357.01334
18342,357.28727
18348,356.941748251748
18354,357.26825
18360,356.92257
18366,357.26448
18372,356.97334
18378,357.29332
18384,357.02057
18390,357.28511
18396,357.11686
18402,357.261318681319
18408,357.22077
18414,357.2538
18420,357.32473
18426,357.23671
18432,357.36656
18438,357.18028
18444,357.38356
18450,357.11229
18456,357.355774225774
18462,357.08832
18468,357.33393
18474,357.01812
18480,357.30658
18486,356.96953
18492,357.28452
18498,356.95396
18504,357.31492
18510,356.993916083916
18516,357.30748
18522,357.04301
18528,357.29924
18534,357.16368
18540,357.27861
18546,357.27079
18552,357.28994
18558,357.35908
18564,357.268751248751
18570,357.39756
18576,357.18222
18582,357.41214
18588,357.14306
18594,357.37493
18600,357.09551
18606,357.3506
18612,357.03583
18618,357.32034
18624,356.99581
18630,357.31189
18636,356.98006
18642,357.33244
18648,357.02569
18654,357.33345
18660,357.09017
18666,357.31955
18672,357.20947
18678,357.31426
18684,357.31296
18690,357.30447
18696,357.40852
18702,357.28286
18708,357.43365
18714,357.1937
18720,357.43152
18726,357.17883
18732,357.42193
18738,357.1194
18744,357.37887
18750,357.04291
18756,357.35078
18762,357.02074
18768,357.33768
18774,357.0169
18780,357.370909090909
18786,357.07102
18792,357.36907
18798,357.15857
18804,357.35455
18810,357.26329
18816,357.35564
18822,357.37612
18828,357.33565
18834,357.4500999001
18840,357.30849
18846,357.47472
18852,357.21465
18858,357.46056
18864,357.19921
18870,357.43097
18876,357.1359
18882,357.4108
18888,357.074345654346
18894,357.3702
18900,357.05116
18906,357.39832
18912,357.04875
18918,357.40715
18924,357.10618
18930,357.38811
18936,357.19933
18942,357.374325674326
18948,357.30837
18954,357.37522
18960,357.40925
18966,357.35187
18972,357.47767
18978,357.31813
18984,357.49575
18990,357.24829
18996,357.475964035964
19002,357.22236
19008,357.46074
19014,357.15819
19020,357.43548
19026,357.10857
19032,357.40281
19038,357.06824
19044,357.41347
19050,357.095884115884
19056,357.43588
19062,357.15969
19068,357.42466
19074,357.2727
19080,357.42074
19086,357.36894
19092,357.41323
19098,357.47574
19104,357.38635
19110,357.52363
19116,357.32276
19122,357.53833
19128,357.28219
19134,357.52113
19140,357.24529
19146,357.49385
19152,357.17122
19158,357.46428
19164,357.14535
19170,357.44946
19176,357.1096
19182,357.45956
19188,357.15445
19194,357.47748
19200,357.22898
19206,357.45822
19212,357.32231
19218,357.45831
19224,357.42366
19230,357.4459
19236,357.52929
19242,357.42398
19248,357.57953
19254,357.34945
19260,357.58014
19266,357.32077
19272,357.56048
19278,357.27154
19284,357.53162
19290,357.20921
19296,357.49527
19302,357.17264
19308,357.51313
19314,357.15017
19320,357.50726
19326,357.19281
19332,357.51688
19338,357.28333
19344,357.50254
19350,357.39031
19356,357.50908
19362,357.49553
19368,357.49599
19374,357.59454
19380,357.47129
19386,357.6291
19392,357.40481
19398,357.61735
19404,357.36391
19410,357.60565
19416,357.3131
19422,357.58262
19428,357.27143
19434,357.54139
19440,357.22327
19446,357.54588
19452,357.20922
19458,357.56598
19464,357.26664
19470,357.55731
19476,357.34884
19482,357.556183816184
19488,357.45726
19494,357.55646
19500,357.57923
19506,357.53643
19512,357.66
19518,357.51295
19524,357.6816
19530,357.44975
19536,357.68532
19542,357.42562
19548,357.66188
19554,357.35777
19560,357.63602
19566,357.31632
19572,357.59862
19578,357.27868
19584,357.61234
19590,357.28689
19596,357.64043
19602,357.36436
19608,357.62695
19614,357.44171
19620,357.62069
19626,357.54268
19632,357.61902
19638,357.65829
19644,357.59503
19650,357.71889
19656,357.56112
19662,357.74862
19668,357.49607
19674,357.74286
19680,357.46515
19686,357.71499
19692,357.41653
19698,357.68649
19704,357.37489
19710,357.68712
19716,357.334
19722,357.68121
19728,357.35003
19734,357.70101
19740,357.44436
19746,357.69122
19752,357.53113
19758,357.69624
19764,357.63948
19770,357.69911
19776,357.76115
19782,357.67546
19788,357.80934
19794,357.62953
19800,357.82038
19806,357.5721
19812,357.81439
19818,357.5407
19824,357.79513
19830,357.4911
19836,357.75937
19842,357.44401
19848,357.75786
19854,357.41107
19860,357.76566
19866,357.46575
19872,357.79078
19878,357.55197
19884,357.79499
19890,357.6437
19896,357.79168
19902,357.76056
19908,357.78382
19914,357.86426
19920,357.76869
19926,357.91506
19932,357.7238
19938,357.94465
19944,357.6818
19950,357.92657
19956,357.64039
19962,357.90454
19968,357.60417
19974,357.87094
19980,357.5536
19986,357.87063
19992,357.53511
19998,357.88608
20004,357.60204
20010,357.89568
20016,357.66813
20022,357.90209
20028,357.77355
20034,357.90202
20040,357.89615
20046,357.8997
20052,358.0003
20058,357.88627
20064,358.03736
20070,357.83008
20076,358.05595
20082,357.79168
20088,358.04289
20094,357.7643
20100,358.02121
20106,357.72874
20112,358.01863
20118,357.69461
20124,358.01717
20130,357.68857
20136,358.04061
20142,357.77441
20148,358.05731
20154,357.85298
20160,358.06468
20166,357.96065
20172,358.07212
20178,358.09629
20184,358.05984
20190,358.19643
20196,358.07697
20202,358.22803
20208,357.99741
20214,358.24757
20220,357.98138
20226,358.24678
20232,357.97452
20238,358.22667
20244,357.93882
20250,358.21738
20256,357.90519
20262,358.24707
20268,357.93617
20274,358.29302
20280,358.03577
20286,358.3095
20292,358.1285
20298,358.34213
20304,358.26168
20310,358.34242
20316,358.4051
20322,358.35727
20328,358.48834
20334,358.35763
20340,358.56008
20346,358.30246
20352,358.56851
20358,358.305
20364,358.57495
20370,358.3125
20376,358.58385
20382,358.30106
20388,358.60845
20394,358.30191
20400,358.65634
20406,358.39023
20412,358.7181
20418,358.4964
20424,358.77244
20430,358.61253
20436,358.81564
20442,358.78611
20448,358.85959
20454,358.95991
20460,358.9108
20466,359.07274
20472,358.94152
20478,359.16194
20484,358.92899
20490,359.22312
20496,358.9949
20502,359.26879
20508,359.04289
20514,359.34912
20520,359.0801
20526,359.41761
20532,359.15112
20538,359.52745
20544,359.32612
20550,359.6875
20556,359.52121
20562,359.81219
20568,359.72441
20574,359.95485
20580,360.00416
20586,360.10234
20592,360.28636
20598,360.28501
20604,360.51951
20610,360.42513
20616,360.76817
20622,360.61035
20628,360.98459
20634,360.87408
20640,361.23406
20646,361.15555
20652,361.54858
20658,361.43961
20664,361.88805
20670,361.81163
20676,362.3172
20682,362.3247
20688,362.8221
20694,362.88644
20700,363.36031
20706,363.5509
20712,363.97236
20718,364.32828
20724,364.69305
20730,365.20214
20736,365.51361
