row,cell_v_001
0,3.3240000000000003
11,3.319
22,3.331
33,3.176
44,3.313
55,3.318
66,3.3240000000000003
77,3.294
88,3.169
99,3.237
110,3.219
121,3.047
132,3.241
143,3.302
154,3.314
165,3.3240000000000003
176,3.259
187,3.311
198,3.298
209,3.248
220,3.305
231,3.232
242,3.289
253,3.277
264,3.29
275,3.279
286,3.231
297,3.2760000000000002
308,3.285
319,3.338
330,3.349
341,3.357
352,3.367
363,3.373
374,3.375
385,3.376
396,3.378
407,3.378
418,3.379
429,3.379
440,3.38
451,3.38
462,3.38
473,3.3810000000000002
484,3.3810000000000002
495,3.3810000000000002
506,3.382
517,3.382
528,3.382
539,3.383
550,3.384
561,3.384
572,3.3850000000000002
583,3.3850000000000002
594,3.386
605,3.387
616,3.388
627,3.3890000000000002
638,3.3890000000000002
649,3.39
660,3.392
671,3.3930000000000002
682,3.395
693,3.396
704,3.398
715,3.399
726,3.4010000000000002
737,3.404
748,3.406
759,3.41
770,3.414
781,3.4210000000000003
792,3.4330000000000003
803,3.462
814,3.375
825,3.374
836,3.265
847,3.22
858,3.315
869,3.326
880,3.327
891,3.282
902,3.39
913,3.334
924,3.0580000000000003
935,3.2680000000000002
946,3.374
957,3.327
968,3.2800000000000002
979,3.0500000000000003
990,3.253
1001,3.382
1012,3.265
1023,3.3280000000000003
1034,3.2840000000000003
1045,3.172
1056,3.241
1067,3.2960000000000003
1078,3.317
1089,3.29
1100,3.2920000000000003
1111,3.2920000000000003
1122,3.229
1133,3.303
1144,3.306
1155,3.306
1166,3.306
1177,3.325
1188,3.3000000000000003
1199,3.149
1210,3.379
1221,3.38
1232,3.38
1243,3.3810000000000002
1254,3.3810000000000002
1265,3.3810000000000002
1276,3.38
1287,3.3810000000000002
1298,3.3810000000000002
1309,3.382
1320,3.382
1331,3.383
1342,3.384
1353,3.384
1364,3.3850000000000002
1375,3.3850000000000002
1386,3.386
1397,3.386
1408,3.387
1419,3.3890000000000002
1430,3.39
1441,3.39
1452,3.391
1463,3.392
1474,3.3930000000000002
1485,3.395
1496,3.3970000000000002
1507,3.399
1518,3.4010000000000002
1529,3.406
1540,3.4090000000000003
1551,3.415
1562,3.422
1573,3.435
1584,3.467
1595,3.37
1606,3.368
1617,3.282
1628,3.1510000000000002
1639,3.223
1650,3.327
1661,3.326
1672,3.294
1683,3.209
1694,3.311
1705,3.329
1716,3.189
1727,3.33
1738,3.257
1749,3.133
1760,3.305
1771,3.265
1782,3.222
1793,3.262
1804,3.251
1815,3.2520000000000002
1826,3.117
1837,3.261
1848,3.259
1859,3.213
1870,3.274
1881,3.254
1892,3.1910000000000003
1903,3.245
1914,3.287
1925,3.287
1936,3.282
1947,3.214
1958,3.1870000000000003
1969,3.192
1980,3.215
1991,3.241
2002,3.245
2013,3.262
2024,3.2720000000000002
2035,3.273
2046,3.238
2057,3.302
2068,3.319
2079,3.327
2090,3.331
2101,3.334
2112,3.337
2123,3.338
2134,3.339
2145,3.339
2156,3.34
2167,3.34
2178,3.339
2189,3.34
2200,3.34
2211,3.338
2222,3.338
2233,3.339
2244,3.34
2255,3.341
2266,3.341
2277,3.341
2288,3.342
2299,3.342
2310,3.342
2321,3.343
2332,3.343
2343,3.344
2354,3.344
2365,3.346
2376,3.346
2387,3.347
2398,3.348
2409,3.349
2420,3.35
2431,3.352
2442,3.353
2453,3.355
2464,3.358
2475,3.361
2486,3.365
2497,3.369
2508,3.373
2519,3.376
2530,3.3770000000000002
2541,3.378
2552,3.378
2563,3.378
2574,3.379
2585,3.379
2596,3.379
2607,3.379
2618,3.38
2629,3.38
2640,3.3810000000000002
2651,3.3810000000000002
2662,3.382
2673,3.383
2684,3.383
2695,3.384
2706,3.384
2717,3.3850000000000002
2728,3.386
2739,3.386
2750,3.388
2761,3.388
2772,3.39
2783,3.39
2794,3.392
2805,3.3930000000000002
2816,3.394
2827,3.395
2838,3.3970000000000002
2849,3.398
2860,3.4
2871,3.402
2882,3.4050000000000002
2893,3.407
2904,3.411
2915,3.415
2926,3.422
2937,3.431
2948,3.4490000000000003
2959,3.499
2970,3.529
2981,3.363
2992,3.359
3003,3.213
3014,3.206
3025,3.327
3036,3.325
3047,3.293
3058,3.174
3069,3.291
3080,3.177
3091,3.3160000000000003
3102,3.152
3113,3.2720000000000002
3124,3.161
3135,3.248
3146,3.318
3157,3.319
3168,3.329
3179,3.293
3190,3.3240000000000003
3201,3.33
3212,3.33
3223,3.297
3234,3.158
3245,3.3040000000000003
3256,3.31
3267,3.329
3278,3.329
3289,3.3040000000000003
3300,3.329
3311,3.329
3322,2.942
3333,3.168
3344,3.267
3355,3.323
3366,3.318
3377,3.249
3388,3.278
3399,3.22
3410,3.277
3421,3.286
3432,3.2880000000000003
3443,3.289
3454,3.266
3465,3.2680000000000002
3476,3.306
3487,3.346
3498,3.361
3509,3.372
3520,3.382
3531,3.3850000000000002
3542,3.386
3553,3.386
3564,3.387
3575,3.386
3586,3.387
3597,3.387
3608,3.387
3619,3.387
3630,3.386
3641,3.387
3652,3.387
3663,3.3890000000000002
3674,3.3890000000000002
3685,3.3890000000000002
3696,3.39
3707,3.39
3718,3.39
3729,3.392
3740,3.392
3751,3.3930000000000002
3762,3.3930000000000002
3773,3.394
3784,3.395
3795,3.396
3806,3.396
3817,3.3970000000000002
3828,3.398
3839,3.4
3850,3.4010000000000002
3861,3.403
3872,3.4050000000000002
3883,3.406
3894,3.4090000000000003
3905,3.4130000000000003
3916,3.416
3927,3.4210000000000003
3938,3.4290000000000003
3949,3.442
3960,3.474
3971,3.543
3982,3.178
3993,3.3280000000000003
4004,3.329
4015,3.213
4026,3.3120000000000003
4037,3.279
4048,3.1550000000000002
4059,3.309
4070,3.219
4081,3.327
4092,3.313
4103,3.3120000000000003
4114,3.3160000000000003
4125,3.33
4136,3.33
4147,3.318
4158,3.33
4169,3.331
4180,3.2880000000000003
4191,3.329
4202,3.329
4213,3.082
4224,3.178
4235,3.1710000000000003
4246,3.327
4257,3.327
4268,3.273
4279,3.313
4290,3.281
4301,3.311
4312,3.244
4323,3.314
4334,3.344
4345,3.329
4356,3.329
4367,3.323
4378,3.303
4389,3.314
4400,3.358
4411,3.373
4422,3.375
4433,3.378
4444,3.378
4455,3.378
4466,3.378
4477,3.379
4488,3.38
4499,3.38
4510,3.38
4521,3.382
4532,3.382
4543,3.382
4554,3.383
4565,3.3850000000000002
4576,3.3850000000000002
4587,3.386
4598,3.387
4609,3.388
4620,3.3890000000000002
4631,3.39
4642,3.392
4653,3.394
4664,3.396
4675,3.399
4686,3.403
4697,3.408
4708,3.415
4719,3.431
4730,3.5460000000000003
4741,3.3770000000000002
4752,3.305
4763,3.315
4774,3.314
4785,3.331
4796,3.216
4807,3.185
4818,3.321
4829,3.33
4840,3.348
4851,3.329
4862,3.311
4873,3.329
4884,3.158
4895,3.17
4906,3.36
4917,3.318
4928,3.329
4939,3.323
4950,3.3160000000000003
4961,3.267
4972,3.331
4983,3.331
4994,3.326
5005,3.331
5016,3.331
5027,3.306
5038,3.37
5049,3.33
5060,3.318
5071,3.3280000000000003
5082,3.319
5093,3.253
5104,3.211
5115,3.293
5126,3.303
5137,3.3040000000000003
5148,3.322
5159,3.196
5170,3.216
5181,3.295
5192,3.2960000000000003
5203,3.2920000000000003
5214,3.298
5225,3.298
5236,3.229
5247,3.2720000000000002
5258,3.273
5269,3.275
5280,3.271
5291,3.317
5302,3.327
5313,3.333
5324,3.339
5335,3.343
5346,3.345
5357,3.347
5368,3.351
5379,3.354
5390,3.36
5401,3.365
5412,3.372
5423,3.376
5434,3.378
5445,3.378
5456,3.3770000000000002
5467,3.378
5478,3.3770000000000002
5489,3.3770000000000002
5500,3.3770000000000002
5511,3.3770000000000002
5522,3.3770000000000002
5533,3.378
5544,3.379
5555,3.378
5566,3.378
5577,3.38
5588,3.38
5599,3.38
5610,3.38
5621,3.38
5632,3.3810000000000002
5643,3.3810000000000002
5654,3.382
5665,3.383
5676,3.384
5687,3.3850000000000002
5698,3.3850000000000002
5709,3.386
5720,3.387
5731,3.3890000000000002
5742,3.39
5753,3.392
5764,3.3930000000000002
5775,3.395
5786,3.3970000000000002
5797,3.4
5808,3.404
5819,3.41
5830,3.419
5841,3.438
5852,3.5220000000000002
5863,3.386
5874,3.384
5885,3.3200000000000003
5896,3.2600000000000002
5907,3.359
5918,3.332
5929,3.294
5940,3.203
5951,3.315
5962,3.303
5973,3.237
5984,3.3280000000000003
5995,3.329
6006,3.326
6017,3.332
6028,3.332
6039,3.332
6050,3.319
6061,3.2560000000000002
6072,3.232
6083,3.318
6094,3.329
6105,3.261
6116,3.33
6127,3.33
6138,3.353
6149,3.077
6160,3.1670000000000003
6171,3.325
6182,3.325
6193,3.269
6204,3.313
6215,3.267
6226,3.219
6237,3.286
6248,3.218
6259,3.222
6270,3.291
6281,3.133
6292,3.289
6303,3.22
6314,3.219
6325,3.235
6336,3.032
6347,3.1790000000000003
6358,3.297
6369,3.197
6380,3.205
6391,3.269
6402,3.259
6413,3.286
6424,3.286
6435,3.214
6446,3.0260000000000002
6457,3.117
6468,3.2640000000000002
6479,3.189
6490,3.103
6501,3.286
6512,3.2800000000000002
6523,3.2800000000000002
6534,3.164
6545,3.249
6556,3.309
6567,3.33
6578,3.336
6589,3.339
6600,3.341
6611,3.342
6622,3.343
6633,3.343
6644,3.343
6655,3.344
6666,3.343
6677,3.343
6688,3.344
6699,3.344
6710,3.344
6721,3.344
6732,3.344
6743,3.344
6754,3.344
6765,3.344
6776,3.345
6787,3.346
6798,3.345
6809,3.346
6820,3.346
6831,3.347
6842,3.347
6853,3.347
6864,3.348
6875,3.349
6886,3.35
6897,3.351
6908,3.352
6919,3.354
6930,3.356
6941,3.358
6952,3.361
6963,3.364
6974,3.367
6985,3.371
6996,3.374
7007,3.3770000000000002
7018,3.379
7029,3.379
7040,3.379
7051,3.379
7062,3.38
7073,3.38
7084,3.38
7095,3.38
7106,3.3810000000000002
7117,3.382
7128,3.382
7139,3.382
7150,3.383
7161,3.383
7172,3.384
7183,3.3850000000000002
7194,3.3850000000000002
7205,3.386
7216,3.387
7227,3.386
7238,3.3890000000000002
7249,3.3890000000000002
7260,3.39
7271,3.391
7282,3.392
7293,3.394
7304,3.395
7315,3.396
7326,3.3970000000000002
7337,3.399
7348,3.4010000000000002
7359,3.403
7370,3.4050000000000002
7381,3.408
7392,3.412
7403,3.4170000000000003
7414,3.424
7425,3.435
7436,3.461
7447,3.58
7458,3.3850000000000002
7469,3.383
7480,3.3040000000000003
7491,3.25
7502,3.281
7513,3.1990000000000003
7524,3.309
7535,3.315
7546,3.315
7557,3.319
7568,3.3280000000000003
7579,3.329
7590,3.289
7601,3.299
7612,3.282
7623,3.306
7634,3.311
7645,3.307
7656,3.327
7667,3.2800000000000002
7678,3.192
7689,3.33
7700,3.33
7711,3.31
7722,3.237
7733,3.302
7744,3.309
7755,3.309
7766,3.318
7777,3.273
7788,3.298
7799,3.215
7810,3.2640000000000002
7821,3.3040000000000003
7832,3.311
7843,3.2960000000000003
7854,3.307
7865,3.329
7876,3.301
7887,3.311
7898,3.27
7909,3.327
7920,3.3280000000000003
7931,3.282
7942,3.302
7953,3.3280000000000003
7964,3.3280000000000003
7975,3.305
7986,3.301
7997,3.374
8008,3.382
8019,3.3810000000000002
8030,3.283
8041,3.217
8052,3.239
8063,3.2800000000000002
8074,3.318
8085,3.261
8096,3.2680000000000002
8107,3.303
8118,3.313
8129,3.321
8140,3.3280000000000003
8151,3.335
8162,3.343
8173,3.35
8184,3.357
8195,3.367
8206,3.375
8217,3.38
8228,3.3810000000000002
8239,3.3810000000000002
8250,3.3810000000000002
8261,3.3810000000000002
8272,3.3810000000000002
8283,3.382
8294,3.382
8305,3.382
8316,3.382
8327,3.3810000000000002
8338,3.382
8349,3.382
8360,3.383
8371,3.383
8382,3.383
8393,3.384
8404,3.384
8415,3.3850000000000002
8426,3.3850000000000002
8437,3.386
8448,3.387
8459,3.387
8470,3.388
8481,3.39
8492,3.39
8503,3.391
8514,3.3930000000000002
8525,3.394
8536,3.396
8547,3.398
8558,3.4
8569,3.403
8580,3.406
8591,3.411
8602,3.418
8613,3.431
8624,3.463
8635,3.395
8646,3.394
8657,3.3240000000000003
8668,3.3120000000000003
8679,3.352
8690,3.2600000000000002
8701,3.3000000000000003
8712,3.379
8723,3.303
8734,3.285
8745,3.359
8756,3.287
8767,3.303
8778,3.271
8789,3.29
8800,3.319
8811,3.315
8822,3.301
8833,3.33
8844,3.33
8855,3.274
8866,3.211
8877,3.3160000000000003
8888,3.331
8899,3.309
8910,3.194
8921,3.228
8932,3.3120000000000003
8943,3.318
8954,3.348
8965,3.322
8976,3.331
8987,3.331
8998,3.277
9009,3.349
9020,3.229
9031,3.323
9042,3.3240000000000003
9053,3.299
9064,3.291
9075,3.294
9086,3.275
9097,3.266
9108,3.258
9119,3.261
9130,3.269
9141,3.201
9152,3.257
9163,3.287
9174,3.266
9185,3.219
9196,3.09
9207,3.237
9218,3.258
9229,3.096
9240,3.125
9251,3.181
9262,3.265
9273,3.2640000000000002
9284,3.275
9295,3.277
9306,3.271
9317,3.263
9328,3.136
9339,3.096
9350,3.089
9361,3.112
9372,3.301
9383,3.3160000000000003
9394,3.325
9405,3.33
9416,3.335
9427,3.338
9438,3.34
9449,3.341
9460,3.342
9471,3.344
9482,3.345
9493,3.346
9504,3.347
9515,3.347
9526,3.348
9537,3.349
9548,3.348
9559,3.35
9570,3.35
9581,3.352
9592,3.352
9603,3.353
9614,3.354
9625,3.355
9636,3.357
9647,3.359
9658,3.363
9669,3.365
9680,3.369
9691,3.373
9702,3.3770000000000002
9713,3.3810000000000002
9724,3.383
9735,3.3850000000000002
9746,3.387
9757,3.387
9768,3.387
9779,3.388
9790,3.388
9801,3.388
9812,3.388
9823,3.3890000000000002
9834,3.3890000000000002
9845,3.3890000000000002
9856,3.3890000000000002
9867,3.391
9878,3.392
9889,3.392
9900,3.3930000000000002
9911,3.394
9922,3.395
9933,3.395
9944,3.396
9955,3.398
9966,3.398
9977,3.4
9988,3.4010000000000002
9999,3.402
10010,3.403
10021,3.404
10032,3.406
10043,3.407
10054,3.4090000000000003
10065,3.411
10076,3.414
10087,3.416
10098,3.42
10109,3.424
10120,3.428
10131,3.435
10142,3.4450000000000003
10153,3.463
10164,3.507
10175,3.568
10186,3.369
10197,3.368
10208,3.307
10219,3.313
10230,3.321
10241,3.309
10252,3.327
10263,3.221
10274,3.215
10285,3.152
10296,3.3280000000000003
10307,3.2960000000000003
10318,3.307
10329,3.148
10340,3.2960000000000003
10351,3.259
10362,3.3280000000000003
10373,3.3280000000000003
10384,3.2640000000000002
10395,3.203
10406,3.2920000000000003
10417,3.158
10428,3.315
10439,3.096
10450,3.209
10461,3.1830000000000003
10472,3.202
10483,3.294
10494,3.325
10505,3.325
10516,3.153
10527,3.327
10538,3.327
10549,3.326
10560,3.262
10571,3.221
10582,3.254
10593,3.2800000000000002
10604,3.286
10615,3.267
10626,3.237
10637,3.238
10648,3.122
10659,3.259
10670,2.938
10681,3.2760000000000002
10692,3.233
10703,3.188
10714,3.261
10725,3.265
10736,3.271
10747,3.104
10758,3.231
10769,3.134
10780,3.232
10791,3.261
10802,2.911
10813,3.152
10824,3.226
10835,3.1270000000000002
10846,3.215
10857,3.21
10868,3.24
10879,3.2720000000000002
10890,3.273
10901,3.18
10912,3.238
10923,3.299
10934,3.331
10945,3.347
10956,3.355
10967,3.36
10978,3.361
10989,3.361
11000,3.364
11011,3.364
11022,3.363
11033,3.364
11044,3.364
11055,3.363
11066,3.363
11077,3.363
11088,3.362
11099,3.361
11110,3.362
11121,3.362
11132,3.362
11143,3.363
11154,3.363
11165,3.363
11176,3.364
11187,3.364
11198,3.307
11209,3.249
11220,3.318
11231,3.338
11242,3.343
11253,3.347
11264,3.347
11275,3.348
11286,3.349
11297,3.349
11308,3.349
11319,3.35
11330,3.35
11341,3.35
11352,3.351
11363,3.351
11374,3.352
11385,3.352
11396,3.352
11407,3.353
11418,3.354
11429,3.354
11440,3.355
11451,3.33
11462,3.278
11473,3.289
11484,3.251
11495,3.051
11506,3.289
11517,3.122
11528,3.16
11539,3.176
11550,3.293
11561,3.293
11572,3.215
11583,3.047
11594,3.102
11605,3.2920000000000003
11616,3.2920000000000003
11627,3.271
11638,3.298
11649,3.339
11660,3.346
11671,3.348
11682,3.349
11693,3.352
11704,3.351
11715,3.353
11726,3.352
11737,3.352
11748,3.353
11759,3.354
11770,3.355
11781,3.355
11792,3.356
11803,3.357
11814,3.358
11825,3.36
11836,3.362
11847,3.362
11858,3.366
11869,3.37
11880,3.371
11891,3.372
11902,3.374
11913,3.3770000000000002
11924,3.38
11935,3.382
11946,3.3850000000000002
11957,3.388
11968,3.3890000000000002
11979,3.391
11990,3.391
12001,3.391
12012,3.392
12023,3.392
12034,3.3930000000000002
12045,3.392
12056,3.392
12067,3.3930000000000002
12078,3.3930000000000002
12089,3.3930000000000002
12100,3.395
12111,3.394
12122,3.395
12133,3.395
12144,3.396
12155,3.3970000000000002
12166,3.398
12177,3.398
12188,3.399
12199,3.4
12210,3.4010000000000002
12221,3.4010000000000002
12232,3.402
12243,3.403
12254,3.404
12265,3.406
12276,3.406
12287,3.407
12298,3.408
12309,3.4090000000000003
12320,3.412
12331,3.4130000000000003
12342,3.414
12353,3.416
12364,3.418
12375,3.4210000000000003
12386,3.423
12397,3.427
12408,3.43
12419,3.435
12430,3.442
12441,3.45
12452,3.465
12463,3.491
12474,3.56
12485,3.548
12496,3.366
12507,3.364
12518,3.237
12529,3.3040000000000003
12540,3.227
12551,3.201
12562,3.15
12573,3.249
12584,3.311
12595,3.254
12606,3.327
12617,3.327
12628,3.2720000000000002
12639,3.223
12650,3.099
12661,3.3080000000000003
12672,3.291
12683,3.3080000000000003
12694,3.327
12705,3.3080000000000003
12716,3.282
12727,3.281
12738,3.282
12749,3.319
12760,3.327
12771,3.327
12782,3.277
12793,3.329
12804,3.346
12815,3.298
12826,3.286
12837,3.258
12848,3.24
12859,3.19
12870,3.242
12881,3.248
12892,3.2520000000000002
12903,3.229
12914,3.228
12925,3.2880000000000003
12936,3.257
12947,3.084
12958,3.176
12969,3.251
12980,3.229
12991,3.181
13002,3.261
13013,3.293
13024,3.267
13035,3.119
13046,3.2
13057,3.225
13068,3.2600000000000002
13079,3.282
13090,3.076
13101,3.319
13112,3.333
13123,3.337
13134,3.34
13145,3.342
13156,3.343
13167,3.344
13178,3.344
13189,3.345
13200,3.346
13211,3.346
13222,3.347
13233,3.347
13244,3.347
13255,3.346
13266,3.348
13277,3.348
13288,3.348
13299,3.348
13310,3.348
13321,3.349
13332,3.348
13343,3.352
13354,3.351
13365,3.352
13376,3.353
13387,3.355
13398,3.357
13409,3.359
13420,3.361
13431,3.365
13442,3.369
13453,3.373
13464,3.3770000000000002
13475,3.382
13486,3.383
13497,3.384
13508,3.384
13519,3.3850000000000002
13530,3.3850000000000002
13541,3.3850000000000002
13552,3.3850000000000002
13563,3.3850000000000002
13574,3.386
13585,3.3850000000000002
13596,3.386
13607,3.387
13618,3.388
13629,3.388
13640,3.388
13651,3.39
13662,3.39
13673,3.391
13684,3.39
13695,3.392
13706,3.3930000000000002
13717,3.3930000000000002
13728,3.395
13739,3.396
13750,3.396
13761,3.399
13772,3.4
13783,3.402
13794,3.403
13805,3.406
13816,3.407
13827,3.41
13838,3.4130000000000003
13849,3.4170000000000003
13860,3.4210000000000003
13871,3.427
13882,3.438
13893,3.46
13904,3.529
13915,3.592
13926,3.38
13937,3.314
13948,3.344
13959,3.095
13970,3.3120000000000003
13981,3.1310000000000002
13992,3.313
14003,3.3000000000000003
14014,3.1710000000000003
14025,3.307
14036,3.294
14047,3.3040000000000003
14058,3.3080000000000003
14069,3.321
14080,3.329
14091,3.329
14102,3.331
14113,3.323
14124,3.299
14135,3.331
14146,3.331
14157,3.274
14168,3.3000000000000003
14179,3.1990000000000003
14190,3.244
14201,3.299
14212,3.306
14223,3.263
14234,3.177
14245,3.279
14256,3.285
14267,3.309
14278,3.31
14289,3.098
14300,3.313
14311,3.346
14322,3.362
14333,3.371
14344,3.3770000000000002
14355,3.38
14366,3.3810000000000002
14377,3.3810000000000002
14388,3.382
14399,3.3810000000000002
14410,3.3810000000000002
14421,3.3810000000000002
14432,3.382
14443,3.383
14454,3.382
14465,3.382
14476,3.384
14487,3.384
14498,3.3850000000000002
14509,3.3850000000000002
14520,3.386
14531,3.386
14542,3.386
14553,3.387
14564,3.388
14575,3.388
14586,3.388
14597,3.39
14608,3.39
14619,3.391
14630,3.392
14641,3.394
14652,3.395
14663,3.396
14674,3.398
14685,3.398
14696,3.4010000000000002
14707,3.403
14718,3.4050000000000002
14729,3.408
14740,3.4130000000000003
14751,3.4170000000000003
14762,3.4250000000000003
14773,3.439
14784,3.477
14795,3.406
14806,3.404
14817,3.278
14828,3.188
14839,3.279
14850,3.297
14861,3.315
14872,3.226
14883,3.205
14894,3.31
14905,3.255
14916,3.33
14927,3.33
14938,3.321
14949,3.301
14960,3.33
14971,3.33
14982,3.281
14993,3.33
15004,3.33
15015,3.16
15026,3.329
15037,3.3080000000000003
15048,3.285
15059,3.285
15070,3.3200000000000003
15081,3.3080000000000003
15092,3.216
15103,3.263
15114,3.325
15125,3.329
15136,3.329
15147,3.309
15158,3.33
15169,3.33
15180,3.307
15191,3.162
15202,3.237
15213,3.267
15224,3.3200000000000003
15235,3.3200000000000003
15246,3.209
15257,3.099
15268,3.1950000000000003
15279,3.263
15290,3.237
15301,3.088
15312,3.1390000000000002
15323,3.286
15334,3.286
15345,3.269
15356,3.271
15367,3.229
15378,3.205
15389,3.293
15400,3.222
15411,3.286
15422,3.24
15433,3.189
15444,3.158
15455,3.17
15466,3.278
15477,3.283
15488,3.279
15499,3.224
15510,3.15
15521,3.257
15532,3.241
15543,3.271
15554,3.2720000000000002
15565,3.244
15576,3.301
15587,3.322
15598,3.329
15609,3.337
15620,3.339
15631,3.34
15642,3.341
15653,3.342
15664,3.342
15675,3.341
15686,3.342
15697,3.343
15708,3.342
15719,3.342
15730,3.342
15741,3.343
15752,3.343
15763,3.343
15774,3.342
15785,3.344
15796,3.344
15807,3.344
15818,3.344
15829,3.345
15840,3.344
15851,3.344
15862,3.345
15873,3.346
15884,3.346
15895,3.347
15906,3.347
15917,3.349
15928,3.349
15939,3.35
15950,3.352
15961,3.354
15972,3.356
15983,3.359
15994,3.362
16005,3.366
16016,3.37
16027,3.373
16038,3.375
16049,3.376
16060,3.378
16071,3.378
16082,3.378
16093,3.379
16104,3.378
16115,3.378
16126,3.379
16137,3.379
16148,3.38
16159,3.38
16170,3.3810000000000002
16181,3.3810000000000002
16192,3.382
16203,3.383
16214,3.383
16225,3.384
16236,3.384
16247,3.3850000000000002
16258,3.386
16269,3.386
16280,3.388
16291,3.3890000000000002
16302,3.39
16313,3.391
16324,3.392
16335,3.3930000000000002
16346,3.394
16357,3.396
16368,3.3970000000000002
16379,3.398
16390,3.4
16401,3.403
16412,3.406
16423,3.4090000000000003
16434,3.4130000000000003
16445,3.419
16456,3.427
16467,3.443
16478,3.49
16489,3.556
16500,3.376
16511,3.363
16522,3.2560000000000002
16533,3.2800000000000002
16544,3.329
16555,3.329
16566,3.228
16577,3.146
16588,3.29
16599,3.339
16610,3.2920000000000003
16621,3.287
16632,3.2840000000000003
16643,3.2560000000000002
16654,3.3280000000000003
16665,3.3280000000000003
16676,3.203
16687,3.222
16698,3.301
16709,3.334
16720,3.3280000000000003
16731,3.3280000000000003
16742,3.351
16753,3.329
16764,3.33
16775,3.219
16786,3.31
16797,3.205
16808,3.219
16819,3.125
16830,3.279
16841,3.245
16852,3.321
16863,3.322
16874,3.314
16885,3.326
16896,3.327
16907,3.273
16918,3.232
16929,3.218
16940,3.2880000000000003
16951,3.211
16962,3.271
16973,3.2920000000000003
16984,3.2920000000000003
16995,3.275
17006,3.274
17017,3.334
17028,3.344
17039,3.352
17050,3.358
17061,3.366
17072,3.373
17083,3.38
17094,3.382
17105,3.382
17116,3.383
17127,3.382
17138,3.382
17149,3.382
17160,3.3810000000000002
17171,3.382
17182,3.382
17193,3.382
17204,3.38
17215,3.38
17226,3.38
17237,3.3810000000000002
17248,3.3810000000000002
17259,3.383
17270,3.3810000000000002
17281,3.382
17292,3.384
17303,3.386
17314,3.3850000000000002
17325,3.386
17336,3.386
17347,3.387
17358,3.388
17369,3.3890000000000002
17380,3.3890000000000002
17391,3.391
17402,3.392
17413,3.394
17424,3.394
17435,3.395
17446,3.398
17457,3.4
17468,3.403
17479,3.406
17490,3.4090000000000003
17501,3.415
17512,3.422
17523,3.439
17534,3.488
17545,3.3890000000000002
17556,3.387
17567,3.287
17578,3.2680000000000002
17589,3.0060000000000002
17600,3.321
17611,3.287
17622,3.3000000000000003
17633,3.269
17644,3.348
17655,3.273
17666,3.365
17677,3.3080000000000003
17688,3.314
17699,3.33
17710,3.33
17721,3.3080000000000003
17732,3.314
17743,3.305
17754,3.1590000000000003
17765,3.31
17776,3.3200000000000003
17787,3.299
17798,3.22
17809,3.223
17820,3.095
17831,3.298
17842,3.305
17853,3.329
17864,3.314
17875,3.258
17886,3.282
17897,3.11
17908,3.277
17919,3.267
17930,3.084
17941,3.291
17952,3.2920000000000003
17963,3.275
17974,3.125
17985,3.266
17996,3.266
18007,3.2720000000000002
18018,3.214
18029,3.067
18040,3.275
18051,3.31
18062,3.321
18073,3.3280000000000003
18084,3.335
18095,3.338
18106,3.342
18117,3.345
18128,3.346
18139,3.349
18150,3.351
18161,3.354
18172,3.356
18183,3.359
18194,3.364
18205,3.371
18216,3.376
18227,3.379
18238,3.379
18249,3.38
18260,3.379
18271,3.38
18282,3.38
18293,3.38
18304,3.38
18315,3.38
18326,3.38
18337,3.38
18348,3.3810000000000002
18359,3.3810000000000002
18370,3.382
18381,3.382
18392,3.382
18403,3.382
18414,3.383
18425,3.384
18436,3.3850000000000002
18447,3.386
18458,3.386
18469,3.387
18480,3.387
18491,3.388
18502,3.3890000000000002
18513,3.39
18524,3.391
18535,3.3930000000000002
18546,3.394
18557,3.396
18568,3.398
18579,3.4
18590,3.403
18601,3.4050000000000002
18612,3.408
18623,3.4130000000000003
18634,3.42
18645,3.4370000000000003
18656,3.475
18667,3.382
18678,3.3810000000000002
18689,3.1990000000000003
18700,3.331
18711,3.331
18722,3.309
18733,3.3280000000000003
18744,3.3280000000000003
18755,3.329
18766,3.331
18777,3.315
18788,3.261
18799,3.311
18810,3.194
18821,3.326
18832,3.327
18843,3.2920000000000003
18854,3.2840000000000003
18865,3.27
18876,3.214
18887,3.021
18898,3.092
18909,3.309
18920,3.29
18931,3.358
18942,3.349
18953,3.21
18964,3.342
18975,3.3280000000000003
18986,3.329
18997,3.319
19008,3.333
19019,3.303
19030,3.295
19041,3.295
19052,3.197
19063,3.254
19074,3.1950000000000003
19085,3.287
19096,3.287
19107,3.291
19118,3.291
19129,3.17
19140,3.2560000000000002
19151,3.282
19162,3.266
19173,3.254
19184,3.227
19195,3.282
19206,3.287
19217,3.287
19228,3.267
19239,2.986
19250,3.109
19261,3.265
19272,3.192
19283,3.216
19294,3.106
19305,3.25
19316,3.202
19327,3.3120000000000003
19338,3.325
19349,3.331
19360,3.335
19371,3.336
19382,3.339
19393,3.34
19404,3.341
19415,3.341
19426,3.342
19437,3.343
19448,3.343
19459,3.343
19470,3.344
19481,3.344
19492,3.345
19503,3.345
19514,3.346
19525,3.346
19536,3.346
19547,3.346
19558,3.347
19569,3.347
19580,3.348
19591,3.348
19602,3.349
19613,3.35
19624,3.35
19635,3.351
19646,3.352
19657,3.354
19668,3.355
19679,3.357
19690,3.359
19701,3.362
19712,3.366
19723,3.37
19734,3.373
19745,3.3770000000000002
19756,3.379
19767,3.38
19778,3.3810000000000002
19789,3.3810000000000002
19800,3.3810000000000002
19811,3.3810000000000002
19822,3.3810000000000002
19833,3.382
19844,3.382
19855,3.382
19866,3.382
19877,3.383
19888,3.384
19899,3.384
19910,3.384
19921,3.3850000000000002
19932,3.386
19943,3.386
19954,3.387
19965,3.388
19976,3.388
19987,3.388
19998,3.3240000000000003
20009,3.323
20020,3.326
20031,3.291
20042,3.2920000000000003
20053,3.303
20064,3.311
20075,3.322
20086,3.31
20097,3.329
20108,3.329
20119,3.241
20130,3.215
20141,3.3160000000000003
20152,3.258
20163,3.305
20174,3.317
20185,3.263
20196,3.3160000000000003
20207,3.281
20218,3.217
20229,3.291
20240,3.294
20251,3.359
20262,3.295
20273,3.1550000000000002
20284,3.3000000000000003
20295,3.2960000000000003
20306,3.228
20317,3.38
20328,3.3040000000000003
20339,3.2560000000000002
20350,3.3160000000000003
20361,3.329
20372,3.329
20383,3.317
20394,3.238
20405,3.3080000000000003
20416,3.267
20427,3.255
20438,3.333
20449,3.278
20460,3.274
20471,3.3120000000000003
20482,3.309
20493,3.301
20504,3.364
20515,3.371
20526,3.374
20537,3.375
20548,3.375
20559,3.376
20570,3.376
20581,3.3770000000000002
20592,3.378
20603,3.378
20614,3.378
20625,3.379
20636,3.38
20647,3.379
20658,3.38
20669,3.38
20680,3.3810000000000002
20691,3.3810000000000002
20702,3.382
20713,3.383
20724,3.384
20735,3.3850000000000002
20746,3.386
20757,3.386
20768,3.388
20779,3.3890000000000002
20790,3.391
20801,3.392
20812,3.3930000000000002
20823,3.396
20834,3.398
20845,3.4010000000000002
20856,3.404
20867,3.408
20878,3.415
20889,3.427
20900,3.477
20911,3.371
20922,3.37
20933,3.313
20944,3.262
20955,3.262
20966,3.267
20977,3.327
20988,3.327
20999,3.311
21010,3.329
21021,3.329
21032,3.263
21043,3.314
21054,3.3080000000000003
21065,3.23
21076,3.2880000000000003
21087,3.289
21098,3.313
21109,3.33
21120,3.33
21131,3.245
21142,3.327
21153,3.221
21164,3.349
21175,3.294
21186,3.3120000000000003
21197,3.319
21208,3.319
21219,3.203
21230,3.285
21241,3.315
21252,3.33
21263,3.321
21274,3.271
21285,3.275
21296,3.273
21307,3.327
21318,3.327
21329,3.3280000000000003
21340,3.3040000000000003
21351,3.331
21362,3.331
21373,3.152
21384,3.311
21395,3.261
21406,3.313
21417,3.302
21428,3.325
21439,3.326
21450,3.317
21461,3.33
21472,3.362
21483,3.369
21494,3.371
21505,3.373
21516,3.372
21527,3.373
21538,3.373
21549,3.373
21560,3.374
21571,3.374
21582,3.374
21593,3.374
21604,3.374
21615,3.374
21626,3.374
21637,3.375
21648,3.375
21659,3.375
21670,3.376
21681,3.376
21692,3.376
21703,3.376
21714,3.3770000000000002
21725,3.3770000000000002
21736,3.378
21747,3.379
21758,3.38
21769,3.3810000000000002
21780,3.382
21791,3.383
21802,3.3850000000000002
21813,3.386
21824,3.387
21835,3.3890000000000002
21846,3.392
21857,3.394
21868,3.398
21879,3.404
21890,3.415
21901,3.446
21912,3.373
21923,3.372
21934,3.321
21945,3.303
21956,3.311
21967,3.319
21978,3.33
21989,3.33
22000,3.344
22011,3.294
22022,3.325
22033,3.311
22044,3.294
22055,3.318
22066,3.331
22077,3.331
22088,3.29
22099,3.282
22110,3.333
22121,3.331
22132,3.368
22143,3.3280000000000003
22154,3.2600000000000002
22165,3.273
22176,3.341
22187,3.297
22198,3.346
22209,3.331
22220,3.331
22231,3.3240000000000003
22242,3.333
22253,3.321
22264,3.313
22275,3.265
22286,3.332
22297,3.298
22308,3.329
22319,3.3280000000000003
22330,3.322
22341,3.2760000000000002
22352,3.33
22363,3.258
22374,3.3160000000000003
22385,3.3160000000000003
22396,3.29
22407,3.346
22418,3.362
22429,3.368
22440,3.371
22451,3.372
22462,3.372
22473,3.372
22484,3.372
22495,3.372
22506,3.372
22517,3.372
22528,3.372
22539,3.373
22550,3.373
22561,3.373
22572,3.373
22583,3.374
22594,3.374
22605,3.374
22616,3.373
22627,3.374
22638,3.375
22649,3.375
22660,3.375
22671,3.376
22682,3.376
22693,3.3770000000000002
22704,3.378
22715,3.379
22726,3.38
22737,3.3810000000000002
22748,3.382
22759,3.383
22770,3.3850000000000002
22781,3.386
22792,3.388
22803,3.391
22814,3.394
22825,3.4
22836,3.4090000000000003
22847,3.434
22858,3.3970000000000002
22869,3.396
22880,3.329
22891,3.291
22902,3.331
22913,3.331
22924,3.222
22935,3.271
22946,3.198
22957,3.341
22968,3.33
22979,3.33
22990,3.326
23001,3.33
23012,3.255
23023,3.358
23034,3.262
23045,3.234
23056,3.365
23067,3.331
23078,3.332
23089,3.318
23100,3.257
23111,3.283
23122,3.313
23133,3.302
23144,3.3040000000000003
23155,3.202
23166,3.263
23177,3.193
23188,3.258
23199,3.318
23210,3.321
23221,3.317
23232,3.331
23243,3.331
23254,3.278
23265,3.297
23276,3.2920000000000003
23287,3.33
23298,3.33
23309,3.301
23320,3.3280000000000003
23331,3.3280000000000003
23342,3.299
23353,3.281
23364,3.31
23375,3.283
23386,3.172
23397,3.061
23408,3.247
23419,3.286
23430,3.286
23441,3.2520000000000002
23452,3.188
23463,3.263
23474,3.249
23485,3.287
23496,3.289
23507,3.289
23518,3.265
23529,3.17
23540,3.188
23551,3.332
23562,3.262
23573,3.266
23584,3.265
23595,3.244
23606,3.306
23617,3.3280000000000003
23628,3.332
23639,3.335
23650,3.338
23661,3.339
23672,3.341
23683,3.342
23694,3.344
23705,3.344
23716,3.345
23727,3.346
23738,3.347
23749,3.348
23760,3.349
23771,3.35
23782,3.351
23793,3.353
23804,3.355
23815,3.356
23826,3.36
23837,3.365
23848,3.37
23859,3.375
23870,3.379
23881,3.38
23892,3.38
23903,3.3810000000000002
23914,3.3810000000000002
23925,3.3810000000000002
23936,3.3810000000000002
23947,3.3810000000000002
23958,3.3810000000000002
23969,3.3810000000000002
23980,3.382
23991,3.382
24002,3.382
24013,3.383
24024,3.383
24035,3.383
24046,3.384
24057,3.3850000000000002
24068,3.3850000000000002
24079,3.386
24090,3.386
24101,3.387
24112,3.387
24123,3.388
24134,3.3890000000000002
24145,3.39
24156,3.391
24167,3.392
24178,3.394
24189,3.395
24200,3.396
24211,3.398
24222,3.4010000000000002
24233,3.403
24244,3.407
24255,3.41
24266,3.416
24277,3.4250000000000003
24288,3.442
24299,3.494
24310,3.5740000000000003
24321,3.386
24332,3.384
24343,3.314
24354,3.314
24365,3.33
24376,3.33
24387,3.309
24398,3.227
24409,3.368
24420,3.291
24431,3.289
24442,3.285
24453,3.329
24464,3.329
24475,3.321
24486,3.294
24497,3.33
24508,3.33
24519,3.319
24530,3.352
24541,3.281
24552,3.321
24563,3.327
24574,3.3160000000000003
24585,3.321
24596,3.351
24607,3.349
24618,3.317
24629,3.319
24640,3.337
24651,3.331
24662,3.302
24673,3.348
24684,3.287
24695,3.206
24706,3.133
24717,3.271
24728,3.327
24739,3.22
24750,3.215
24761,3.2920000000000003
24772,3.336
24783,3.351
24794,3.36
24805,3.365
24816,3.368
24827,3.369
24838,3.37
24849,3.372
24860,3.299
24871,3.251
24882,3.231
24893,3.173
24904,3.2640000000000002
24915,3.235
24926,3.297
24937,3.3160000000000003
24948,3.3280000000000003
24959,3.337
24970,3.345
24981,3.352
24992,3.364
25003,3.372
25014,3.376
25025,3.3770000000000002
25036,3.378
25047,3.378
25058,3.378
25069,3.378
25080,3.378
25091,3.379
25102,3.379
25113,3.379
25124,3.379
25135,3.379
25146,3.379
25157,3.38
25168,3.38
25179,3.3810000000000002
25190,3.3810000000000002
25201,3.382
25212,3.382
25223,3.383
25234,3.383
25245,3.383
25256,3.384
25267,3.3850000000000002
25278,3.3850000000000002
25289,3.387
25300,3.388
25311,3.3890000000000002
25322,3.39
25333,3.391
25344,3.3930000000000002
25355,3.395
25366,3.3970000000000002
25377,3.4
25388,3.404
25399,3.41
25410,3.418
25421,3.438
25432,3.545
25443,3.426
25454,3.4250000000000003
25465,3.267
25476,3.33
25487,3.1830000000000003
25498,3.3000000000000003
25509,3.29
25520,3.287
25531,3.309
25542,3.247
25553,3.3200000000000003
25564,3.321
25575,3.302
25586,3.313
25597,3.239
25608,3.318
25619,3.33
25630,3.326
25641,3.321
25652,3.263
25663,3.269
25674,3.306
25685,3.3280000000000003
25696,3.3280000000000003
25707,3.336
25718,3.188
25729,3.2960000000000003
25740,3.322
25751,3.33
25762,3.33
25773,3.225
25784,3.246
25795,3.282
25806,3.329
25817,3.329
25828,3.333
25839,3.333
25850,3.306
25861,3.15
25872,3.075
25883,3.293
25894,3.293
25905,3.281
25916,3.3240000000000003
25927,3.313
25938,3.255
25949,3.319
25960,3.3200000000000003
25971,3.3240000000000003
25982,3.3240000000000003
25993,3.203
26004,3.257
26015,3.269
26026,3.205
26037,3.244
26048,3.267
26059,3.289
26070,3.168
26081,3.261
26092,3.33
26103,3.341
26114,3.348
26125,3.353
26136,3.359
26147,3.365
26158,3.374
26169,3.38
26180,3.382
26191,3.383
26202,3.383
26213,3.383
26224,3.382
26235,3.382
26246,3.382
26257,3.348
26268,3.314
26279,3.277
26290,3.1710000000000003
26301,3.198
26312,3.2680000000000002
26323,3.285
26334,3.2720000000000002
26345,3.282
26356,3.298
26367,3.291
26378,3.293
26389,3.225
26400,3.2640000000000002
26411,3.277
26422,3.294
26433,3.294
26444,3.214
26455,3.261
26466,3.213
26477,3.215
26488,3.146
26499,3.254
26510,3.2560000000000002
26521,3.259
26532,3.25
26543,3.274
26554,3.289
26565,3.197
26576,3.251
26587,3.254
26598,3.259
26609,3.267
26620,3.2760000000000002
26631,3.287
26642,3.266
26653,3.2720000000000002
26664,3.27
26675,3.285
26686,3.286
26697,3.229
26708,3.18
26719,3.261
26730,3.259
26741,3.277
26752,3.257
26763,3.1950000000000003
26774,3.1670000000000003
26785,3.203
26796,3.277
26807,3.277
26818,3.169
26829,3.249
26840,3.323
26851,3.331
26862,3.335
26873,3.338
26884,3.339
26895,3.34
26906,3.34
26917,3.34
26928,3.34
26939,3.34
26950,3.34
26961,3.34
26972,3.34
26983,3.34
26994,3.34
27005,3.34
27016,3.34
27027,3.341
27038,3.341
27049,3.341
27060,3.342
27071,3.341
27082,3.342
27093,3.342
27104,3.342
27115,3.343
27126,3.344
27137,3.345
27148,3.345
27159,3.346
27170,3.347
27181,3.349
27192,3.35
27203,3.353
27214,3.355
27225,3.358
27236,3.361
27247,3.365
27258,3.368
27269,3.373
27280,3.374
27291,3.376
27302,3.3770000000000002
27313,3.376
27324,3.3770000000000002
27335,3.3770000000000002
27346,3.3770000000000002
27357,3.3770000000000002
27368,3.3770000000000002
27379,3.378
27390,3.378
27401,3.379
27412,3.38
27423,3.38
27434,3.38
27445,3.3810000000000002
27456,3.382
27467,3.383
27478,3.383
27489,3.384
27500,3.3850000000000002
27511,3.3850000000000002
27522,3.386
27533,3.387
27544,3.388
27555,3.3890000000000002
27566,3.39
27577,3.391
27588,3.392
27599,3.394
27610,3.396
27621,3.3970000000000002
27632,3.399
27643,3.4010000000000002
27654,3.4050000000000002
27665,3.408
27676,3.415
27687,3.423
27698,3.443
27709,3.511
27720,3.5780000000000003
27731,3.38
27742,3.379
27753,3.236
27764,3.365
27775,3.277
27786,3.294
27797,3.329
27808,3.329
27819,3.345
27830,3.298
27841,3.263
27852,3.307
27863,3.215
27874,3.207
27885,3.329
27896,3.33
27907,3.3280000000000003
27918,3.317
27929,3.35
27940,3.33
27951,3.351
27962,3.311
27973,3.33
27984,3.33
27995,3.291
28006,3.275
28017,3.253
28028,3.3280000000000003
28039,3.329
28050,3.329
28061,3.313
28072,3.283
28083,3.311
28094,3.37
28105,3.374
28116,3.3770000000000002
28127,3.376
28138,3.3770000000000002
28149,3.378
28160,3.378
28171,3.3770000000000002
28182,3.378
28193,3.378
28204,3.378
28215,3.379
28226,3.378
28237,3.378
28248,3.379
28259,3.379
28270,3.38
28281,3.3810000000000002
28292,3.382
28303,3.382
28314,3.383
28325,3.383
28336,3.384
28347,3.386
28358,3.387
28369,3.388
28380,3.39
28391,3.391
28402,3.3930000000000002
28413,3.395
28424,3.398
28435,3.402
28446,3.406
28457,3.412
28468,3.426
28479,3.521
28490,3.4170000000000003
28501,3.415
28512,3.315
28523,3.3120000000000003
28534,3.327
28545,3.27
28556,3.182
28567,3.259
28578,3.3080000000000003
28589,3.271
28600,3.3280000000000003
28611,3.3040000000000003
28622,3.243
28633,3.33
28644,3.33
28655,3.274
28666,3.285
28677,3.271
28688,3.291
28699,3.243
28710,3.228
28721,3.339
28732,3.33
28743,3.315
28754,3.323
28765,3.325
28776,3.331
28787,3.331
28798,3.265
28809,3.315
28820,3.3040000000000003
28831,3.331
28842,3.331
28853,3.289
28864,3.2800000000000002
28875,3.305
28886,3.235
28897,3.306
28908,3.322
28919,3.315
28930,3.317
28941,3.33
28952,3.3200000000000003
28963,3.2840000000000003
28974,3.301
28985,3.322
28996,3.213
29007,3.213
29018,3.289
29029,3.283
29040,3.231
29051,3.269
29062,3.291
29073,3.291
29084,3.216
29095,3.265
29106,3.236
29117,3.25
29128,3.2760000000000002
29139,3.279
29150,3.29
29161,3.29
29172,3.275
29183,3.2720000000000002
29194,3.318
29205,3.329
29216,3.336
29227,3.338
29238,3.339
29249,3.341
29260,3.343
29271,3.344
29282,3.346
29293,3.348
29304,3.35
29315,3.353
29326,3.356
29337,3.362
29348,3.368
29359,3.372
29370,3.375
29381,3.375
29392,3.375
29403,3.375
29414,3.375
29425,3.374
29436,3.374
29447,3.375
29458,3.375
29469,3.375
29480,3.375
29491,3.375
29502,3.3770000000000002
29513,3.376
29524,3.3770000000000002
29535,3.3770000000000002
29546,3.378
29557,3.378
29568,3.379
29579,3.379
29590,3.38
29601,3.3810000000000002
29612,3.382
29623,3.383
29634,3.383
29645,3.384
29656,3.3850000000000002
29667,3.387
29678,3.388
29689,3.3890000000000002
29700,3.391
29711,3.3930000000000002
29722,3.396
29733,3.398
29744,3.402
29755,3.408
29766,3.4170000000000003
29777,3.439
29788,3.528
29799,3.3770000000000002
29810,3.376
29821,3.305
29832,3.282
29843,3.314
29854,3.2880000000000003
29865,3.33
29876,3.33
29887,3.243
29898,3.331
29909,3.331
29920,3.3080000000000003
29931,3.277
29942,3.3040000000000003
29953,3.318
29964,3.317
29975,3.331
29986,3.303
29997,3.298
30008,3.332
30019,3.332
30030,3.269
30041,3.273
30052,3.3280000000000003
30063,3.315
30074,3.253
30085,3.329
30096,3.329
30107,3.33
30118,3.33
30129,3.3280000000000003
30140,3.329
30151,3.313
30162,3.31
30173,3.331
30184,3.349
30195,3.279
30206,3.307
30217,3.2960000000000003
30228,3.311
30239,3.269
30250,3.354
30261,3.262
30272,3.248
30283,3.2840000000000003
30294,3.265
30305,3.277
30316,3.218
30327,3.295
30338,3.295
30349,3.2960000000000003
30360,3.2960000000000003
30371,3.235
30382,3.236
30393,3.225
30404,3.262
30415,3.244
30426,3.1630000000000003
30437,3.278
30448,3.2560000000000002
30459,3.194
30470,3.17
30481,3.271
30492,3.287
30503,3.2880000000000003
30514,3.202
30525,3.266
30536,3.325
30547,3.331
30558,3.335
30569,3.335
30580,3.338
30591,3.339
30602,3.341
30613,3.342
30624,3.343
30635,3.344
30646,3.345
30657,3.347
30668,3.348
30679,3.35
30690,3.352
30701,3.356
30712,3.36
30723,3.364
30734,3.37
30745,3.374
30756,3.375
30767,3.3770000000000002
30778,3.3770000000000002
30789,3.376
30800,3.3770000000000002
30811,3.3770000000000002
30822,3.3770000000000002
30833,3.3770000000000002
30844,3.3770000000000002
30855,3.3770000000000002
30866,3.3770000000000002
30877,3.3770000000000002
30888,3.378
30899,3.378
30910,3.378
30921,3.379
30932,3.38
30943,3.38
30954,3.38
30965,3.3810000000000002
30976,3.382
30987,3.3810000000000002
30998,3.383
31009,3.384
31020,3.3850000000000002
31031,3.386
31042,3.387
31053,3.3890000000000002
31064,3.39
31075,3.392
31086,3.3930000000000002
31097,3.396
31108,3.398
31119,3.4010000000000002
31130,3.406
31141,3.4130000000000003
31152,3.426
31163,3.461
31174,3.584
31185,3.392
31196,3.366
31207,3.2960000000000003
31218,3.2840000000000003
31229,3.2960000000000003
31240,3.306
31251,3.315
31262,3.311
31273,3.33
31284,3.33
31295,3.338
31306,3.261
31317,3.3120000000000003
31328,3.226
31339,3.315
31350,3.267
31361,3.169
31372,3.331
31383,3.327
31394,3.326
31405,3.314
31416,3.3120000000000003
31427,3.192
31438,3.249
31449,3.318
31460,3.332
31471,3.332
31482,3.321
31493,3.314
31504,3.216
31515,3.287
31526,3.2640000000000002
31537,3.21
31548,3.331
31559,3.307
31570,3.241
31581,3.278
31592,3.1830000000000003
31603,3.222
31614,3.279
31625,3.281
31636,3.2800000000000002
31647,3.2920000000000003
31658,3.2920000000000003
31669,3.244
31680,3.274
31691,3.196
31702,3.291
31713,3.2920000000000003
31724,3.282
31735,3.0380000000000003
31746,3.177
31757,3.251
31768,3.278
31779,3.251
31790,3.281
31801,3.1950000000000003
31812,3.2
31823,3.176
31834,3.281
31845,3.289
31856,3.258
31867,3.295
31878,3.319
31889,3.327
31900,3.329
31911,3.33
31922,3.331
31933,3.332
31944,3.332
31955,3.333
31966,3.333
31977,3.334
31988,3.334
31999,3.335
32010,3.335
32021,3.336
32032,3.336
32043,3.337
32054,3.337
32065,3.338
32076,3.338
32087,3.338
32098,3.34
32109,3.34
32120,3.341
32131,3.342
32142,3.344
32153,3.345
32164,3.347
32175,3.35
32186,3.357
32197,3.362
32208,3.367
32219,3.371
32230,3.371
32241,3.371
32252,3.371
32263,3.371
32274,3.371
32285,3.371
32296,3.372
32307,3.372
32318,3.372
32329,3.372
32340,3.373
32351,3.372
32362,3.373
32373,3.374
32384,3.374
32395,3.374
32406,3.375
32417,3.376
32428,3.376
32439,3.3770000000000002
32450,3.378
32461,3.378
32472,3.379
32483,3.38
32494,3.3810000000000002
32505,3.382
32516,3.383
32527,3.384
32538,3.386
32549,3.387
32560,3.3890000000000002
32571,3.391
32582,3.394
32593,3.398
32604,3.404
32615,3.416
32626,3.454
32637,3.4090000000000003
32648,3.408
32659,3.329
32670,3.313
32681,3.297
32692,3.294
32703,3.321
32714,3.307
32725,3.321
32736,3.2920000000000003
32747,3.331
32758,3.331
32769,3.323
32780,3.3040000000000003
32791,3.322
32802,3.287
32813,3.271
32824,3.306
32835,3.3200000000000003
32846,3.313
32857,3.278
32868,3.305
32879,3.3080000000000003
32890,3.315
32901,3.22
32912,3.313
32923,3.29
32934,3.249
32945,3.332
32956,3.332
32967,3.204
32978,3.313
32989,3.309
33000,3.327
33011,3.309
33022,3.329
33033,3.283
33044,3.267
33055,3.2760000000000002
33066,3.298
33077,3.315
33088,3.336
33099,3.34
33110,3.344
33121,3.348
33132,3.352
33143,3.357
33154,3.362
33165,3.365
33176,3.367
33187,3.368
33198,3.368
33209,3.368
33220,3.369
33231,3.368
33242,3.368
33253,3.368
33264,3.367
33275,3.349
33286,3.336
33297,3.321
33308,3.3240000000000003
33319,3.3200000000000003
33330,3.323
33341,3.314
33352,3.3120000000000003
33363,3.239
33374,3.293
33385,3.243
33396,3.287
33407,3.298
33418,3.3160000000000003
33429,3.3160000000000003
33440,3.283
33451,3.271
33462,3.2800000000000002
33473,3.076
33484,3.289
33495,3.197
33506,3.223
33517,3.273
33528,3.29
33539,3.29
33550,3.2720000000000002
33561,3.274
33572,3.3280000000000003
33583,3.337
33594,3.341
33605,3.343
33616,3.344
33627,3.347
33638,3.34
33649,3.294
33660,3.182
33671,3.214
33682,3.242
33693,3.196
33704,3.269
33715,3.3000000000000003
33726,3.3120000000000003
33737,3.319
33748,3.325
33759,3.331
33770,3.336
33781,3.34
33792,3.343
33803,3.345
33814,3.348
33825,3.349
33836,3.351
33847,3.353
33858,3.357
33869,3.361
33880,3.366
33891,3.372
33902,3.375
33913,3.376
33924,3.376
33935,3.375
33946,3.376
33957,3.375
33968,3.376
33979,3.375
33990,3.375
34001,3.376
34012,3.376
34023,3.376
34034,3.376
34045,3.376
34056,3.3770000000000002
34067,3.3770000000000002
34078,3.378
34089,3.378
34100,3.379
34111,3.379
34122,3.38
34133,3.3810000000000002
34144,3.3810000000000002
34155,3.382
34166,3.382
34177,3.384
34188,3.3850000000000002
34199,3.3850000000000002
34210,3.387
34221,3.3890000000000002
34232,3.391
34243,3.392
34254,3.394
34265,3.3970000000000002
34276,3.4
34287,3.404
34298,3.412
34309,3.4250000000000003
34320,3.467
34331,3.555
34342,3.391
34353,3.345
34364,3.317
34375,3.319
34386,3.33
34397,3.317
34408,3.3040000000000003
34419,3.323
34430,3.3240000000000003
34441,3.325
34452,3.3280000000000003
34463,3.33
34474,3.33
34485,3.327
34496,3.0540000000000003
34507,3.233
34518,3.232
34529,3.317
34540,3.322
34551,3.134
34562,3.33
34573,3.33
34584,3.273
34595,3.317
34606,3.2840000000000003
34617,3.301
34628,3.2600000000000002
34639,3.331
34650,3.331
34661,3.291
34672,3.3200000000000003
34683,3.315
34694,3.314
34705,3.342
34716,3.317
34727,3.33
34738,3.327
34749,3.2920000000000003
34760,3.289
34771,3.299
34782,3.2560000000000002
34793,3.318
34804,3.222
34815,3.2600000000000002
34826,3.128
34837,3.331
34848,3.297
34859,3.305
34870,3.295
34881,3.302
34892,3.326
34903,3.1670000000000003
34914,3.243
34925,3.275
34936,3.297
34947,3.297
34958,3.231
34969,3.078
34980,3.2520000000000002
34991,3.2720000000000002
35002,3.283
35013,3.2840000000000003
35024,3.2800000000000002
35035,3.205
35046,3.307
35057,3.266
35068,3.164
35079,3.144
35090,3.2600000000000002
35101,3.275
35112,3.247
35123,3.16
35134,3.162
35145,3.2800000000000002
35156,3.2800000000000002
35167,3.209
35178,3.287
35189,3.337
35200,3.344
35211,3.346
35222,3.347
35233,3.348
35244,3.348
35255,3.348
35266,3.348
35277,3.349
35288,3.349
35299,3.349
35310,3.349
35321,3.35
35332,3.349
35343,3.349
35354,3.35
35365,3.35
35376,3.351
35387,3.353
35398,3.354
35409,3.355
35420,3.356
35431,3.358
35442,3.359
35453,3.362
35464,3.365
35475,3.369
35486,3.373
35497,3.378
35508,3.3810000000000002
35519,3.383
35530,3.383
35541,3.384
35552,3.384
35563,3.384
35574,3.384
35585,3.3850000000000002
35596,3.384
35607,3.3850000000000002
35618,3.3850000000000002
35629,3.386
35640,3.386
35651,3.387
35662,3.387
35673,3.387
35684,3.388
35695,3.388
35706,3.3890000000000002
35717,3.39
35728,3.391
35739,3.391
35750,3.392
35761,3.3930000000000002
35772,3.3930000000000002
35783,3.395
35794,3.396
35805,3.3970000000000002
35816,3.398
35827,3.399
35838,3.4010000000000002
35849,3.402
35860,3.407
35871,3.41
35882,3.4130000000000003
35893,3.4170000000000003
35904,3.423
35915,3.4330000000000003
35926,3.45
35937,3.499
35948,3.515
35959,3.372
35970,3.371
35981,3.097
35992,3.329
36003,3.329
36014,3.279
36025,3.3770000000000002
36036,3.3040000000000003
36047,3.314
36058,3.299
36069,3.275
36080,3.289
36091,3.309
36102,3.391
36113,3.255
36124,3.3280000000000003
36135,3.246
36146,3.317
36157,3.2560000000000002
36168,3.319
36179,3.329
36190,3.33
36201,3.261
36212,3.331
36223,3.331
36234,3.267
36245,3.3000000000000003
36256,3.273
36267,3.329
36278,3.33
36289,3.301
36300,3.33
36311,3.33
36322,3.319
36333,3.333
36344,3.318
36355,3.279
36366,3.279
36377,3.311
36388,3.224
36399,3.221
36410,3.269
36421,3.3160000000000003
36432,3.19
36443,3.299
36454,3.286
36465,3.148
36476,3.327
36487,3.33
36498,3.33
36509,3.34
36520,3.2880000000000003
36531,3.366
36542,3.3810000000000002
36553,3.383
36564,3.383
36575,3.383
36586,3.383
36597,3.383
36608,3.383
36619,3.383
36630,3.383
36641,3.384
36652,3.383
36663,3.383
36674,3.384
36685,3.384
36696,3.3850000000000002
36707,3.3850000000000002
36718,3.3850000000000002
36729,3.386
36740,3.387
36751,3.386
36762,3.387
36773,3.388
36784,3.3890000000000002
36795,3.3890000000000002
36806,3.391
36817,3.392
36828,3.3930000000000002
36839,3.394
36850,3.396
36861,3.398
36872,3.4
36883,3.403
36894,3.406
36905,3.411
36916,3.418
36927,3.431
36938,3.487
36949,3.369
36960,3.368
36971,3.303
36982,3.3120000000000003
36993,3.209
37004,3.3120000000000003
37015,3.379
37026,3.314
37037,3.307
37048,3.281
37059,3.3000000000000003
37070,3.254
37081,3.285
37092,3.305
37103,3.2680000000000002
37114,3.3200000000000003
37125,3.1790000000000003
37136,3.314
37147,3.265
37158,3.27
37169,3.331
37180,3.331
37191,3.262
37202,3.334
37213,3.317
37224,3.279
37235,3.198
37246,3.302
37257,3.3240000000000003
37268,3.331
37279,3.331
37290,3.233
37301,3.31
37312,3.238
37323,3.323
37334,3.271
37345,3.259
37356,3.146
37367,3.244
37378,3.282
37389,3.1
37400,3.1990000000000003
37411,3.211
37422,3.274
37433,3.2840000000000003
37444,3.289
37455,3.2760000000000002
37466,3.158
37477,3.281
37488,3.2880000000000003
37499,3.2880000000000003
37510,3.251
37521,3.289
37532,3.289
37543,3.283
37554,3.29
37565,3.291
37576,3.203
37587,3.281
37598,3.201
37609,3.299
37620,3.203
37631,3.22
37642,3.2880000000000003
37653,3.289
37664,3.174
37675,3.2760000000000002
37686,3.327
37697,3.333
37708,3.335
37719,3.335
37730,3.335
37741,3.335
37752,3.335
37763,3.336
37774,3.337
37785,3.337
37796,3.337
37807,3.338
37818,3.338
37829,3.338
37840,3.338
37851,3.339
37862,3.34
37873,3.34
37884,3.341
37895,3.342
37906,3.343
37917,3.344
37928,3.345
37939,3.347
37950,3.35
37961,3.353
37972,3.357
37983,3.363
37994,3.368
38005,3.37
38016,3.372
38027,3.373
38038,3.373
38049,3.373
38060,3.373
38071,3.374
38082,3.374
38093,3.374
38104,3.374
38115,3.374
38126,3.375
38137,3.375
38148,3.376
38159,3.376
38170,3.3770000000000002
38181,3.3770000000000002
38192,3.378
38203,3.379
38214,3.379
38225,3.379
38236,3.38
38247,3.3810000000000002
38258,3.382
38269,3.383
38280,3.384
38291,3.3850000000000002
38302,3.386
38313,3.387
38324,3.388
38335,3.3890000000000002
38346,3.392
38357,3.3930000000000002
38368,3.395
38379,3.399
38390,3.403
38401,3.4090000000000003
38412,3.42
38423,3.4490000000000003
38434,3.5620000000000003
38445,3.388
38456,3.36
38467,3.3200000000000003
38478,3.321
38489,3.331
38500,3.331
38511,3.285
38522,3.25
38533,3.331
38544,3.331
38555,3.335
38566,3.2840000000000003
38577,3.257
38588,3.354
38599,3.319
38610,3.262
38621,3.267
38632,3.33
38643,3.332
38654,3.332
38665,3.275
38676,3.332
38687,3.332
38698,3.282
38709,3.321
38720,3.332
38731,3.332
38742,3.181
38753,3.315
38764,3.317
38775,3.297
38786,3.313
38797,3.33
38808,3.33
38819,3.309
38830,3.246
38841,3.309
38852,3.3120000000000003
38863,3.309
38874,3.31
38885,3.315
38896,3.307
38907,3.329
38918,3.33
38929,3.261
38940,3.286
38951,3.305
38962,3.322
38973,3.322
38984,3.274
38995,3.297
39006,3.205
39017,3.277
39028,3.2960000000000003
39039,3.289
39050,3.237
39061,3.164
39072,3.258
39083,3.2880000000000003
39094,3.287
39105,3.168
39116,3.236
39127,3.204
39138,3.223
39149,3.289
39160,3.289
39171,3.289
39182,3.263
39193,3.253
39204,3.257
39215,3.254
39226,3.29
39237,3.273
39248,3.267
39259,3.21
39270,3.19
39281,3.235
39292,3.285
39303,3.285
39314,3.236
39325,3.27
39336,3.322
39347,3.329
39358,3.331
39369,3.332
39380,3.332
39391,3.333
39402,3.333
39413,3.333
39424,3.334
39435,3.2640000000000002
39446,3.217
39457,3.228
39468,3.1710000000000003
39479,3.2720000000000002
39490,3.25
39501,3.317
39512,3.266
39523,3.177
39534,3.253
39545,3.281
39556,3.295
39567,3.305
39578,3.3160000000000003
39589,3.321
39600,3.326
39611,3.329
39622,3.332
39633,3.334
39644,3.335
39655,3.336
39666,3.336
39677,3.336
39688,3.336
39699,3.336
39710,3.336
39721,3.336
39732,3.336
39743,3.336
39754,3.336
39765,3.336
39776,3.336
39787,3.336
39798,3.337
39809,3.337
39820,3.337
39831,3.337
39842,3.338
39853,3.338
39864,3.338
39875,3.339
39886,3.34
39897,3.34
39908,3.341
39919,3.342
39930,3.343
39941,3.345
39952,3.346
39963,3.348
39974,3.351
39985,3.355
39996,3.358
40007,3.364
40018,3.368
40029,3.369
40040,3.371
40051,3.371
40062,3.372
40073,3.371
40084,3.372
40095,3.372
40106,3.372
40117,3.373
40128,3.373
40139,3.373
40150,3.374
40161,3.374
40172,3.374
40183,3.375
40194,3.376
40205,3.376
40216,3.3770000000000002
40227,3.378
40238,3.379
40249,3.38
40260,3.38
40271,3.3810000000000002
40282,3.382
40293,3.383
40304,3.384
40315,3.3850000000000002
40326,3.386
40337,3.387
40348,3.3890000000000002
40359,3.39
40370,3.3930000000000002
40381,3.396
40392,3.399
40403,3.404
40414,3.4130000000000003
40425,3.4290000000000003
40436,3.501
40447,3.387
40458,3.3850000000000002
40469,3.3200000000000003
40480,3.332
40491,3.332
40502,3.3120000000000003
40513,3.097
40524,3.309
40535,3.303
40546,3.31
40557,3.3000000000000003
40568,3.33
40579,3.314
40590,3.3000000000000003
40601,3.2600000000000002
40612,3.237
40623,3.356
40634,3.153
40645,3.3120000000000003
40656,3.315
40667,3.305
40678,3.206
40689,3.319
40700,3.17
40711,3.265
40722,3.246
40733,3.2960000000000003
40744,3.2760000000000002
40755,3.285
40766,3.1910000000000003
40777,3.2840000000000003
40788,3.274
40799,3.2800000000000002
40810,3.278
40821,3.294
40832,3.294
40843,3.232
40854,3.2600000000000002
40865,3.269
40876,3.2640000000000002
40887,3.29
40898,3.279
40909,3.219
40920,3.319
40931,3.331
40942,3.335
40953,3.336
40964,3.338
40975,3.339
40986,3.34
40997,3.34
41008,3.341
41019,3.341
41030,3.342
41041,3.344
41052,3.345
41063,3.347
41074,3.348
41085,3.351
41096,3.354
41107,3.358
41118,3.363
41129,3.368
41140,3.372
41151,3.374
41162,3.375
41173,3.375
41184,3.375
41195,3.375
41206,3.375
41217,3.375
41228,3.376
41239,3.375
41250,3.375
41261,3.376
41272,3.3770000000000002
41283,3.3770000000000002
41294,3.378
41305,3.378
41316,3.379
41327,3.379
41338,3.38
41349,3.3810000000000002
41360,3.3810000000000002
41371,3.382
41382,3.383
41393,3.384
41404,3.3850000000000002
41415,3.386
41426,3.387
41437,3.388
41448,3.3890000000000002
41459,3.391
41470,3.3930000000000002
41481,3.395
41492,3.3970000000000002
41503,3.4
41514,3.403
41525,3.408
41536,3.419
41547,3.44
41558,3.5220000000000002
41569,3.396
41580,3.394
41591,3.262
41602,3.322
41613,3.104
41624,3.3080000000000003
41635,3.236
41646,3.314
41657,3.313
41668,3.3160000000000003
41679,3.2880000000000003
41690,3.3200000000000003
41701,3.325
41712,3.3280000000000003
41723,3.297
41734,3.194
41745,3.3080000000000003
41756,3.314
41767,3.321
41778,3.331
41789,3.331
41800,3.239
41811,3.3240000000000003
41822,3.3120000000000003
41833,3.286
41844,3.2520000000000002
41855,3.319
41866,3.313
41877,3.307
41888,3.2680000000000002
41899,3.266
41910,3.253
41921,3.258
41932,3.323
41943,3.229
41954,3.211
41965,3.3240000000000003
41976,3.133
41987,3.265
41998,3.286
42009,3.197
42020,3.234
42031,3.2840000000000003
42042,3.286
42053,3.287
42064,3.212
42075,3.263
42086,3.1430000000000002
42097,3.232
42108,3.283
42119,3.2840000000000003
42130,3.266
42141,3.237
42152,3.2640000000000002
42163,3.271
42174,3.274
42185,3.245
42196,3.273
42207,3.259
42218,3.263
42229,3.262
42240,3.234
42251,3.235
42262,3.283
42273,3.283
42284,3.237
42295,3.293
42306,3.333
42317,3.343
42328,3.344
42339,3.345
42350,3.346
42361,3.345
42372,3.346
42383,3.347
42394,3.348
42405,3.349
42416,3.349
42427,3.35
42438,3.35
42449,3.351
42460,3.352
42471,3.353
42482,3.355
42493,3.356
42504,3.358
42515,3.361
42526,3.363
42537,3.366
42548,3.37
42559,3.373
42570,3.3770000000000002
42581,3.3810000000000002
42592,3.382
42603,3.383
42614,3.384
42625,3.384
42636,3.383
42647,3.384
42658,3.383
42669,3.384
42680,3.384
42691,3.3850000000000002
42702,3.3850000000000002
42713,3.386
42724,3.386
42735,3.386
42746,3.387
42757,3.387
42768,3.388
42779,3.388
42790,3.3890000000000002
42801,3.39
42812,3.391
42823,3.392
42834,3.392
42845,3.3930000000000002
42856,3.395
42867,3.396
42878,3.3970000000000002
42889,3.398
42900,3.399
42911,3.4010000000000002
42922,3.403
42933,3.4050000000000002
42944,3.407
42955,3.41
42966,3.414
42977,3.419
42988,3.426
42999,3.4370000000000003
43010,3.46
43021,3.532
43032,3.5700000000000003
43043,3.368
43054,3.34
43065,3.3120000000000003
43076,3.329
43087,3.33
43098,3.313
43109,3.309
43120,3.225
43131,3.236
43142,3.327
43153,3.3280000000000003
43164,3.27
43175,3.2920000000000003
43186,3.2680000000000002
43197,3.285
43208,3.3040000000000003
43219,3.327
43230,3.327
43241,3.3120000000000003
43252,3.33
43263,3.33
43274,3.371
43285,3.267
43296,3.197
43307,3.269
43318,3.362
43329,3.313
43340,3.314
43351,3.299
43362,3.3280000000000003
43373,3.329
43384,3.263
43395,3.318
43406,3.309
43417,3.33
43428,3.3120000000000003
43439,3.299
43450,3.2640000000000002
43461,3.194
43472,3.267
43483,3.2960000000000003
43494,3.3280000000000003
43505,3.315
43516,3.307
43527,3.241
43538,3.229
