terminaltime,totalvoltage
48.0,349.4
538.0,348.9
1098.0,349.0
1598.0,348.2
2179.0,355.9
2679.0,360.4
3179.0,366.4
3679.0,374.4
4179.0,386.3
4679.0,388.8
5179.0,394.0
5679.0,399.5
6179.0,405.3
6886.0,398.7
7386.0,399.2
7886.0,397.0
8396.0,396.5
8906.0,395.8
9406.0,393.7
9906.0,393.3
10406.0,392.9
11006.0,390.8
11506.0,387.2
12006.0,386.5
12506.0,383.5
13006.0,385.8
13882.0,384.6
14422.0,384.6
15090.0,383.7
15590.0,384.5
16090.0,382.4
17490.0,382.4
43606.0,381.6
44096.0,381.5
44586.0,380.7
45385.0,380.7
46098.0,380.5
46598.0,374.9
47098.0,373.0
47645.0,375.7
48145.0,375.3
48687.0,374.3
49431.0,374.3
49931.0,374.3
50448.0,374.4
51003.0,374.4
51592.0,374.4
52092.0,374.4
52592.0,374.4
53082.0,374.3
53665.0,374.3
54563.0,374.3
55497.0,374.3
56464.0,374.3
56964.0,374.1
57464.0,373.7
57964.0,370.9
58464.0,372.6
58964.0,370.4
59464.0,371.3
59964.0,370.8
60714.0,369.8
61414.0,368.8
61924.0,368.2
62424.0,369.2
62934.0,366.4
63804.0,364.0
64304.0,363.9
64804.0,363.5
65304.0,363.1
65804.0,362.7
66304.0,360.2
66905.0,363.0
67555.0,357.7
68055.0,355.9
68555.0,355.2
69055.0,355.2
69555.0,354.2
70055.0,352.1
70555.0,353.5
71055.0,352.8
71555.0,352.4
72175.0,353.4
72675.0,351.3
73175.0,349.6
73745.0,350.5
74245.0,349.1
74745.0,350.2
75245.0,349.7
75745.0,349.6
76245.0,346.2
76795.0,348.3
77295.0,345.9
77805.0,346.6
78305.0,347.1
78805.0,346.9
79305.0,347.6
79819.0,346.6
80365.0,358.6
80865.0,363.2
81365.0,371.1
81865.0,381.5
82365.0,387.5
82865.0,392.6
83365.0,398.2
83865.0,404.0
84355.0,401.8
84855.0,400.4
85355.0,399.8
85855.0,398.8
86355.0,395.4
86945.0,392.2
87515.0,395.0
88015.0,393.4
88525.0,390.3
89025.0,390.5
89525.0,389.4
90025.0,389.7
90525.0,388.8
91025.0,387.9
91525.0,386.8
92025.0,386.8
92526.0,385.7
93846.0,384.6
94726.0,383.3
95226.0,383.1
95726.0,382.1
96376.0,377.9
96876.0,378.6
97376.0,376.1
97876.0,373.6
98376.0,375.1
98876.0,373.6
99436.0,371.9
99936.0,372.9
100436.0,372.6
100936.0,370.2
101536.0,370.4
102136.0,369.3
102636.0,368.6
103136.0,366.1
103816.0,365.5
104316.0,365.2
104816.0,361.7
105316.0,362.5
105816.0,362.8
106330.0,362.5
117134.0,362.7
117634.0,362.2
118134.0,361.7
118704.0,361.2
119204.0,360.7
119704.0,360.3
120204.0,359.8
120704.0,359.5
121204.0,359.2
121704.0,358.8
122204.0,358.5
122695.0,358.2
133281.0,358.5
133777.0,358.2
134369.0,358.1
134869.0,357.1
135369.0,354.8
135869.0,355.2
136489.0,355.4
136989.0,355.4
137489.0,355.4
137989.0,355.2
138489.0,355.0
139079.0,349.8
139819.0,353.7
140319.0,353.2
141319.0,351.1
141949.0,351.5
143349.0,350.3
143849.0,350.6
144349.0,353.3
144989.0,349.5
145519.0,349.0
146089.0,344.5
146589.0,348.4
147088.0,348.4
147625.0,361.5
148125.0,370.3
148625.0,382.2
149125.0,387.3
149820.0,389.4
150320.0,395.1
150820.0,400.8
151320.0,406.8
151829.0,401.4
152329.0,399.4
153129.0,398.5
153629.0,397.6
154129.0,397.0
154699.0,390.0
155199.0,388.8
155699.0,386.6
156199.0,388.5
156699.0,387.7
157199.0,386.8
157799.0,385.3
158609.0,384.0
159109.0,382.8
159690.0,381.3
160190.0,375.8
160690.0,379.5
161190.0,377.9
161690.0,378.3
162190.0,375.7
162800.0,372.8
163370.0,372.0
164000.0,373.0
164500.0,371.6
165000.0,371.6
165500.0,369.5
166000.0,368.3
166500.0,367.8
167000.0,365.6
167500.0,366.5
168180.0,365.5
168730.0,361.8
169230.0,361.8
169730.0,358.0
170230.0,359.3
170730.0,359.3
171230.0,357.4
171920.0,356.4
172460.0,354.6
173410.0,353.0
173910.0,354.1
174410.0,353.8
175100.0,353.5
176180.0,352.8
176680.0,352.2
177180.0,351.8
177800.0,351.7
178350.0,351.1
179080.0,350.7
179640.0,350.5
180140.0,351.5
180860.0,350.3
181360.0,345.4
182520.0,348.9
183020.0,346.1
183810.0,346.6
184310.0,343.2
184810.0,347.5
185360.0,347.2
185860.0,345.1
186360.0,348.1
186860.0,346.0
187420.0,343.3
187920.0,344.4
188420.0,343.5
188920.0,344.4
192073.0,377.6
192803.0,376.0
193473.0,374.0
194574.0,374.7
222313.0,
222833.0,374.7
223333.0,371.2
223963.0,370.7
224463.0,370.9
224963.0,367.4
225613.0,367.3
226413.0,365.3
226913.0,362.5
227413.0,361.1
227983.0,360.2
228483.0,359.2
228983.0,358.1
229533.0,356.1
230133.0,353.1
230683.0,354.5
231183.0,352.9
231683.0,353.2
232213.0,350.0
232793.0,352.5
233323.0,351.5
233823.0,351.1
234323.0,347.8
234823.0,350.6
235523.0,350.1
236073.0,347.6
236573.0,349.2
237072.0,349.2
237563.0,360.4
238063.0,368.8
238563.0,379.6
239063.0,386.7
239563.0,391.1
240063.0,396.7
240563.0,402.5
241081.0,402.3
241581.0,400.4
242081.0,399.5
242641.0,395.5
243141.0,395.5
243791.0,391.4
244291.0,393.9
244791.0,391.0
245331.0,390.6
245831.0,389.5
246331.0,389.1
247091.0,386.9
247591.0,385.6
248091.0,387.4
248591.0,383.9
249183.0,382.6
250153.0,381.4
251303.0,380.9
251803.0,379.7
252413.0,378.2
252913.0,377.8
253413.0,378.0
253953.0,375.8
254563.0,375.0
255063.0,374.3
255563.0,373.7
256063.0,372.7
256563.0,372.3
257063.0,371.4
257783.0,371.7
258347.0,371.5
258847.0,370.5
259347.0,369.9
259847.0,368.2
260347.0,365.9
260877.0,365.0
261377.0,364.7
261877.0,363.0
262377.0,362.9
262937.0,359.3
263437.0,354.1
263937.0,357.2
264437.0,356.0
264937.0,351.1
265437.0,347.5
265937.0,350.6
266715.0,350.7
267630.0,350.9
268655.0,350.9
269640.0,350.9
270627.0,350.9
271617.0,350.9
272621.0,350.9
317191.0,349.8
317691.0,348.8
318308.0,349.9
319777.0,349.7
322946.0,349.6
324054.0,349.1
324634.0,349.3
325134.0,346.7
325642.0,348.4
329432.0,348.2
329932.0,349.0
330547.0,347.3
331037.0,346.9
346670.0,347.3
347562.0,347.3
348477.0,347.3
349346.0,347.3
349891.0,347.3
350419.0,347.3
351127.0,347.3
351776.0,347.3
352671.0,347.3
353567.0,347.3
354470.0,347.3
355354.0,347.3
356244.0,347.3
357146.0,347.3
358005.0,347.4
358900.0,347.4
359830.0,347.4
386993.0,
387564.0,344.7
388064.0,342.3
388564.0,336.7
389064.0,340.4
389564.0,334.7
390064.0,338.0
390554.0,353.9
391054.0,358.3
391554.0,362.9
392054.0,370.9
392554.0,383.0
393054.0,387.4
393554.0,392.6
394054.0,398.1
394554.0,404.0
395044.0,400.0
395544.0,398.5
396044.0,398.9
396544.0,397.8
397084.0,395.3
397704.0,395.1
398204.0,392.3
398704.0,393.8
399204.0,393.8
399704.0,393.5
400204.0,392.5
400704.0,392.1
401204.0,391.3
401704.0,390.4
402204.0,390.2
402704.0,389.4
403204.0,389.1
403704.0,388.0
404494.0,385.8
404994.0,385.7
405494.0,384.6
405994.0,383.4
406774.0,382.1
407274.0,381.4
408094.0,380.4
408594.0,379.9
409094.0,376.8
409594.0,378.6
410094.0,377.7
410594.0,376.8
411095.0,376.6
411595.0,374.9
412095.0,369.9
412655.0,373.7
413255.0,373.2
414603.0,372.7
415348.0,372.6
415855.0,372.4
416355.0,372.2
416855.0,372.0
417355.0,371.7
417855.0,371.5
418355.0,371.2
418855.0,371.0
419355.0,370.8
419855.0,370.6
423654.0,369.6
424154.0,369.0
424654.0,368.8
425154.0,367.0
425764.0,367.7
426674.0,365.4
427214.0,361.9
428306.0,362.4
428818.0,362.1
429348.0,360.1
429918.0,359.9
430418.0,359.7
431058.0,358.8
431648.0,357.6
432148.0,357.6
432728.0,357.3
433628.0,356.6
434128.0,355.3
434668.0,353.9
435168.0,353.3
435668.0,354.1
436258.0,354.0
436838.0,354.1
437348.0,353.3
437848.0,353.1
438388.0,352.5
438898.0,351.8
439398.0,351.8
439898.0,351.7
440408.0,351.4
440928.0,351.1
441518.0,352.1
442118.0,350.2
442618.0,348.6
443158.0,348.5
444148.0,346.7
445868.0,347.0
446618.0,344.1
447148.0,346.9
447718.0,344.9
448218.0,344.0
448828.0,343.7
449608.0,342.7
450108.0,343.9
450648.0,344.1
451158.0,341.1
451658.0,341.2
452248.0,355.3
452748.0,356.5
453248.0,360.8
453748.0,366.5
454258.0,374.3
454758.0,383.3
455368.0,390.1
455868.0,395.5
456388.0,401.4
456940.0,403.0
457470.0,400.9
457970.0,400.4
458470.0,400.0
458970.0,399.6
459470.0,399.1
459970.0,398.7
460470.0,398.3
460970.0,397.8
461470.0,397.4
461970.0,397.0
462470.0,396.6
462970.0,396.1
463470.0,395.8
463970.0,395.4
464470.0,395.0
464970.0,394.6
465470.0,394.3
479078.0,393.9
479578.0,392.6
480098.0,389.9
480628.0,391.2
481128.0,392.1
481628.0,390.7
482128.0,390.3
482628.0,389.6
483128.0,389.6
483628.0,389.4
484128.0,387.9
485975.0,387.1
486493.0,386.6
486987.0,386.4
488275.0,386.2
488795.0,383.7
489295.0,383.6
489845.0,382.8
490405.0,381.4
490905.0,375.2
491595.0,379.5
492525.0,378.6
493115.0,377.6
493685.0,375.4
494675.0,374.3
495426.0,372.9
495926.0,371.3
496426.0,370.3
497056.0,372.3
497646.0,369.9
498146.0,366.4
498846.0,367.8
499346.0,367.8
499876.0,366.2
500466.0,365.0
500986.0,363.1
501796.0,362.7
502476.0,360.6
504218.0,361.1
504768.0,360.4
505268.0,359.3
505768.0,358.6
506298.0,356.1
506798.0,355.1
507298.0,356.3
511095.0,397.2
511665.0,396.5
512165.0,393.6
512685.0,392.6
513185.0,392.8
513705.0,392.9
515958.0,391.8
516458.0,387.7
516958.0,388.8
517508.0,387.4
518048.0,387.9
518628.0,380.2
519168.0,384.1
519668.0,376.9
520168.0,380.3
520688.0,379.7
521190.0,376.7
521690.0,377.4
522240.0,373.7
522740.0,371.1
566315.0,371.8
567001.0,364.3
567501.0,358.5
568111.0,363.4
568711.0,357.2
569211.0,356.5
569781.0,355.6
570281.0,355.5
570781.0,355.4
571281.0,355.3
571781.0,355.2
572591.0,354.5
573101.0,353.4
573601.0,354.7
574631.0,351.4
575131.0,349.8
575661.0,350.7
576301.0,349.4
576801.0,350.1
577361.0,350.4
578001.0,349.1
578671.0,348.1
579171.0,346.6
579701.0,347.5
584457.0,399.9
585122.0,399.4
585622.0,398.5
586303.0,395.9
586933.0,394.3
587433.0,393.7
587943.0,390.1
588443.0,387.7
589513.0,385.9
590013.0,384.9
590603.0,383.6
591103.0,382.2
591913.0,381.4
592413.0,379.9
592913.0,380.7
593413.0,379.5
593963.0,377.7
594463.0,377.5
594963.0,377.5
595466.0,376.0
595966.0,374.8
596656.0,373.5
597226.0,372.5
597776.0,371.5
598366.0,369.4
598866.0,369.5
599366.0,369.9
599866.0,368.9
600776.0,366.4
601356.0,365.0
602691.0,363.1
603251.0,362.2
604633.0,362.0
605133.0,360.4
605633.0,360.6
606223.0,359.5
606773.0,358.6
607343.0,358.4
608243.0,356.6
608743.0,357.4
609623.0,356.4
610193.0,355.6
610853.0,354.9
611503.0,352.8
612003.0,353.9
612553.0,353.8
613093.0,355.1
613713.0,354.7
614463.0,350.7
615163.0,348.2
615923.0,349.4
616423.0,350.0
616973.0,348.7
617473.0,349.2
617983.0,349.1
618583.0,348.9
619193.0,347.9
619693.0,348.4
620553.0,347.3
621093.0,347.3
621663.0,347.1
622163.0,343.7
622663.0,346.6
623163.0,346.7
623673.0,346.3
624213.0,345.1
624713.0,345.6
625467.0,359.9
625967.0,364.7
626467.0,374.3
626967.0,387.1
627467.0,389.0
627967.0,394.4
628568.0,395.1
657936.0,393.5
658461.0,392.2
659071.0,388.8
659631.0,387.2
660311.0,385.8
660811.0,379.6
661311.0,384.5
661811.0,382.4
662311.0,380.7
662811.0,383.2
663311.0,375.9
663821.0,379.6
667308.0,379.6
667808.0,379.4
668308.0,379.2
668808.0,379.0
669308.0,378.8
669808.0,378.6
670308.0,378.3
670808.0,378.1
672228.0,371.5
673348.0,370.8
673848.0,369.9
678975.0,362.2
679475.0,361.3
680335.0,359.3
680915.0,358.5
681485.0,356.6
682066.0,357.0
682866.0,356.6
683566.0,356.4
684486.0,354.0
685236.0,349.6
685934.0,367.9
686434.0,378.4
686934.0,390.2
687434.0,391.2
687934.0,396.8
688434.0,402.7
688981.0,400.6
689511.0,399.4
690041.0,398.9
690811.0,398.4
691681.0,397.8
692331.0,396.3
692911.0,395.9
694281.0,393.4
694801.0,394.3
695521.0,391.1
696081.0,388.1
696661.0,388.8
697161.0,386.3
697751.0,387.1
698291.0,386.5
698961.0,385.2
699461.0,386.4
699961.0,383.9
700881.0,378.5
701441.0,376.4
702172.0,375.9
703002.0,375.0
703522.0,373.9
704092.0,370.7
705022.0,368.8
705522.0,368.6
706022.0,368.8
706812.0,366.2
707632.0,364.9
708132.0,360.7
708672.0,363.0
709362.0,356.1
709922.0,358.5
710582.0,357.8
711202.0,355.9
711812.0,354.3
712662.0,354.9
713722.0,351.5
714282.0,352.7
714842.0,352.8
715542.0,351.4
716376.0,350.4
716986.0,351.5
717606.0,344.2
718186.0,349.7
718686.0,348.0
719271.0,357.5
719771.0,363.8
720271.0,373.7
720771.0,386.4
721271.0,388.9
721771.0,394.2
722271.0,399.9
723723.0,397.8
724223.0,397.5
724723.0,397.1
725223.0,396.8
725723.0,396.4
726223.0,396.1
726723.0,395.8
727223.0,395.4
727723.0,395.1
728223.0,394.8
728723.0,394.5
729223.0,394.1
741215.0,394.0
741715.0,393.9
742215.0,393.9
742715.0,393.4
743598.0,392.8
744108.0,392.8
744658.0,392.8
745308.0,391.5
746278.0,390.6
747018.0,387.6
747978.0,384.4
749878.0,384.0
750798.0,382.4
751298.0,382.5
751968.0,381.5
752538.0,378.0
753358.0,378.1
753948.0,378.3
754468.0,376.8
755118.0,376.8
755978.0,373.1
756898.0,372.5
757708.0,372.3
758248.0,369.9
759558.0,365.9
760098.0,365.3
760618.0,364.9
761388.0,362.9
762008.0,361.5
763802.0,360.5
764322.0,359.1
765052.0,357.4
766012.0,356.3
766512.0,353.9
767012.0,355.4
767522.0,353.1
772585.0,401.4
773085.0,400.7
773605.0,400.4
774105.0,399.0
774715.0,398.0
775255.0,396.1
775755.0,394.8
776255.0,392.8
776845.0,392.6
777345.0,393.5
778135.0,389.2
779925.0,387.8
780675.0,386.4
781175.0,385.8
781675.0,385.5
782485.0,383.8
782985.0,380.6
783485.0,382.7
783985.0,382.6
784535.0,381.8
785035.0,381.9
785555.0,380.9
786485.0,379.1
787045.0,378.2
787825.0,376.5
788565.0,374.6
789065.0,374.4
789565.0,373.4
790065.0,373.2
790575.0,371.9
791115.0,372.0
791675.0,371.0
792205.0,370.7
793025.0,364.2
793865.0,366.6
794415.0,367.4
795425.0,361.2
796125.0,361.3
796635.0,361.3
797265.0,356.2
797825.0,357.6
803234.0,399.5
803734.0,397.8
804334.0,396.1
804834.0,394.9
805524.0,390.7
806104.0,391.1
806674.0,390.7
826816.0,387.7
827316.0,388.9
827816.0,389.5
828366.0,388.3
828866.0,386.3
829386.0,385.7
829926.0,385.2
830496.0,381.0
831006.0,382.7
831936.0,381.3
832466.0,381.1
834100.0,381.4
834620.0,379.2
835120.0,379.0
835630.0,378.8
836410.0,378.2
837130.0,372.2
837840.0,373.6
838340.0,372.1
838970.0,370.8
839736.0,366.2
840366.0,366.4
840866.0,367.7
841366.0,367.5
841946.0,366.3
843016.0,366.1
844767.0,363.7
845467.0,362.5
846047.0,361.5
846957.0,360.2
847457.0,359.1
848027.0,356.9
848737.0,357.0
849337.0,357.0
849987.0,355.6
850497.0,353.7
851067.0,354.6
851707.0,353.9
852207.0,354.5
852777.0,353.0
853277.0,353.6
853927.0,350.4
854887.0,349.4
855387.0,351.1
855927.0,349.9
856467.0,350.6
857137.0,349.3
857668.0,347.9
858368.0,349.3
859018.0,350.2
859608.0,348.7
860178.0,348.8
861078.0,347.8
861998.0,347.5
862678.0,344.8
863178.0,346.5
863734.0,352.0
864234.0,355.6
864734.0,359.7
865234.0,364.7
865734.0,371.6
866234.0,379.6
866734.0,388.0
867234.0,388.1
867767.0,394.4
868267.0,396.0
868767.0,398.8
869443.0,395.8
870653.0,391.1
871233.0,387.6
871743.0,386.5
872243.0,383.7
872783.0,382.1
873283.0,377.3
932489.0,379.5
932989.0,379.2
933489.0,377.3
933989.0,372.9
934489.0,370.4
935019.0,368.3
935529.0,368.6
936029.0,368.6
936579.0,367.8
937089.0,362.5
937759.0,364.7
938259.0,361.7
938759.0,363.4
939349.0,357.8
940349.0,359.2
940849.0,356.0
942219.0,353.6
943009.0,354.8
943509.0,354.5
944059.0,356.9
944859.0,352.1
945769.0,351.4
946399.0,351.4
947399.0,350.2
947899.0,347.8
948399.0,350.1
948899.0,348.3
949699.0,349.1
950629.0,348.8
951159.0,348.0
951919.0,347.9
952499.0,349.1
953179.0,347.3
953689.0,347.4
954297.0,351.8
954797.0,361.3
955297.0,369.1
955797.0,380.6
956297.0,386.6
956797.0,391.8
957297.0,397.4
957797.0,403.2
958347.0,401.8
958847.0,400.4
959417.0,397.9
959917.0,397.6
960417.0,397.0
960917.0,392.5
961677.0,393.4
962177.0,393.3
962727.0,390.7
963227.0,390.6
963897.0,388.9
964397.0,389.5
964987.0,387.5
965527.0,386.5
966067.0,384.0
966867.0,383.8
967397.0,378.4
967897.0,379.8
968447.0,380.4
969047.0,371.8
969597.0,374.8
970097.0,373.2
970657.0,369.1
971157.0,371.0
971657.0,367.5
972367.0,364.9
972947.0,365.7
973657.0,364.4
974197.0,362.7
974697.0,363.1
1000247.0,361.8
1000817.0,360.3
1001317.0,358.5
1001927.0,358.1
1002427.0,358.0
1002947.0,356.3
1003757.0,355.5
1004257.0,354.9
1004837.0,354.3
1005337.0,354.4
1005897.0,350.2
1006427.0,352.9
1007187.0,353.2
1007687.0,352.6
1008187.0,352.7
1008687.0,352.3
1009507.0,351.6
1010097.0,351.0
1010637.0,350.5
1011307.0,348.6
1012132.0,351.1
1012798.0,359.6
1013298.0,368.3
1013798.0,379.5
1014298.0,386.0
1014798.0,390.9
1015298.0,396.4
1015798.0,402.2
1016434.0,402.3
1016964.0,400.9
1017584.0,399.4
1018144.0,398.9
1018644.0,394.0
1019204.0,390.3
1019774.0,392.0
1020354.0,384.6
1020864.0,388.0
1021364.0,386.5
1021864.0,386.5
1022364.0,385.9
1022924.0,385.3
1023424.0,385.3
1024034.0,384.0
1024534.0,383.1
1025104.0,381.6
1025754.0,377.0
1026254.0,378.9
1026824.0,376.4
1027614.0,376.0
1028114.0,375.6
1028974.0,373.7
1029564.0,373.4
1030124.0,373.5
1030724.0,370.1
1031274.0,371.3
1031955.0,371.0
1032595.0,369.7
1033325.0,369.1
1034035.0,369.0
1036616.0,368.3
1037146.0,366.7
1037666.0,367.5
1038396.0,364.3
1039056.0,361.4
1039696.0,362.7
1040666.0,360.7
1041786.0,360.1
1042286.0,359.3
1043006.0,360.1
1043586.0,358.0
1044086.0,356.8
1044596.0,356.3
1045516.0,355.4
1046156.0,351.2
1046666.0,354.0
1047316.0,353.4
1047986.0,354.2
1048516.0,350.0
1049306.0,350.0
1049806.0,350.1
1050326.0,349.5
1050826.0,347.6
1051386.0,349.4
1052076.0,346.7
1052636.0,347.7
1053136.0,347.5
1053656.0,346.8
1054156.0,346.9
1054706.0,345.6
1055276.0,346.7
1055786.0,345.4
1056336.0,345.5
1057386.0,344.0
1058046.0,341.9
1058836.0,342.6
1059686.0,342.6
1061055.0,355.2
1061775.0,361.1
1062280.0,368.0
1062780.0,379.0
1063280.0,386.1
1063780.0,390.9
1064281.0,396.4
1064781.0,402.1
1087667.0,392.9
1088397.0,394.9
1088897.0,393.7
1089397.0,393.6
1089897.0,393.7
1090467.0,392.4
1091277.0,391.7
1091777.0,391.4
1093320.0,390.1
1094070.0,389.9
1094620.0,388.3
1095120.0,388.8
1095700.0,385.8
1096210.0,387.4
1099234.0,385.8
1099864.0,384.9
1100594.0,385.2
1101604.0,382.1
1102274.0,379.1
1102774.0,377.6
1103374.0,375.8
1104094.0,376.9
1104594.0,378.4
1105094.0,377.4
1106034.0,373.7
1107585.0,373.4
1108085.0,373.1
1108585.0,372.8
1109085.0,372.4
1109585.0,372.1
1110095.0,371.9
1110715.0,370.3
1111415.0,369.9
1112165.0,369.1
1112665.0,368.8
1113375.0,365.7
1113905.0,366.8
1114465.0,366.1
1115215.0,363.6
1115715.0,363.5
1116415.0,362.2
1117015.0,360.7
1117995.0,359.0
1118535.0,359.3
1119065.0,357.1
1119765.0,356.9
1120375.0,354.7
1121095.0,353.5
1123862.0,383.9
1124362.0,383.2
1125272.0,380.1
1125778.0,379.4
1126408.0,378.5
1127048.0,378.0
1127718.0,377.1
1128218.0,376.6
1128948.0,375.4
1129698.0,374.2
1130238.0,372.8
1130798.0,372.6
1131298.0,371.7
1131798.0,370.4
1132568.0,367.9
1133288.0,367.8
1133788.0,367.0
1134288.0,363.5
1134868.0,362.0
1135478.0,362.8
1136188.0,360.3
1136708.0,360.6
1137208.0,360.1
1137808.0,358.7
1138498.0,354.0
1139099.0,356.6
1139649.0,355.7
1140369.0,355.6
1140869.0,351.5
1141519.0,352.8
1142809.0,353.7
1143411.0,366.8
1143911.0,378.3
1144461.0,386.1
1145041.0,391.9
1145541.0,397.5
1146041.0,403.3
1146778.0,401.8
1173190.0,400.7
1173780.0,399.8
1174520.0,397.9
1175020.0,398.0
1175520.0,396.6
1176020.0,396.1
1176580.0,395.6
1177080.0,395.0
1177610.0,394.2
1178530.0,392.6
1179290.0,391.5
1179790.0,391.0
1180350.0,390.1
1180850.0,389.5
1181560.0,389.3
1182060.0,389.1
1182560.0,388.2
1183060.0,384.3
1183560.0,384.8
1184060.0,385.7
1184820.0,383.5
1185535.0,385.2
1186035.0,384.6
1187225.0,381.4
1187935.0,381.5
1188475.0,379.5
1189055.0,378.2
1189835.0,378.2
1190335.0,376.3
1191324.0,384.4
1191824.0,389.8
1192324.0,395.5
1192824.0,401.5
1193396.0,400.9
1194056.0,399.3
1194556.0,397.9
1195246.0,394.8
1195826.0,393.8
1196716.0,393.4
1197806.0,391.5
1199552.0,391.0
1200052.0,390.8
1200692.0,390.5
1201202.0,385.2
1201832.0,387.0
1202332.0,388.2
1202862.0,387.8
1203372.0,385.3
1204032.0,384.4
1205282.0,380.6
1207025.0,377.7
1207565.0,379.5
1208295.0,377.6
1210083.0,378.4
1210613.0,377.9
1211343.0,376.4
1211843.0,375.9
1212453.0,376.0
1212953.0,376.0
1213483.0,375.9
1213983.0,375.3
1214483.0,374.4
1214983.0,370.7
1215523.0,372.0
1216023.0,370.1
1216543.0,371.8
1217043.0,369.1
1217593.0,367.8
1218093.0,367.9
1218773.0,365.4
1219823.0,361.9
1220323.0,359.7
1220823.0,360.0
1221323.0,357.3
1221853.0,358.8
1222913.0,358.9
1223413.0,358.6
1224073.0,358.3
1224933.0,355.3
1225543.0,356.3
1226363.0,352.5
1226863.0,354.1
1231692.0,351.6
1232273.0,363.2
1232773.0,375.2
1233273.0,387.4
1233773.0,389.4
1234273.0,394.7
1234778.0,400.6
1235358.0,397.0
1235858.0,396.4
1258040.0,395.3
1258590.0,393.1
1259090.0,393.5
1259630.0,393.0
1260350.0,392.9
1260850.0,391.6
1261350.0,391.7
1261850.0,390.6
1262481.0,390.9
1263011.0,390.4
1263511.0,390.4
1264011.0,389.7
1264661.0,388.9
1265521.0,389.9
1266091.0,386.8
1266921.0,387.1
1267421.0,387.0
1268544.0,386.3
1269114.0,385.6
1269824.0,383.9
1270324.0,383.7
1270824.0,383.4
1271324.0,382.3
1271825.0,381.9
1272425.0,381.1
1272925.0,381.1
1273425.0,381.1
1273925.0,381.6
1274745.0,376.0
1275245.0,378.0
1275745.0,378.0
1276245.0,378.0
1276745.0,378.0
1277245.0,374.8
1278600.0,376.8
1279110.0,375.9
1279610.0,375.6
1280110.0,375.3
1281040.0,375.8
1282040.0,371.8
1282620.0,370.8
1283120.0,370.4
1284181.0,367.3
1284931.0,364.2
1285581.0,364.8
1286231.0,364.4
1286811.0,364.3
1287401.0,362.2
1288793.0,379.2
1289613.0,389.1
1290153.0,395.1
1291013.0,405.3
1293459.0,397.9
1294919.0,398.3
1297863.0,395.6
1298663.0,394.1
1299673.0,391.6
1300413.0,390.7
1301023.0,389.9
1301693.0,389.8
1302283.0,386.6
1302933.0,385.8
1303613.0,383.2
1304153.0,383.4
1304734.0,380.5
1305284.0,381.1
1305784.0,380.7
1306464.0,373.8
1307074.0,376.5
1307624.0,376.4
1308144.0,371.1
1308714.0,366.9
1309234.0,371.8
1309784.0,372.2
1310324.0,369.5
1310824.0,368.4
1311324.0,367.8
1311824.0,365.4
1312414.0,364.8
1312934.0,361.0
1313634.0,360.8
1314224.0,359.2
1314754.0,358.1
1315334.0,355.2
1315874.0,357.2
1316394.0,354.5
1317084.0,350.1
1317884.0,351.2
1318444.0,348.8
1318974.0,346.6
1319564.0,349.3
1320132.0,362.6
1320632.0,372.6
1321136.0,385.2
1321636.0,388.4
1322136.0,393.7
1322636.0,399.4
1323136.0,405.3
1325078.0,400.7
1325579.0,400.1
1326079.0,399.5
1326579.0,399.0
1327079.0,398.5
1346776.0,396.9
1347366.0,395.8
1347956.0,394.6
1348546.0,390.8
1349256.0,389.7
1349806.0,390.0
1350866.0,386.7
1351656.0,386.7
1352156.0,386.1
1352926.0,384.7
1353466.0,384.1
1354276.0,382.2
1354986.0,380.6
1355656.0,378.0
1356196.0,378.6
1356696.0,378.0
1357306.0,377.5
1358006.0,374.6
1358756.0,371.4
1359326.0,372.9
1360812.0,372.9
1361312.0,372.6
1361812.0,368.9
1363228.0,370.6
1363878.0,369.4
1364378.0,368.4
1364958.0,367.7
1365658.0,365.7
1366158.0,363.8
1368191.0,375.9
1369641.0,395.8
1370698.0,397.5
1371258.0,394.3
1371758.0,393.3
1372618.0,392.2
1373198.0,393.1
1373908.0,387.2
1374448.0,388.2
1374978.0,387.0
1375508.0,382.8
1376478.0,382.9
1378458.0,381.4
1378958.0,378.5
1379788.0,375.8
1380858.0,373.1
1381980.0,374.1
1382480.0,373.9
1382980.0,373.1
1383480.0,372.2
1383980.0,371.4
1384610.0,365.2
1385110.0,371.0
1385610.0,368.7
1386110.0,367.9
1386930.0,366.8
1387510.0,365.9
1388260.0,364.6
1388780.0,363.8
1389280.0,363.1
1389780.0,362.2
1390300.0,360.9
1390800.0,360.2
1391690.0,358.3
1392260.0,357.8
1392820.0,356.6
1393320.0,357.0
1394280.0,352.7
1395210.0,353.3
1395780.0,352.0
1396850.0,351.4
1397350.0,351.5
1398180.0,350.1
1398840.0,349.8
1399600.0,346.1
1400170.0,347.6
1400770.0,346.6
1401400.0,343.8
1401940.0,345.3
1402661.0,346.7
1432933.0,396.6
1433473.0,394.0
1433973.0,394.4
1434473.0,392.6
1434983.0,392.4
1436081.0,390.7
1436641.0,387.5
1437141.0,389.0
1437681.0,388.2
1438261.0,387.5
1439151.0,385.6
1439651.0,380.8
1440361.0,382.2
1440861.0,381.1
1441391.0,380.2
1441891.0,379.3
1442551.0,379.0
1443291.0,376.9
1443931.0,375.6
1444611.0,375.4
1445721.0,373.8
1446768.0,373.0
1447318.0,372.2
1448138.0,367.9
1448808.0,370.4
1449308.0,367.5
1450478.0,364.8
1451268.0,363.5
1452086.0,373.0
1452586.0,382.7
1453086.0,388.6
1453586.0,393.9
1454086.0,399.6
1454586.0,405.7
1455568.0,399.8
1456128.0,399.0
1456708.0,397.5
1457338.0,395.9
1460448.0,387.0
1460948.0,387.8
1461448.0,386.2
1462018.0,387.9
1462648.0,386.4
1464148.0,379.9
1465088.0,379.5
1465588.0,378.2
1466088.0,377.8
1466608.0,377.1
1467148.0,376.1
1467988.0,375.0
1468798.0,373.2
1469638.0,372.3
1470198.0,371.1
1470988.0,370.2
1471558.0,368.4
1472208.0,368.5
1472868.0,366.4
1473538.0,365.0
1474338.0,363.3
1474888.0,363.1
1475418.0,362.0
1475958.0,360.5
1476458.0,360.1
1476988.0,358.7
1477488.0,358.3
1477988.0,357.4
1478858.0,354.2
1479358.0,352.6
1479888.0,353.0
1480388.0,352.9
1480979.0,352.9
1481479.0,352.7
1481979.0,352.2
1482479.0,350.2
1482979.0,348.8
1483479.0,348.4
1521925.0,348.5
1522475.0,348.8
1524234.0,348.6
1524734.0,348.0
1526966.0,346.8
1530645.0,347.6
1536111.0,343.5
1536641.0,341.7
1537161.0,338.3
1537662.0,341.3
1538217.0,353.6
1538717.0,358.5
1539217.0,363.5
1539717.0,372.2
1540217.0,384.5
1540717.0,388.1
1541217.0,393.1
1541717.0,398.8
1542295.0,394.8
1542795.0,388.0
1543305.0,390.3
1543835.0,389.9
1544335.0,389.5
1544855.0,388.4
1545375.0,386.4
1545885.0,384.2
1546545.0,383.6
1547055.0,382.7
1548015.0,380.3
1548685.0,379.7
1549535.0,375.1
1550195.0,376.6
1550695.0,376.8
1551225.0,374.9
1551775.0,374.4
1552275.0,374.2
1552775.0,372.4
1554115.0,368.7
1554615.0,367.5
1555595.0,365.4
1556195.0,366.0
1556695.0,364.8
1557195.0,364.0
1557695.0,363.1
1558195.0,361.7
1558695.0,353.6
1559195.0,354.6
1559725.0,355.7
1560225.0,355.1
1560725.0,351.4
1561445.0,354.4
1562297.0,355.4
1563477.0,351.4
1564097.0,350.6
1564597.0,352.8
1565097.0,350.0
1565597.0,349.9
1566097.0,350.0
1566597.0,348.3
1567097.0,348.8
1567617.0,348.5
1568117.0,348.4
1568617.0,348.6
1569217.0,346.3
1569717.0,347.5
1570217.0,346.7
1570717.0,345.7
1571217.0,347.3
1571717.0,346.1
1572417.0,345.8
1572987.0,345.3
1573737.0,344.1
1574247.0,342.8
1574747.0,342.3
1575247.0,342.3
1575777.0,342.2
1576277.0,341.4
1576777.0,340.5
1577277.0,339.9
1577861.0,355.1
1578361.0,359.8
1578861.0,365.4
1579361.0,375.3
1579861.0,388.0
1580365.0,389.3
1580865.0,394.6
1581365.0,400.3
1581987.0,398.1
1582487.0,397.5
1582987.0,396.9
1583487.0,396.4
1583987.0,395.9
1605273.0,395.1
1605773.0,395.3
1606373.0,394.3
1608463.0,391.6
1609043.0,389.4
1610183.0,386.7
1610683.0,384.8
1611183.0,386.7
1612403.0,384.3
1613033.0,381.6
1613533.0,380.5
1614133.0,380.1
1614693.0,378.9
1616263.0,376.1
1616831.0,374.2
1617331.0,374.4
1617851.0,371.5
1618601.0,371.5
1619101.0,370.5
1619611.0,366.4
1621422.0,369.4
1621922.0,368.6
1622462.0,366.5
1623083.0,365.3
1623663.0,364.7
1624243.0,363.6
1624883.0,362.1
1625573.0,361.2
1626233.0,359.7
1626733.0,359.0
1627473.0,356.4
1628003.0,356.4
1628663.0,354.7
1629303.0,355.1
1629973.0,354.3
1630573.0,353.2
1631193.0,353.5
1631693.0,352.6
1632503.0,351.9
1633183.0,351.2
1633683.0,351.2
1634433.0,350.5
1635003.0,350.0
1635503.0,349.8
1636193.0,350.2
1640431.0,396.9
1641522.0,400.7
1643232.0,397.9
1643772.0,396.6
1644383.0,394.5
1645052.0,392.3
1645552.0,390.1
1646132.0,390.2
1647123.0,387.2
1648003.0,385.4
1648523.0,384.2
1649093.0,383.4
1650343.0,381.2
1651053.0,379.6
1652273.0,377.3
1653093.0,373.3
1653593.0,373.2
1654093.0,372.2
1654593.0,371.9
1655093.0,371.5
1655633.0,370.2
1656173.0,369.7
1656673.0,369.7
1657273.0,366.0
1658053.0,365.3
1658733.0,361.2
1659283.0,361.2
1660063.0,357.1
1660563.0,357.6
1661073.0,355.9
1661703.0,353.8
1662203.0,350.4
1662703.0,351.0
1663203.0,351.8
1688925.0,348.0
1689425.0,344.9
1689925.0,345.2
1690465.0,343.6
1691105.0,356.4
1691605.0,361.0
1692105.0,368.6
1692605.0,380.1
1693105.0,386.5
1693605.0,391.6
1694105.0,397.2
1694680.0,398.0
1695180.0,397.0
1695680.0,396.5
1696190.0,393.9
1696860.0,393.2
1697360.0,392.5
1697860.0,392.1
1698360.0,389.7
1699060.0,389.1
1699600.0,388.4
1700120.0,388.6
1700970.0,388.2
1701500.0,387.2
1702010.0,384.1
1702720.0,382.9
1703500.0,381.3
1704010.0,380.4
1704510.0,379.3
1705010.0,377.9
1705550.0,377.9
1706050.0,377.3
1706570.0,376.2
1707070.0,374.7
1707600.0,372.2
1708210.0,372.2
1708890.0,370.0
1709450.0,368.3
1710220.0,366.9
1710721.0,366.9
1711583.0,366.2
1712153.0,364.7
1713373.0,357.4
1713983.0,354.4
1714483.0,356.1
1714983.0,355.0
1715483.0,353.5
1715983.0,353.9
1716633.0,351.4
1717233.0,351.8
1717833.0,352.2
1718413.0,351.9
1719610.0,351.1
1720120.0,351.3
1720680.0,351.9
1721190.0,352.8
1721750.0,349.9
1722340.0,349.3
1722840.0,349.4
1723450.0,347.0
1724023.0,356.3
1724523.0,361.9
1725023.0,369.8
1725523.0,380.0
1726023.0,387.3
1726523.0,392.1
1727023.0,397.7
1727523.0,403.6
1728070.0,401.5
1729070.0,399.2
1729670.0,398.7
1730210.0,397.4
1730810.0,395.3
1731331.0,396.4
1731831.0,396.0
1732451.0,394.4
1732951.0,393.6
1733611.0,392.3
1734111.0,391.7
1734671.0,390.3
1735471.0,389.2
1737181.0,383.1
1737941.0,383.7
1738441.0,381.3
1738941.0,380.4
1739491.0,381.1
1740231.0,379.7
1740741.0,378.7
1741241.0,377.8
1741831.0,376.0
1742331.0,374.9
1742831.0,374.4
1743331.0,374.6
1743831.0,373.6
1744351.0,373.1
1744851.0,374.1
1745351.0,373.1
1746011.0,364.1
1746531.0,365.5
1747541.0,363.5
1748151.0,362.7
1748921.0,357.2
1749691.0,355.5
1750291.0,350.4
1750931.0,353.3
1751649.0,353.2
1752208.0,364.7
1752708.0,375.4
1753213.0,387.5
1753713.0,389.9
1754213.0,395.4
1754713.0,401.2
1755270.0,398.3
1755770.0,397.8
1756270.0,397.3
1756770.0,396.8
1757270.0,396.4
1757770.0,396.0
1758270.0,395.5
1770236.0,395.0
1776214.0,393.0
1776714.0,393.9
1777344.0,391.8
1778074.0,389.1
1778574.0,391.6
1779863.0,390.8
1780513.0,389.7
1781013.0,389.3
1781513.0,388.8
1782073.0,387.5
1782783.0,386.3
1783293.0,386.3
1783973.0,385.7
1784473.0,385.3
1785663.0,384.4
1786883.0,384.5
1795353.0,379.9
1795913.0,376.8
1796583.0,379.0
1797143.0,378.3
1797673.0,377.5
1798403.0,376.3
1798903.0,376.1
1799513.0,373.5
1800153.0,373.6
1800683.0,371.9
1801423.0,371.4
1801953.0,370.1
1802453.0,370.9
1802953.0,369.5
1803453.0,368.6
1804253.0,366.5
1804753.0,366.8
1805443.0,365.5
1806023.0,364.5
1806653.0,364.4
1807353.0,360.3
1807901.0,378.6
1808401.0,387.6
1808901.0,391.6
1809391.0,390.0
1809891.0,389.5
1810639.0,398.6
1811196.0,398.2
1811706.0,396.7
1812216.0,395.0
1812716.0,395.8
1813216.0,393.7
1813876.0,391.5
1814806.0,390.9
1815936.0,387.4
1816476.0,387.7
1817016.0,385.4
1817646.0,385.7
1818146.0,385.3
1818646.0,385.3
1819316.0,384.1
1819876.0,382.1
1821336.0,380.0
1822586.0,376.9
1823386.0,377.0
1823886.0,376.1
1824426.0,369.5
1824946.0,374.0
1825446.0,373.3
1825946.0,373.2
1826446.0,372.8
1826946.0,371.2
1828146.0,367.6
1828656.0,367.5
1829156.0,369.0
1829706.0,366.3
1830706.0,361.1
1831406.0,362.1
1833026.0,359.1
1833526.0,354.9
1834026.0,356.9
1834586.0,354.3
1835436.0,354.1
1835936.0,353.4
1836626.0,353.3
1837154.0,353.8
1837654.0,352.7
1863112.0,352.7
1863612.0,352.2
1864112.0,352.4
1864752.0,351.6
1865292.0,350.6
1866151.0,352.7
1866791.0,347.2
1868260.0,346.3
1868850.0,349.9
1869510.0,350.5
1870370.0,346.5
1870910.0,349.1
1871820.0,345.6
1872480.0,348.6
1872980.0,348.0
1873480.0,348.0
1876058.0,387.3
1879232.0,399.6
1879902.0,397.6
1880662.0,397.0
1881472.0,393.9
1882302.0,392.7
1883012.0,388.7
1883512.0,388.6
1884312.0,382.3
1885362.0,385.2
1886072.0,382.0
1886602.0,382.7
1887242.0,378.4
1888102.0,379.6
1888772.0,379.2
1889272.0,379.2
1889772.0,379.1
1890382.0,378.5
1891142.0,374.9
1891672.0,376.2
1892252.0,375.2
1893557.0,374.5
1894057.0,373.0
1894557.0,371.7
1895057.0,372.7
1895677.0,371.5
1896197.0,369.4
1896957.0,368.4
1897607.0,367.9
1898107.0,368.9
1898877.0,364.6
1899377.0,363.9
1899877.0,361.7
1900397.0,357.1
1900917.0,360.1
1901417.0,358.6
1901997.0,358.0
1902497.0,356.7
1903217.0,355.5
1903767.0,356.2
1904577.0,355.8
1905327.0,351.9
1906067.0,353.5
1906617.0,352.7
1907217.0,352.9
1907787.0,354.4
1908377.0,351.6
1908917.0,351.7
1909577.0,351.1
1910077.0,350.9
1911957.0,348.9
1912457.0,349.0
1912957.0,345.5
1914203.0,349.1
1915043.0,348.6
1915543.0,349.1
1916053.0,348.3
1916623.0,348.8
1917193.0,347.0
1917713.0,344.6
1918213.0,349.2
1918753.0,345.3
1919313.0,342.3
1919813.0,342.5
1920333.0,343.2
1921013.0,342.5
1921662.0,351.3
1922162.0,354.3
1922662.0,357.3
1923162.0,361.3
1923662.0,367.4
1924162.0,375.3
1924662.0,383.5
1925162.0,389.2
1925662.0,394.1
1926167.0,399.4
1926667.0,404.4
1927157.0,404.6
1927657.0,403.6
1928157.0,403.0
1928657.0,402.6
1929157.0,402.0
1929657.0,401.6
1930157.0,401.2
1930657.0,400.9
1949385.0,400.5
1949885.0,399.8
1950385.0,399.2
1950885.0,399.2
1951385.0,399.2
1951885.0,397.9
1953454.0,397.2
1954084.0,395.1
1954584.0,396.0
1955184.0,394.4
1956034.0,392.4
1956654.0,391.9
1957344.0,388.0
1957934.0,389.9
1958644.0,387.9
1959244.0,385.1
1959784.0,386.8
1960284.0,386.6
1960784.0,387.9
1961284.0,385.5
1961814.0,384.7
1962344.0,385.4
1963154.0,382.1
1964054.0,379.5
1965024.0,378.7
1965524.0,377.5
1966024.0,378.2
1966904.0,375.1
1968228.0,373.8
1968728.0,373.2
1969228.0,369.7
1969758.0,371.3
1970258.0,370.6
1970758.0,369.8
1972658.0,366.9
1973488.0,365.3
1974051.0,363.5
1974651.0,362.8
1975151.0,362.3
1975651.0,361.9
1976161.0,358.3
1976941.0,359.4
1978251.0,359.8
1978761.0,357.1
1979261.0,355.4
1979851.0,354.9
1980351.0,355.1
1980851.0,356.3
1981421.0,354.0
1981951.0,354.4
1982531.0,353.7
1983111.0,352.3
1983721.0,353.7
1985619.0,382.6
1986119.0,387.6
1986619.0,392.9
1987119.0,398.5
1987619.0,404.4
1988109.0,402.5
1988609.0,401.8
1989219.0,399.6
1989799.0,396.2
1990299.0,395.0
1990819.0,393.9
1991359.0,392.9
1991929.0,390.1
1992429.0,387.9
1992929.0,385.3
1993649.0,384.9
1994669.0,382.3
1995169.0,382.3
1995779.0,381.1
1996399.0,379.3
1996959.0,378.5
1997649.0,377.4
1998219.0,376.4
1998719.0,375.4
1999409.0,372.9
2000029.0,372.3
2000529.0,371.9
2001029.0,369.3
2001669.0,369.9
2002319.0,370.1
2002839.0,366.9
2003549.0,364.5
2004049.0,364.0
2004659.0,364.8
2005329.0,359.7
2005839.0,357.2
2006469.0,359.4
2007049.0,357.7
2007699.0,355.7
2008300.0,355.8
2008910.0,355.2
2009410.0,353.7
2009980.0,353.5
2010570.0,352.3
2011070.0,351.2
2011570.0,353.2
2012120.0,347.0
2012625.0,350.5
2013665.0,349.9
2014343.0,350.0
2015617.0,363.2
2016117.0,372.7
2016617.0,384.2
2017117.0,388.5
2017617.0,393.9
2018117.0,399.6
2018646.0,396.8
2019146.0,396.3
2019646.0,395.9
2020146.0,395.4
2020646.0,395.0
2021146.0,394.6
2021646.0,394.1
2022146.0,393.7
2022646.0,393.3
2023146.0,392.9
2023646.0,392.5
2024146.0,392.1
2024646.0,391.7
2025146.0,391.3
2025646.0,390.9
2026146.0,390.6
2026646.0,390.2
2027146.0,389.8
2027646.0,389.4
2028147.0,389.0
2028647.0,388.7
2029147.0,388.2
2036577.0,388.1
2037077.0,387.6
2037577.0,387.5
2038077.0,383.5
2038577.0,383.3
2039077.0,384.7
2039607.0,381.4
2040107.0,380.9
2040677.0,377.9
2041207.0,379.4
2041847.0,376.6
2042517.0,376.4
2043017.0,376.2
2043517.0,375.8
2044017.0,375.5
2044517.0,374.3
2045147.0,371.0
2045647.0,367.1
2046187.0,369.0
2046687.0,366.1
2047257.0,364.7
2048207.0,364.2
2048767.0,363.6
2049267.0,362.6
2049917.0,361.1
2050677.0,359.7
2051337.0,358.9
2051887.0,357.8
2052387.0,356.0
2053087.0,356.5
2053797.0,355.4
2054297.0,354.4
2056247.0,353.0
2057058.0,351.8
2057558.0,351.8
2058058.0,351.5
2058778.0,349.3
2059278.0,350.9
2059778.0,350.7
2060448.0,350.6
2061198.0,349.1
2061718.0,349.2
2062238.0,349.0
2063459.0,348.9
2063959.0,346.1
2064539.0,348.0
2065339.0,349.3
2065879.0,346.5
2066379.0,347.7
2066879.0,346.5
2067399.0,342.7
2068009.0,346.5
2068569.0,344.6
2069149.0,345.7
2069689.0,345.4
2070429.0,344.3
2070929.0,344.5
2071649.0,343.1
2072279.0,339.9
2072789.0,340.3
2073289.0,338.1
2074019.0,340.3
2074654.0,355.5
2075154.0,360.1
2075754.0,368.6
2076294.0,363.8
2076864.0,362.8
2077714.0,358.6
2078214.0,358.1
2078714.0,353.8
2079274.0,352.5
2079774.0,344.9
2080284.0,350.1
2080784.0,352.8
2124879.0,345.4
2125379.0,343.6
2125889.0,345.3
2126489.0,344.1
2127041.0,355.6
2127541.0,359.8
2128041.0,366.2
2128541.0,376.5
2129041.0,389.5
2129541.0,389.8
2130041.0,395.4
2130541.0,401.1
2131112.0,397.9
2131612.0,397.3
2132112.0,396.8
2132612.0,396.4
2133112.0,396.0
2133612.0,395.6
2134112.0,395.3
2134612.0,394.9
2135112.0,394.6
2135612.0,394.3
2136112.0,394.0
2136612.0,393.6
2137112.0,393.3
2137612.0,393.1
2138112.0,392.3
2138612.0,387.4
2139132.0,389.0
2139632.0,389.0
2140132.0,388.2
2140632.0,387.1
2141132.0,387.5
2143151.0,383.0
2143931.0,381.8
2144853.0,381.3
2145423.0,382.1
2145943.0,378.6
2146443.0,379.1
2147033.0,375.9
2147533.0,378.6
2148063.0,376.1
2148713.0,374.7
2149263.0,372.3
2149933.0,371.9
2150433.0,371.3
2151163.0,371.9
2151663.0,369.5
2152193.0,367.7
2153023.0,367.6
2153523.0,367.4
2154033.0,365.1
2154533.0,363.3
2155443.0,362.8
2155943.0,362.5
2156613.0,362.1
2157143.0,359.2
2157653.0,358.7
2158153.0,359.0
2158693.0,357.8
2159193.0,356.9
2159693.0,356.2
2160193.0,355.5
2160753.0,354.8
2161253.0,355.0
2161753.0,354.5
2162253.0,354.5
2162863.0,354.1
2163403.0,353.7
2164233.0,352.6
2164773.0,352.4
2165313.0,350.0
2165913.0,350.5
2167112.0,350.6
2167612.0,350.2
2168850.0,350.0
2169460.0,349.4
2170100.0,348.7
2170670.0,348.8
2171170.0,346.9
2171790.0,348.0
2172290.0,347.8
2172790.0,347.5
2173310.0,347.8
2173840.0,347.0
2174350.0,346.6
2174850.0,346.5
2175370.0,347.0
2175940.0,345.6
2176440.0,345.0
2177000.0,344.6
2177530.0,342.8
2178130.0,343.4
2178660.0,341.6
2179300.0,342.6
2180010.0,339.0
2180510.0,341.0
2181655.0,340.2
2182285.0,339.6
2182959.0,355.3
2183459.0,359.7
2183959.0,365.5
2184459.0,375.4
2184959.0,388.2
2185463.0,389.3
2185963.0,394.4
2186463.0,400.2
2187007.0,402.8
2187507.0,401.1
2207112.0,400.3
2207612.0,400.3
2208112.0,399.6
2208722.0,398.4
2209252.0,391.5
2209752.0,395.6
2210714.0,393.5
2211644.0,394.0
2213105.0,391.2
2213635.0,390.5
2214905.0,388.0
2215445.0,387.1
2215975.0,385.4
2216475.0,385.3
2216975.0,382.2
2217545.0,383.3
2218415.0,381.7
2219255.0,379.9
2219869.0,379.4
2220479.0,378.0
2221179.0,375.9
2221729.0,377.0
2222629.0,376.6
2223129.0,376.0
2223709.0,375.6
2226139.0,372.2
2227159.0,368.9
2229021.0,369.0
2229571.0,368.9
2230361.0,368.6
2231181.0,367.8
2232321.0,366.1
2232821.0,363.7
2233321.0,364.6
2233861.0,361.7
2234511.0,360.7
2235211.0,360.3
2235821.0,359.6
2236401.0,361.1
2237351.0,357.2
2238292.0,355.3
2239332.0,354.3
2240142.0,351.0
2240742.0,353.3
2241242.0,351.3
2241808.0,363.9
2242308.0,374.3
2242808.0,387.5
2243308.0,389.3
2243798.0,391.6
2244383.0,390.5
2244893.0,387.5
2245543.0,386.4
2246103.0,384.1
2246613.0,385.9
2247253.0,382.8
2247753.0,382.7
2248423.0,381.9
2248923.0,380.9
2249893.0,380.0
2250393.0,377.6
2251413.0,376.9
2251983.0,374.0
2253263.0,372.5
2253763.0,371.9
2254263.0,371.6
2255093.0,368.8
2255593.0,367.3
2256093.0,366.7
2256723.0,363.7
2257533.0,363.8
2258073.0,359.1
2258843.0,361.8
2259753.0,354.8
2260323.0,355.8
2260893.0,355.5
2261443.0,354.9
2262133.0,354.2
2262813.0,350.2
2263543.0,352.5
2264323.0,354.5
2264903.0,348.7
2265403.0,351.9
2265903.0,351.2
2266453.0,350.3
2267073.0,348.6
2267823.0,349.6
2268343.0,349.2
2268843.0,347.0
2269593.0,359.7
2270093.0,366.1
2270593.0,376.7
2271094.0,389.8
2271599.0,390.1
2272099.0,395.6
2272599.0,401.4
2273089.0,403.1
2273650.0,401.1
2274150.0,400.4
2274650.0,399.8
2275150.0,399.3
2275650.0,398.8
2296807.0,398.7
2297307.0,398.5
2297967.0,396.7
2298797.0,396.1
2299367.0,395.2
2299867.0,393.7
2300527.0,392.7
2301960.0,392.6
2303130.0,387.8
2303630.0,388.4
2304470.0,387.3
2305071.0,386.3
2305621.0,385.5
2306161.0,385.1
2306691.0,384.4
2307291.0,383.6
2308071.0,378.5
2308631.0,379.0
2309171.0,379.5
2310814.0,378.4
2311364.0,378.7
2311864.0,378.4
2312394.0,378.1
2312894.0,377.7
2313394.0,377.5
2313934.0,374.9
2314944.0,375.2
2315514.0,370.2
2316264.0,372.5
2316764.0,369.7
2317274.0,370.0
2317774.0,370.4
2318274.0,360.5
2318854.0,368.2
2319504.0,366.7
2320254.0,364.9
2321114.0,363.4
2321614.0,363.2
2322114.0,363.1
2322614.0,362.8
2323114.0,362.6
2323634.0,362.7
2324544.0,358.1
2325194.0,359.3
2325694.0,357.3
2326194.0,355.4
2327153.0,355.4
2328133.0,353.7
2329002.0,360.3
2329542.0,373.9
2330042.0,386.1
2330542.0,389.1
2331042.0,394.4
2331542.0,400.2
2332042.0,406.2
2332746.0,401.9
2333566.0,399.6
2334086.0,399.0
2334586.0,396.0
2335136.0,396.5
2335866.0,394.7
2336516.0,393.5
2337046.0,392.3
2337606.0,391.2
3159731.0,357.3
3160231.0,357.3
3160841.0,356.8
3161546.0,356.5
3162066.0,355.7
3162716.0,354.6
3163236.0,353.8
3163736.0,354.7
3164286.0,354.3
3164846.0,354.2
3165416.0,354.3
3166236.0,353.1
3166736.0,353.4
3167316.0,353.0
3167816.0,353.7
3168526.0,352.1
3169176.0,353.0
3169736.0,351.5
3170726.0,348.2
3171296.0,352.2
3176082.0,400.7
3176582.0,400.1
3177122.0,399.5
3177922.0,395.6
3178832.0,393.8
3179332.0,393.1
3180102.0,392.0
3180682.0,392.5
3181938.0,387.9
3182518.0,386.8
3183018.0,386.4
3183518.0,385.3
3184328.0,383.8
3184828.0,382.2
3185418.0,379.7
3186608.0,379.7
3187608.0,376.5
3188128.0,376.0
3188628.0,375.2
3189498.0,373.5
3190128.0,373.8
3190878.0,372.5
3192498.0,371.8
3193279.0,369.8
3193869.0,367.5
3194629.0,367.7
3195269.0,365.5
3196099.0,366.4
3196599.0,366.5
3197099.0,366.4
3197759.0,362.3
3198699.0,361.1
3199199.0,361.6
3199709.0,361.1
3200209.0,360.4
3201039.0,358.1
3201559.0,355.9
3202129.0,357.1
3202939.0,355.8
3203839.0,351.2
3204709.0,353.7
3205219.0,352.6
3205879.0,351.8
3206529.0,352.4
3207029.0,352.1
3207839.0,351.6
3208349.0,351.5
3209219.0,350.7
3209899.0,350.6
3210479.0,350.6
3210979.0,350.8
3211489.0,350.1
3212019.0,350.5
3212519.0,345.8
3213269.0,347.5
3213889.0,347.7
3214389.0,346.9
3214889.0,348.0
3215389.0,347.8
3215889.0,347.9
3216389.0,347.3
3217013.0,359.2
3217513.0,366.4
3218013.0,377.1
3218513.0,390.2
3219013.0,390.3
3219513.0,395.8
3220013.0,401.5
3244459.0,396.5
3244959.0,395.1
3245549.0,391.6
3246049.0,391.8
3246549.0,391.8
3247119.0,390.1
3247639.0,389.5
3248419.0,389.1
3248919.0,388.1
3249619.0,387.3
3250219.0,386.3
3250719.0,386.3
3251279.0,386.0
3251799.0,386.0
3252319.0,386.0
3253099.0,384.2
3253599.0,384.0
3254189.0,383.6
3254689.0,383.6
3255299.0,383.2
3255955.0,382.9
3256455.0,382.9
3256955.0,382.7
3257995.0,381.4
3258825.0,379.9
3259325.0,377.0
3259855.0,378.1
3260355.0,377.8
3260855.0,377.5
3263366.0,373.2
3264006.0,372.5
3264536.0,374.4
3265216.0,371.4
3265776.0,370.3
3266436.0,369.1
3266966.0,368.4
3267856.0,365.6
3268426.0,365.0
3269506.0,361.3
3270946.0,353.3
3271546.0,356.7
3272136.0,355.7
3272966.0,350.4
3274266.0,353.7
3274896.0,353.8
3275526.0,351.7
3276596.0,349.5
3277096.0,350.7
3277596.0,350.1
3278096.0,349.8
3278726.0,343.8
3279226.0,346.2
3279726.0,343.6
3280226.0,347.4
3280768.0,359.1
3281268.0,366.1
3281768.0,376.2
3282268.0,388.2
3282797.0,386.0
3283337.0,381.8
3284820.0,379.3
3285530.0,379.9
3286060.0,378.4
3286900.0,372.4
3287500.0,370.6
3332527.0,369.1
3333027.0,362.1
3333527.0,355.5
3334477.0,357.0
3334977.0,354.0
3335477.0,353.4
3336137.0,354.2
3336699.0,373.6
3337199.0,386.0
3337699.0,388.3
3338199.0,393.6
3338699.0,399.4
3339189.0,397.2
3339729.0,394.8
3340339.0,394.4
3340839.0,394.0
3341369.0,391.7
3341879.0,392.3
3342379.0,391.3
3342919.0,388.8
3343739.0,389.8
3345369.0,386.2
3345929.0,386.4
3346979.0,383.9
3350490.0,381.9
3350990.0,381.8
3351490.0,381.5
3351990.0,377.7
3352720.0,379.7
3353270.0,378.2
3353770.0,377.9
3354270.0,377.3
3355340.0,373.4
3356140.0,374.5
3357090.0,373.0
3359581.0,367.6
3360181.0,371.2
3361341.0,367.8
3362061.0,364.9
3362611.0,366.2
3363591.0,360.8
3364161.0,362.8
3364661.0,361.2
3365161.0,356.3
3366181.0,358.9
3366681.0,358.7
3367181.0,358.3
3367868.0,369.3
3368368.0,382.2
3368868.0,387.3
3369368.0,392.6
3369868.0,398.3
3370718.0,394.4
3371658.0,392.3
3372218.0,390.5
3372718.0,390.8
3373218.0,390.4
3373718.0,390.0
3374268.0,389.5
3374838.0,387.1
3375338.0,388.2
3375878.0,387.5
3376768.0,386.2
3377338.0,385.7
3377908.0,383.6
3378528.0,382.6
3379108.0,381.1
3379698.0,376.3
3380398.0,378.8
3380898.0,377.9
3381468.0,376.3
3382548.0,374.1
3383528.0,372.3
3384068.0,372.5
3384888.0,371.1
3385568.0,369.7
3386308.0,366.4
3386958.0,367.6
3387578.0,365.7
3388118.0,362.4
3388618.0,359.1
3389178.0,359.4
3389678.0,360.1
3390178.0,359.4
3390748.0,357.3
3391298.0,355.9
3391808.0,352.8
3392438.0,353.7
3393068.0,350.2
3393718.0,352.8
3394338.0,352.8
3395416.0,351.8
3395916.0,350.4
3396406.0,361.1
3396906.0,369.6
3397406.0,378.5
3397906.0,388.1
3398406.0,391.3
3398906.0,396.9
3399396.0,396.8
3418365.0,395.5
3418865.0,394.4
3419455.0,393.3
3419975.0,392.1
3420475.0,391.4
3421285.0,389.1
3421805.0,387.0
3423055.0,384.8
3423825.0,383.5
3424645.0,374.1
3425145.0,381.1
3425645.0,377.0
3426185.0,379.0
3426685.0,378.7
3427185.0,377.8
3427685.0,378.0
3428185.0,377.3
3428685.0,376.7
3429185.0,374.4
3430367.0,375.5
3430867.0,374.4
3431367.0,374.8
3431867.0,374.4
3432367.0,369.9
3432867.0,372.8
3433497.0,371.8
3434367.0,370.2
3434867.0,369.4
3435367.0,370.3
3435938.0,367.4
3436483.0,374.1
3436983.0,380.6
3437483.0,387.3
3438233.0,394.9
3438733.0,400.7
3439223.0,404.2
3439723.0,402.2
3440223.0,401.7
3440723.0,401.4
3441223.0,401.1
3441723.0,400.4
3442293.0,398.9
3442793.0,398.3
3443483.0,397.1
3444053.0,394.7
3444813.0,392.9
3445323.0,392.4
3445823.0,392.1
3446363.0,390.9
3446863.0,390.2
3447363.0,389.8
3447863.0,389.2
3448363.0,388.7
3448863.0,387.1
3449363.0,387.4
3450223.0,386.0
3450723.0,385.3
3451313.0,382.1
3451923.0,380.2
3452993.0,380.6
3453493.0,380.7
3454003.0,377.8
3455013.0,375.2
3455533.0,376.1
3456333.0,375.4
3457043.0,373.4
3458153.0,370.6
3459563.0,369.3
3460223.0,368.1
3460843.0,367.7
3461363.0,366.6
3461863.0,365.1
3462363.0,365.7
3462863.0,365.0
3463503.0,359.3
3464423.0,362.6
3464963.0,360.3
3465463.0,360.1
3465963.0,359.9
3466463.0,359.1
3467133.0,355.5
3468223.0,355.4
3469223.0,353.8
3471113.0,352.5
3471613.0,352.2
3472113.0,353.0
3472773.0,352.1
3473273.0,350.5
3473774.0,348.9
3474274.0,349.8
3474774.0,350.1
3475424.0,350.6
3475924.0,350.7
3476424.0,348.3
3476924.0,350.3
3478494.0,349.7
3478994.0,347.7
3483867.0,400.8
3484367.0,399.8
3484867.0,399.3
3507837.0,399.0
3508507.0,394.7
3509007.0,390.8
3509507.0,395.3
3510007.0,396.0
3510507.0,391.0
3511477.0,390.2
3511977.0,388.4
3512477.0,388.2
3512977.0,385.6
3513867.0,381.1
3515017.0,379.4
3515917.0,377.5
3517272.0,376.5
3517952.0,374.5
3518482.0,371.6
3519002.0,374.6
3520089.0,373.9
3520589.0,373.0
3521339.0,363.8
3522029.0,357.9
3522529.0,359.2
3523029.0,355.7
3523539.0,352.6
3525071.0,354.1
3525571.0,355.5
3526111.0,350.3
3526901.0,351.8
3527731.0,350.9
3528381.0,348.8
3529261.0,349.1
3529951.0,348.3
3530451.0,350.6
3530961.0,348.0
3531721.0,345.9
3532221.0,346.8
3532721.0,346.7
3537823.0,401.6
3538323.0,401.1
3538823.0,400.1
3539713.0,398.0
3540213.0,395.3
3540713.0,394.5
3541213.0,390.7
3541823.0,389.5
3542413.0,390.1
3543023.0,387.2
3543563.0,383.3
3544073.0,383.7
3544593.0,382.8
3545233.0,381.6
3545733.0,379.8
3546233.0,380.1
3546733.0,379.5
3547303.0,379.1
3547883.0,378.2
3549133.0,375.1
3551063.0,372.0
3551613.0,371.1
3552333.0,368.1
3552933.0,363.6
3553433.0,364.3
3553973.0,360.5
3554473.0,363.2
3554973.0,362.4
3555513.0,361.2
3556273.0,361.3
3556853.0,349.5
3557353.0,353.9
3557923.0,352.7
3558443.0,355.3
3558943.0,355.4
3559443.0,355.0
3560013.0,353.4
3560523.0,353.0
3561023.0,352.5
3561623.0,347.8
3562154.0,351.4
3562654.0,350.3
3563154.0,352.7
3563654.0,349.3
3564174.0,347.5
3564944.0,347.9
3565444.0,346.4
3566354.0,345.2
3566894.0,348.9
3567489.0,346.3
3568399.0,359.0
3568899.0,364.5
3569399.0,374.3
3569899.0,387.1
3570399.0,389.0
3570899.0,394.4
3571399.0,400.2
3571889.0,397.1
3597779.0,397.2
3598379.0,397.0
3598879.0,396.6
3599379.0,394.6
3599979.0,395.8
3600509.0,394.0
3601099.0,393.2
3601769.0,391.6
3602319.0,390.5
3603299.0,388.0
3603849.0,388.2
3604389.0,387.2
3606340.0,386.6
3606840.0,385.5
3608394.0,385.2
3608994.0,384.6
3609694.0,383.6
3610274.0,378.9
3610884.0,380.1
3611894.0,376.7
3612604.0,377.1
3613274.0,376.9
3613854.0,376.6
3614464.0,376.3
3615214.0,375.9
3617014.0,366.8
3617514.0,370.5
3618014.0,364.4
3618694.0,365.0
3619324.0,365.3
3619914.0,365.7
3620564.0,363.9
3621064.0,363.1
3621564.0,362.3
3622164.0,361.9
3623114.0,360.4
3623654.0,359.0
3624154.0,359.2
3624904.0,357.4
3625404.0,356.9
3625904.0,357.5
3626404.0,356.9
3627494.0,357.5
3628574.0,351.2
3629624.0,351.9
3630284.0,349.0
3631844.0,351.8
3632414.0,344.6
3632960.0,361.7
3633460.0,371.5
3633960.0,383.9
3634460.0,387.8
3634960.0,393.1
3635460.0,398.8
3635950.0,396.4
3636480.0,393.1
3637030.0,383.8
3637530.0,383.6
3639342.0,382.2
3639872.0,378.4
3691787.0,379.6
3692287.0,374.9
3692787.0,371.6
3693357.0,367.7
3694007.0,362.7
3694567.0,366.1
3695067.0,363.6
3695637.0,363.0
3696377.0,361.6
3697147.0,360.0
3697647.0,359.2
3698238.0,359.6
3698768.0,358.3
3699478.0,357.1
3700458.0,356.0
3700958.0,353.6
3701608.0,353.5
3702178.0,352.2
3702678.0,350.2
3703178.0,349.9
3704108.0,351.0
3704701.0,360.9
3705201.0,370.1
3705701.0,380.7
3706201.0,387.4
3706701.0,392.5
3707201.0,398.1
3707701.0,404.0
3708201.0,400.1
3708831.0,399.9
3709401.0,395.4
3709901.0,396.7
3710411.0,395.2
3711141.0,393.6
3711641.0,382.3
3712171.0,391.1
3712672.0,390.5
3713172.0,391.7
3713732.0,386.7
3714262.0,386.6
3714762.0,384.1
3715262.0,383.5
3715852.0,383.9
3716352.0,383.6
3716852.0,383.0
3717352.0,381.3
3717852.0,382.4
3718352.0,382.1
3718852.0,381.6
3719452.0,380.1
3719952.0,379.8
3720452.0,379.4
3720952.0,378.8
3721452.0,377.3
3722012.0,375.5
3722682.0,363.6
3723182.0,371.3
3723732.0,371.7
3724412.0,371.3
3724962.0,370.7
3726802.0,369.9
3727552.0,367.9
3728052.0,367.4
3728552.0,367.6
3729052.0,367.6
3729552.0,367.6
3730052.0,366.4
3730552.0,366.6
3731052.0,366.2
3731552.0,364.7
3732142.0,363.0
3732922.0,362.7
3733642.0,362.2
3734142.0,356.8
3734642.0,357.0
3735342.0,355.4
3735842.0,356.6
3736372.0,356.0
3736972.0,355.7
3737472.0,358.2
3738002.0,353.7
3738502.0,353.1
3739102.0,345.0
3739722.0,340.7
3740227.0,349.9
3740727.0,349.0
3741227.0,348.8
3741777.0,348.4
3742407.0,347.9
3743102.0,356.5
3743702.0,362.3
3744202.0,369.7
3744702.0,377.7
3745242.0,387.6
3746132.0,392.7
3746652.0,397.1
3747182.0,401.8
3761653.0,402.4
3769593.0,401.2
3770093.0,399.9
3771903.0,392.3
3772473.0,393.4
3772973.0,393.3
3773473.0,393.2
3773973.0,391.0
3774473.0,390.7
3774973.0,390.8
3776264.0,389.6
3776784.0,388.7
3777284.0,387.8
3777864.0,386.6
3778364.0,386.3
3778864.0,384.1
3779574.0,383.9
3780144.0,380.1
3780644.0,379.2
3781174.0,376.7
3781714.0,374.7
3782314.0,375.5
3782814.0,375.2
3783314.0,375.0
3783814.0,374.6
3784344.0,373.9
3784904.0,372.1
3785624.0,372.4
3786124.0,372.2
3787204.0,371.6
3787834.0,370.5
3788334.0,369.9
3788928.0,376.5
3789428.0,386.8
3790178.0,393.7
3790728.0,400.0
3791478.0,399.8
3792118.0,398.0
3792618.0,397.7
3793138.0,397.3
3793728.0,394.7
3794328.0,394.4
3794828.0,393.5
3795428.0,391.3
3796088.0,390.1
3796648.0,386.2
3798358.0,382.3
3799078.0,377.0
3799758.0,377.8
3800368.0,380.6
3800938.0,376.9
3801438.0,375.9
3802058.0,374.3
3802938.0,372.2
3804309.0,372.6
3804839.0,370.0
3805489.0,371.4
3806259.0,368.9
3806759.0,367.5
3807669.0,366.6
3808169.0,365.1
3808669.0,364.4
3809169.0,360.6
3809989.0,360.8
3810489.0,360.7
3810989.0,358.5
3811539.0,358.2
3812039.0,357.6
3812539.0,355.0
3813039.0,356.0
3813769.0,355.2
3814579.0,354.4
3815079.0,353.6
3815579.0,353.3
3816079.0,352.6
3816859.0,349.5
3817579.0,351.2
3818289.0,353.4
3818899.0,349.1
3819399.0,349.3
3819899.0,348.9
3820399.0,350.5
3820899.0,347.1
3821669.0,345.2
3822219.0,344.7
3822809.0,345.4
3824120.0,354.8
3824870.0,362.9
3825370.0,371.9
3825940.0,386.2
3826440.0,388.5
3826945.0,393.9
3827639.0,397.4
3852932.0,395.6
3853432.0,395.3
3854052.0,392.5
3854582.0,392.2
3855082.0,389.7
3855732.0,388.1
3856262.0,388.6
3856762.0,386.9
3857262.0,387.3
3857762.0,387.3
3858262.0,387.3
3858762.0,387.3
3859262.0,387.2
3859762.0,385.7
3860292.0,385.7
3860792.0,385.0
3861462.0,381.3
3862122.0,381.9
3862662.0,380.9
3863162.0,378.6
3864182.0,376.5
3864992.0,375.3
3865642.0,374.4
3868715.0,373.8
3869255.0,373.3
3869935.0,371.4
3870946.0,359.9
3871456.0,361.1
3871976.0,363.2
3872476.0,363.0
3872976.0,362.7
3873906.0,361.5
3874476.0,361.9
3874986.0,362.7
3875516.0,360.5
3876016.0,359.7
3876696.0,359.1
3877426.0,358.2
3877936.0,356.6
3878436.0,356.5
3878976.0,355.6
3879546.0,355.2
3880257.0,369.3
3880757.0,381.7
3881257.0,386.5
3881757.0,391.7
3882257.0,397.4
3882757.0,403.3
3884608.0,399.8
3885108.0,400.1
3885608.0,400.1
3886138.0,399.8
3886758.0,398.5
3887418.0,397.6
3888408.0,396.2
3889058.0,395.2
3889658.0,394.5
3890238.0,393.6
3890738.0,392.1
3891238.0,392.0
3891738.0,390.9
3892238.0,386.8
3892768.0,389.4
3893268.0,388.8
3893788.0,388.1
3894529.0,386.1
3895319.0,385.8
3895879.0,384.5
3896379.0,382.8
3897089.0,383.7
3897589.0,382.4
3898089.0,382.6
3898589.0,381.5
3899209.0,381.0
3899769.0,382.0
3900269.0,378.7
3900769.0,377.7
3901759.0,369.4
3902509.0,371.9
3903149.0,367.0
3903759.0,370.8
3904319.0,370.7
3904849.0,366.7
3905349.0,368.2
3906289.0,368.3
3906809.0,358.6
3907379.0,361.9
3908019.0,359.0
3908659.0,356.3
3909159.0,357.5
3909659.0,357.3
3910279.0,352.8
3910779.0,354.8
3911325.0,360.9
3911825.0,375.8
3912325.0,388.6
3912825.0,389.2
3913328.0,394.7
3913828.0,400.5
3914406.0,402.7
3914916.0,400.6
3915416.0,399.0
3936001.0,398.8
3936601.0,396.1
3937161.0,393.0
3938241.0,392.7
3938871.0,389.2
3939582.0,390.6
3940732.0,390.8
3941232.0,387.8
3941742.0,386.8
3942372.0,384.0
3942932.0,384.0
3944995.0,384.0
3945495.0,383.5
3946135.0,381.0
3946785.0,381.9
3947495.0,379.4
3947995.0,379.4
3949466.0,379.3
3949966.0,378.5
3950776.0,376.8
3951276.0,374.3
3951816.0,375.6
3952346.0,375.1
3952846.0,375.2
3954066.0,373.5
3954566.0,373.2
3955066.0,371.0
3955706.0,370.4
3956416.0,371.7
3956916.0,371.5
3957416.0,371.6
3957916.0,369.5
3958516.0,370.2
3959067.0,366.8
3959847.0,368.5
3960387.0,366.4
3961457.0,367.7
3962907.0,365.1
3964267.0,360.3
3964907.0,358.3
3965447.0,359.6
3965977.0,358.5
3966527.0,358.0
3967047.0,357.3
3971579.0,397.1
3973287.0,396.7
3973787.0,396.7
3974327.0,395.7
3975107.0,394.3
3975757.0,394.3
3976507.0,392.4
3977167.0,391.2
3977727.0,389.6
3978227.0,389.1
3978797.0,388.1
3979507.0,385.9
3980007.0,383.8
3981367.0,386.7
3982057.0,382.8
3983067.0,375.0
3983567.0,379.1
3984067.0,379.1
3984567.0,379.1
3985067.0,378.8
3985887.0,377.6
3986547.0,375.2
3988137.0,372.7
3988637.0,373.5
3989187.0,370.1
3989697.0,370.9
3990267.0,369.9
3990787.0,369.1
3991367.0,364.9
3991977.0,360.5
3992647.0,364.8
3993147.0,359.7
3993967.0,359.4
3994467.0,358.2
3995137.0,357.5
3996197.0,357.3
3996747.0,356.7
3997247.0,356.7
3997747.0,356.7
3998367.0,355.9
4000451.0,352.6
4001141.0,347.9
4001791.0,351.6
4002311.0,351.5
4002811.0,351.0
4003357.0,363.3
4003857.0,372.3
4004357.0,381.8
4004857.0,387.9
4005357.0,393.1
4005857.0,398.7
4006357.0,404.8
4023257.0,400.3
4023757.0,400.1
4024377.0,389.8
4024877.0,397.1
4025677.0,395.1
4026177.0,393.5
4026697.0,385.8
4028109.0,387.8
4028609.0,389.2
4029169.0,388.0
4029669.0,380.1
4030439.0,384.7
4031579.0,385.2
4032619.0,382.5
4033149.0,380.5
4033659.0,380.5
4034189.0,381.8
4034909.0,378.8
4035559.0,378.8
4036059.0,378.1
4036560.0,375.8
4037160.0,376.3
4037770.0,376.7
4038360.0,375.9
4039554.0,376.2
4040054.0,376.9
4040574.0,371.5
4041074.0,373.1
4041664.0,370.5
4042164.0,373.1
4042894.0,371.2
4043404.0,373.2
4044105.0,369.3
4045035.0,369.9
4046065.0,365.2
4046565.0,369.0
4047165.0,366.8
4047665.0,365.7
4048165.0,366.3
4048665.0,365.3
4049165.0,364.9
4049665.0,364.0
4050165.0,362.7
4050685.0,360.5
4051185.0,361.0
4051998.0,375.9
4052498.0,389.4
4052998.0,389.3
4053498.0,394.7
4053998.0,400.6
4054488.0,403.9
4059412.0,399.9
4060232.0,398.3
4060882.0,397.2
4061452.0,394.7
4061952.0,392.8
4062882.0,393.9
4063722.0,390.2
4064782.0,388.4
4065472.0,386.6
4066002.0,385.9
4067392.0,385.1
4068112.0,383.0
4068612.0,382.1
4069112.0,382.3
4069762.0,379.4
4070382.0,377.9
4071312.0,377.9
4073342.0,372.4
4073842.0,372.7
4074422.0,371.8
4074922.0,370.2
4075462.0,370.0
4076042.0,370.0
4076762.0,367.7
4077452.0,366.3
4078082.0,366.6
4078672.0,360.0
4079172.0,359.0
4079692.0,359.5
4080192.0,359.5
4080692.0,359.0
4081222.0,353.4
4081722.0,354.7
4082362.0,354.8
4082922.0,354.9
4083483.0,354.0
4084013.0,351.8
4084563.0,353.3
4085423.0,351.6
4086038.0,347.2
4086678.0,346.9
4087178.0,343.7
4087678.0,341.5
4088178.0,346.5
4145421.0,342.7
4145921.0,338.5
4146441.0,338.3
4146941.0,339.9
4151290.0,338.4
4152040.0,336.9
4152594.0,346.9
4153094.0,352.2
4153594.0,354.8
4154114.0,357.9
4154614.0,362.1
4155114.0,368.2
4155614.0,376.1
4156144.0,377.4
4156644.0,375.2
4197015.0,374.9
4197525.0,370.0
4198145.0,371.4
4198645.0,368.5
4199155.0,368.7
4199655.0,368.3
4200295.0,367.4
4200795.0,367.5
4201295.0,367.1
4201796.0,366.5
4202916.0,365.9
4203596.0,364.5
4204096.0,364.6
4204756.0,361.8
4205256.0,361.4
4205756.0,358.1
4206256.0,360.8
4206796.0,361.6
4207296.0,360.7
4207796.0,360.7
4208296.0,360.4
4208796.0,359.5
4209436.0,356.7
4209986.0,357.5
4210486.0,355.5
4210996.0,356.4
4211496.0,355.6
4212346.0,357.1
4213066.0,352.4
4213597.0,361.7
4214097.0,374.1
4214597.0,386.7
4215097.0,388.7
4215597.0,394.0
4216097.0,399.7
4216597.0,405.8
4217334.0,400.5
4217964.0,396.0
4219207.0,395.9
4219737.0,393.5
4220247.0,390.6
4220747.0,388.5
4221247.0,386.6
4221747.0,386.5
4222317.0,386.9
4222817.0,386.7
4223367.0,385.7
4224177.0,384.0
4224677.0,383.2
4225207.0,380.9
4225707.0,381.7
4226367.0,379.7
4226867.0,376.8
4227637.0,378.3
4228257.0,376.4
4228757.0,376.4
4229517.0,372.4
4230157.0,370.4
4230747.0,372.5
4231247.0,372.1
4231817.0,371.7
4232557.0,368.4
4233087.0,360.9
4233587.0,367.1
4234087.0,366.6
4234627.0,365.2
4235217.0,365.1
4235717.0,364.3
4236277.0,363.0
4236957.0,362.0
4237817.0,360.4
4238407.0,357.2
4239497.0,359.0
4240547.0,357.0
4241377.0,358.1
4241917.0,355.7
4242947.0,355.1
4243497.0,353.5
4244137.0,355.0
4244687.0,350.9
4245308.0,352.7
4246382.0,352.1
4247392.0,346.5
4247922.0,351.7
4248422.0,349.9
4248952.0,348.0
4249482.0,347.5
4250162.0,348.7
4251312.0,348.2
4252292.0,346.2
4254122.0,348.2
4254622.0,344.9
4255332.0,340.1
4282662.0,400.9
4283612.0,394.9
4284212.0,395.7
4285182.0,389.7
4286092.0,389.9
4286592.0,389.7
4287092.0,385.4
4287592.0,386.7
4288402.0,387.2
4289122.0,384.7
4289622.0,384.8
4290122.0,383.9
4290622.0,383.8
4291412.0,382.9
4292012.0,382.4
4292574.0,381.7
4293074.0,381.3
4293574.0,380.7
4294074.0,379.7
4294594.0,379.0
4295224.0,374.6
4295974.0,375.9
4296764.0,374.6
4297364.0,373.6
4298374.0,372.6
4298874.0,372.0
4299404.0,370.3
4299990.0,383.4
4300490.0,387.9
4300990.0,393.3
4301490.0,399.1
4301990.0,405.2
4302480.0,402.3
4302980.0,401.6
4303750.0,400.0
4304270.0,399.4
4305020.0,397.5
4305730.0,397.5
4306230.0,397.4
4306730.0,395.9
4307600.0,394.7
4308490.0,393.2
4308990.0,392.9
4309680.0,391.7
4310420.0,390.4
4311210.0,389.9
4312010.0,389.1
4312640.0,385.9
4313210.0,382.5
4313840.0,384.4
4314340.0,384.0
4314990.0,383.1
4316250.0,381.8
4316750.0,381.4
4317250.0,381.1
4317970.0,377.7
4318700.0,378.2
4319975.0,376.3
4321185.0,374.4
4322325.0,374.7
4323075.0,372.6
4324675.0,370.7
4325175.0,370.4
4325705.0,367.4
4326255.0,367.1
4326775.0,367.3
4327275.0,367.3
4327775.0,367.0
4328275.0,366.4
4328775.0,366.0
4329305.0,363.4
4329865.0,363.5
4330625.0,361.9
4331215.0,361.2
4331715.0,360.8
4332215.0,358.7
4332715.0,359.3
4333285.0,357.8
4333815.0,357.6
4334315.0,357.6
4334825.0,357.5
4335325.0,357.5
4335895.0,356.1
4336555.0,356.3
4337075.0,355.7
4338001.0,365.5
4338501.0,376.5
4339001.0,386.4
4339571.0,390.9
4340071.0,396.4
4340571.0,402.3
4341071.0,402.6
4341571.0,401.5
4371121.0,399.9
4371741.0,398.8
4372541.0,395.5
4373041.0,396.6
4373561.0,395.9
4374141.0,393.3
4375341.0,390.4
4376802.0,390.7
4377302.0,388.4
4377962.0,389.2
4378462.0,389.2
4379272.0,386.4
4380327.0,387.5
4380857.0,388.5
4381447.0,386.1
4381947.0,385.7
4382457.0,383.0
4383257.0,383.0
4385079.0,382.9
4385619.0,384.1
4386189.0,380.5
4386719.0,379.8
4387219.0,380.0
4387779.0,373.5
4388899.0,375.5
4389399.0,373.2
4390259.0,373.4
4390759.0,372.5
4391259.0,373.9
4391999.0,370.0
4392639.0,369.9
4393139.0,366.7
4393849.0,366.1
4394520.0,364.8
4395450.0,362.8
4396400.0,362.4
4396900.0,362.3
4397400.0,361.8
4397900.0,356.9
4398720.0,359.1
4399580.0,358.3
4400080.0,358.4
4400580.0,358.4
4401140.0,357.4
4402020.0,357.9
4402690.0,355.9
4404368.0,361.1
4404868.0,373.8
4405368.0,385.6
4405868.0,388.7
4406368.0,394.2
4406868.0,399.9
4407358.0,401.8
4407858.0,399.7
4408738.0,398.3
4409318.0,397.1
4409988.0,395.3
4410758.0,396.0
4411408.0,395.2
4412118.0,393.7
4412638.0,393.6
4413138.0,393.5
4413638.0,393.4
4414138.0,392.5
4414798.0,391.6
4415648.0,390.8
4416508.0,390.7
4417168.0,390.5
4417968.0,389.7
4418848.0,388.1
4419768.0,386.9
4420268.0,386.5
4420768.0,386.1
4421638.0,384.1
4422428.0,383.2
4422928.0,380.3
4423498.0,381.3
4424008.0,380.7
4424828.0,378.9
4425328.0,379.0
4425829.0,378.6
4426759.0,376.8
4427549.0,376.1
4428279.0,373.4
4431936.0,373.4
4432436.0,368.7
4432936.0,371.0
4434588.0,397.3
4435088.0,403.4
4453619.0,401.4
4454209.0,400.4
4454709.0,400.4
4455209.0,400.3
4455739.0,399.4
4456549.0,398.1
4457409.0,396.6
4457909.0,393.6
4458509.0,394.6
4459609.0,392.9
4460229.0,392.7
4460819.0,390.1
4461599.0,389.5
4462199.0,388.6
4462779.0,388.3
4463879.0,386.3
4465169.0,384.2
4466239.0,384.2
4466969.0,378.2
4467469.0,381.0
4467969.0,379.8
4468729.0,380.4
4469229.0,380.3
4469809.0,378.8
4470419.0,379.1
4470969.0,377.9
4471639.0,376.6
4476116.0,376.4
4476616.0,374.9
4477157.0,374.9
4477657.0,374.3
4478377.0,373.3
4478877.0,371.5
4479487.0,371.8
4480017.0,371.1
4480607.0,369.1
4481554.0,383.0
4482054.0,387.5
4482554.0,392.9
4483054.0,398.6
4483554.0,404.7
4484054.0,401.8
4484614.0,400.4
4485294.0,398.6
4485974.0,394.9
4486474.0,391.6
4487064.0,393.3
4487584.0,390.3
4488154.0,388.4
4489728.0,388.9
4490228.0,388.9
4490728.0,388.9
4491228.0,386.7
4491728.0,386.0
4559386.0,385.4
4559886.0,384.9
4560386.0,384.4
4560886.0,384.0
4561386.0,382.9
4561886.0,378.8
4562521.0,385.0
4563021.0,389.5
4563521.0,394.5
4564011.0,392.1
4564511.0,391.5
4565011.0,391.1
4565512.0,390.7
4566012.0,390.7
4566512.0,390.7
4567012.0,390.6
4567512.0,390.6
4568012.0,390.5
4568512.0,390.5
4569012.0,390.4
4569512.0,390.4
4570012.0,390.3
4570512.0,389.9
4571012.0,390.6
4571522.0,388.7
4572072.0,387.2
4572762.0,384.8
4573262.0,383.5
4573762.0,382.5
4574272.0,381.5
4574772.0,381.5
4575302.0,380.1
4575822.0,379.2
4576402.0,378.9
4576902.0,377.9
4577402.0,377.9
4577902.0,377.9
4578402.0,377.9
4578902.0,377.9
4579402.0,377.9
4579902.0,377.8
4580402.0,377.8
4581042.0,375.2
4581542.0,375.6
4582042.0,373.8
4582542.0,373.8
4583174.0,384.3
4583674.0,388.4
4584174.0,393.9
4584674.0,399.8
4585164.0,396.2
4585664.0,395.9
4586169.0,395.2
4586669.0,394.8
4587169.0,394.2
4587670.0,393.8
4588170.0,392.7
4588670.0,393.4
4589170.0,390.5
4589740.0,388.6
4590240.0,389.0
4590740.0,384.3
4591370.0,385.7
4591940.0,385.2
4592570.0,384.8
4593220.0,375.2
4593720.0,370.8
4594220.0,372.2
4628697.0,367.1
4629207.0,361.2
4629767.0,356.2
4630357.0,359.7
4630867.0,358.1
4631367.0,357.8
4631867.0,357.6
4632807.0,356.4
4633307.0,356.2
4634007.0,354.5
4634527.0,355.2
4635027.0,355.2
4635937.0,355.1
4636447.0,354.0
4636957.0,349.1
4637497.0,351.3
4638237.0,352.4
4639377.0,351.8
4640427.0,350.9
4641247.0,347.1
4642047.0,349.5
4643222.0,375.6
4643722.0,388.2
4644222.0,389.2
4644722.0,394.6
4645222.0,400.4
4645722.0,406.6
4646212.0,401.6
4646762.0,399.9
4647262.0,399.9
4647762.0,398.7
4648372.0,396.5
4648872.0,395.9
4649372.0,396.0
4649872.0,394.9
4650532.0,393.8
4651182.0,392.9
4651892.0,390.4
4652442.0,390.7
4652942.0,389.4
4653442.0,388.4
4653982.0,383.5
4655142.0,386.5
4655642.0,386.0
4656142.0,385.8
4656642.0,382.2
4657182.0,383.0
4657682.0,383.3
4658342.0,383.3
4658843.0,383.3
4659753.0,384.4
4660413.0,381.0
4660997.0,390.3
4661497.0,396.2
4661997.0,402.4
4662487.0,402.6
4663127.0,401.0
4663767.0,398.9
4664357.0,397.1
4665317.0,394.7
4665817.0,396.3
4666607.0,391.7
4667107.0,393.1
4667607.0,392.0
4668337.0,392.6
4668967.0,391.4
4669567.0,383.0
4671027.0,387.0
4671527.0,384.4
4672308.0,384.8
4672938.0,384.6
4673438.0,384.5
4673938.0,384.5
4674878.0,385.7
4676398.0,379.7
4678028.0,379.1
4678618.0,371.6
4679228.0,373.3
4680478.0,373.0
4681018.0,369.1
4681548.0,370.9
4682138.0,369.5
4682638.0,369.3
4683528.0,366.8
4684078.0,367.0
4684578.0,361.4
4685268.0,359.9
4685968.0,361.4
4686498.0,360.6
4687278.0,357.6
4687778.0,358.5
