number,pack_voltage
0,328.2
214,335.8
428,350.2
642,366.8
856,379.3
1070,337.2
1284,357.5
1498,377.4
1712,334.9
1926,354.9
2140,375.5
2354,326.1
2568,326.1
2782,326.3
2996,330.0
3210,336.6
3424,349.4
3638,363.5
3852,328.9
4066,332.8
4280,342.1
4494,331.7
4708,337.4
4922,345.0
5136,353.0
5350,361.1
5564,369.9
5778,378.8
5992,348.2
6206,371.4
6420,380.5
6634,328.2
6848,330.8
7062,334.4
7276,341.4
7490,348.8
7704,356.6
7918,333.9
8132,352.1
8346,373.6
8560,381.1
8774,334.9
8988,347.4
9202,361.6
9416,376.9
9630,340.8
9844,354.6
10058,369.4
10272,379.7
10486,328.3
10700,332.4
10914,341.1
11128,352.8
11342,365.3
11556,328.3
11770,332.2
11984,340.5
12198,352.1
12412,338.8
12626,359.9
12840,379.3
13054,330.0
13268,341.1
13482,362.5
13696,346.8
13910,360.8
14124,376.3
14338,329.1
14552,331.6
14766,335.5
14980,342.1
15194,348.6
15408,355.5
15622,362.7
15836,370.4
16050,378.0
16264,381.4
16478,333.9
16692,352.4
16906,374.1
17120,329.4
17334,338.2
17548,358.6
17762,378.0
17976,326.6
18190,328.9
18404,331.3
18618,334.9
18832,341.3
19046,347.7
19260,354.6
19474,361.8
19688,346.0
19902,362.1
20116,378.9
20330,344.1
20544,367.7
20758,379.6
20972,332.2
21186,348.0
21400,369.3
21614,379.9
21828,330.2
22042,340.8
22256,362.7
22470,379.7
22684,330.7
22898,342.5
23112,363.9
23326,371.8
23540,380.8
23754,361.9
23968,378.8
24182,346.8
24396,370.5
24610,380.0
24824,329.1
25038,333.5
25252,343.5
25466,355.5
25680,368.6
25894,379.7
26108,334.9
26322,353.8
26536,374.4
26750,343.3
26964,358.5
27178,375.2
27392,328.6
27606,332.4
27820,338.3
28034,346.0
28248,354.1
28462,362.2
28676,371.1
28890,379.9
29104,368.3
29318,377.4
29532,327.7
29746,332.2
29960,341.6
30174,355.0
30388,369.7
30602,380.0
30816,335.8
31030,355.8
31244,375.8
31458,326.3
31672,334.9
31886,353.3
32100,372.7
32314,332.2
32528,347.8
32742,370.2
32956,379.9
33170,330.8
33384,337.5
33598,349.6
33812,362.2
34026,327.7
34240,332.1
34454,341.8
34668,355.0
34882,369.9
35096,332.5
35310,344.4
35524,360.3
35738,378.2
35952,338.0
36166,351.6
36380,366.0
36594,321.4
36808,328.9
37022,333.6
37236,344.7
37450,358.5
37664,373.6
37878,381.4
38092,336.4
38306,348.5
38520,361.0
38734,374.4
38948,330.7
39162,343.2
39376,364.7
39590,379.1
39804,336.4
40018,356.8
40232,376.6
40446,323.5
40660,332.7
40874,348.2
41088,370.5
41302,380.0
41516,323.9
41730,327.4
41944,329.6
42158,332.4
42372,337.4
42586,345.0
42800,353.0
43014,361.1
43228,369.7
43442,378.5
43656,337.4
43870,358.3
44084,377.7
44298,329.7
44512,340.8
44726,363.2
44940,378.6
45154,346.1
45368,368.8
45582,379.6
45796,337.2
46010,358.8
46224,378.5
46438,337.2
46652,358.5
46866,377.9
47080,343.0
47294,364.9
47508,378.9
47722,357.2
47936,377.4
48150,329.6
48364,340.8
48578,362.1
48792,378.6
49006,356.0
49220,376.3
49434,356.9
49648,377.7
49862,328.5
50076,337.7
50290,360.0
50504,379.4
50718,332.1
50932,348.6
51146,371.4
51360,380.2
51574,329.7
51788,335.0
52002,346.4
52216,358.8
52430,372.2
52644,380.8
52858,371.4
53072,380.5
53286,347.5
53500,369.9
53714,379.9
53928,334.4
54142,346.9
54356,361.0
54570,356.9
54784,370.5
54998,380.2
55212,349.1
55426,371.6
55640,380.4
55854,333.5
56068,351.3
56282,372.7
56496,381.0
56710,346.4
56924,368.6
57138,379.6
57352,337.7
57566,359.1
57780,378.5
57994,341.6
58208,362.4
58422,381.6
58636,326.9
58850,335.0
59064,354.1
59278,375.4
59492,381.8
59706,337.1
59920,358.5
60134,376.9
60348,335.5
60562,355.3
60776,375.2
60990,381.3
61204,344.1
61418,367.5
61632,379.4
61846,359.7
62060,379.1
62274,327.7
62488,333.0
62702,345.0
62916,360.7
63130,377.4
63344,329.2
63558,339.9
63772,362.2
63986,379.3
64200,357.2
64414,328.5
64628,336.8
64842,357.4
65056,376.3
65270,332.2
65484,348.9
65698,369.9
65912,380.2
66126,337.7
66340,351.3
66554,365.7
66768,378.9
66982,330.2
67196,336.4
67410,348.5
67624,360.8
67838,332.4
68052,348.5
68266,369.6
68480,380.0
68694,341.3
68908,362.8
69122,337.5
69336,359.7
69550,379.6
69764,345.7
69978,359.7
70192,374.9
70406,381.8
70620,343.8
70834,365.7
71048,366.1
71262,379.3
71476,325.8
71690,326.0
71904,326.0
72118,326.0
72332,326.0
72546,326.0
72760,326.0
72974,326.0
73188,326.0
73402,326.0
73616,326.0
73830,326.0
74044,326.0
74258,326.0
74472,326.0
74686,326.0
74900,326.0
75114,326.0
75328,326.0
75542,326.0
75756,326.0
75970,332.2
76184,342.2
76398,355.8
76612,370.7
76826,380.0
77040,338.5
77254,352.4
77468,366.9
77682,328.6
77896,333.8
78110,345.3
78324,359.3
78538,374.3
78752,381.4
78966,322.4
79180,326.4
79394,328.8
79608,331.3
79822,334.9
80036,342.2
80250,349.9
80464,357.8
80678,366.3
80892,374.9
81106,358.2
81320,374.9
81534,381.6
81748,375.2
81962,335.8
82176,351.3
82390,367.2
82604,379.1
82818,335.8
83032,357.2
83246,377.2
83460,349.3
83674,371.9
83888,380.5
84102,353.8
84316,374.4
84530,381.3
84744,341.3
84958,363.0
85172,378.6
85386,333.5
85600,351.6
85814,372.9
86028,330.2
86242,338.2
86456,351.6
86670,365.0
86884,329.7
87098,336.8
87312,351.6
87526,367.2
87740,379.1
87954,367.7
88168,379.6
88382,343.0
88596,356.9
88810,330.5
89024,344.3
89238,366.3
89452,379.3
89666,331.9
89880,347.2
90094,369.6
90308,379.9
90522,354.4
90736,333.0
90950,348.3
91164,367.5
91378,354.4
91592,373.3
91806,327.1
92020,329.1
92234,331.6
92448,335.3
92662,342.2
92876,349.1
93090,356.1
93304,363.3
93518,370.8
93732,378.5
93946,381.4
94160,331.0
94374,335.2
94588,343.0
94802,351.1
95016,359.1
95230,367.8
95444,338.3
95658,359.7
95872,330.8
96086,345.5
96300,367.8
96514,347.7
96728,366.9
96942,379.3
97156,339.7
97370,361.6
97584,378.9
97798,336.1
98012,358.5
98226,378.3
98440,327.7
98654,331.9
98868,340.5
99082,352.7
99296,365.5
99510,378.9
99724,332.2
99938,341.6
100152,353.6
100366,366.6
100580,380.2
100794,332.1
101008,347.4
101222,370.2
101436,346.9
101650,338.6
101864,361.6
102078,357.7
102292,378.2
102506,350.3
102720,366.4
102934,379.1
103148,333.0
103362,343.6
103576,356.0
103790,368.9
104004,379.7
104218,348.0
104432,360.5
104646,373.8
104860,344.7
105074,358.9
105288,374.3
105502,381.4
105716,361.1
105930,344.4
106144,366.4
106358,379.3
106572,353.8
106786,374.6
107000,381.4
107214,336.3
107428,350.0
107642,364.4
107856,328.3
108070,331.1
108284,335.5
108498,343.5
108712,351.6
108926,359.7
109140,368.3
109354,377.2
109568,327.8
109782,335.8
109996,355.8
110210,376.1
110424,357.2
110638,372.4
110852,380.7
111066,331.3
111280,335.8
111494,344.1
111708,352.2
111922,360.3
112136,368.9
112350,377.9
112564,346.3
112778,369.3
112992,339.7
113206,352.4
113420,334.2
113634,345.8
113848,328.9
114062,335.7
114276,352.8
114490,372.5
114704,340.3
114918,352.8
115132,333.0
115346,343.6
115560,355.8
115774,346.3
115988,358.8
116202,332.1
116416,341.0
116630,341.1
116844,357.5
117058,374.1
117272,329.4
117486,334.9
117700,347.7
117914,361.8
118128,377.1
118342,326.3
118556,331.4
118770,340.2
118984,354.3
119198,368.9
119412,379.7
119626,358.9
119840,330.5
120054,341.3
120268,359.7
120482,349.9
120696,371.9
120910,380.5
121124,347.4
121338,371.6
121552,380.0
121766,347.7
121980,372.1
122194,332.2
122408,341.8
122622,340.5
122836,362.8
123050,378.6
123264,334.9
123478,350.2
123692,366.3
123906,331.4
124120,346.3
124334,368.6
124548,335.3
124762,356.6
124976,377.1
125190,328.8
125404,338.3
125618,360.2
125832,379.3
126046,328.3
126260,334.4
126474,348.3
126688,364.3
126902,378.6
127116,334.7
127330,353.8
127544,374.4
127758,351.9
127972,373.2
128186,330.7
128400,342.4
128614,364.1
128828,343.2
129042,357.2
129256,330.0
129470,341.1
129684,364.3
129898,346.0
130112,358.3
130326,326.6
130540,330.8
130754,336.9
130968,349.3
131182,361.8
131396,375.2
131610,347.8
131824,370.7
132038,329.2
132252,338.5
132466,359.9
132680,329.1
132894,344.4
133108,366.4
133322,328.2
133536,336.3
133750,356.6
133964,376.4
134178,333.8
134392,346.0
134606,331.9
134820,342.4
135034,356.3
135248,333.2
135462,347.8
135676,363.6
135890,348.8
136104,371.9
136318,332.5
136532,349.7
136746,371.8
136960,340.7
137174,364.1
137388,331.1
137602,343.3
137816,362.1
138030,332.4
138244,350.0
138458,350.5
138672,337.5
138886,356.9
139100,375.7
139314,331.7
139528,344.1
139742,362.7
139956,333.8
140170,350.2
140384,369.6
140598,322.5
140812,329.2
141026,334.4
141240,346.8
141454,360.8
141668,376.1
141882,341.4
142096,364.9
142310,378.6
142524,352.1
142738,366.6
142952,344.6
143166,368.3
143380,328.0
143594,335.2
143808,352.1
144022,341.6
144236,364.1
144450,378.8
144664,331.6
144878,345.8
145092,368.3
145306,331.6
145520,346.4
145734,369.6
145948,330.3
146162,344.1
146376,367.7
146590,338.3
146804,360.5
147018,379.3
147232,328.5
147446,333.6
147660,346.1
147874,361.8
148088,378.5
148302,348.0
148516,367.4
148730,334.1
148944,353.5
149158,374.6
149372,328.5
149586,333.3
149800,344.7
150014,358.8
150228,338.2
150442,353.2
150656,367.8
150870,329.9
151084,335.2
151298,347.1
151512,359.6
151726,373.0
151940,342.5
152154,355.3
152368,361.9
152582,378.6
152796,332.4
153010,342.1
153224,354.4
153438,367.4
153652,331.4
153866,346.4
154080,368.9
154294,330.2
154508,338.8
154722,353.2
154936,327.2
155150,331.7
155364,340.5
155578,354.6
155792,355.3
156006,334.7
156220,343.0
156434,351.0
156648,333.3
156862,345.7
157076,359.7
157290,332.4
157504,342.8
157718,356.9
157932,371.9
158146,329.4
158360,335.0
158574,347.8
158788,362.1
159002,377.5
159216,337.4
159430,352.1
159644,366.8
159858,335.5
160072,355.8
160286,376.0
160500,331.0
160714,344.3
160928,366.4
161142,379.1
161356,332.8
161570,345.0
161784,327.5
161998,336.3
162212,356.8
162426,333.5
162640,346.9
162854,363.0
163068,379.7
163282,353.2
163496,368.0
163710,343.8
163924,358.0
164138,322.7
164352,329.2
164566,334.2
164780,346.6
164994,360.7
165208,322.8
165422,329.6
165636,335.3
165850,349.6
166064,365.5
166278,378.8
166492,333.3
166706,350.8
166920,372.2
167134,326.9
167348,331.7
167562,340.8
167776,354.9
167990,331.0
168204,339.9
168418,356.1
168632,325.5
168846,328.5
169060,331.1
169274,335.2
169488,343.2
169702,351.1
169916,359.3
170130,368.0
170344,330.7
170558,338.0
170772,352.2
170986,366.8
171200,351.1
171414,366.0
171628,378.8
171842,346.1
172056,333.2
172270,347.4
172484,328.6
172698,337.8
172912,353.6
173126,370.0
173340,329.2
173554,334.6
173768,348.3
173982,364.3
174196,356.0
174410,328.8
174624,339.3
174838,362.5
175052,327.5
175266,332.8
175480,345.0
175694,360.7
175908,377.4
176122,331.4
176336,341.1
176550,355.2
176764,370.2
176978,334.9
177192,348.5
177406,362.7
177620,378.2
177834,356.0
178048,371.1
178262,333.3
178476,346.1
178690,359.9
178904,375.5
179118,343.8
179332,366.4
179546,379.3
179760,342.1
179974,356.1
180188,371.1
180402,328.9
180616,333.5
180830,344.3
181044,356.6
181258,369.9
181472,329.7
181686,339.3
181900,361.1
182114,379.9
182328,328.6
182542,332.8
182756,342.4
182970,354.7
183184,331.6
183398,348.6
183612,371.3
183826,356.9
184040,372.5
184254,336.6
184468,351.6
184682,332.7
184896,349.4
185110,371.6
185324,355.7
185538,376.1
185752,337.8
185966,354.3
186180,371.1
186394,348.6
186608,364.9
186822,378.6
187036,348.5
187250,371.3
187464,337.5
187678,350.2
187892,330.3
188106,343.8
188320,366.0
188534,378.8
188748,340.5
188962,353.5
189176,332.7
189390,348.8
189604,371.9
189818,344.4
190032,361.0
190246,378.0
190460,346.6
190674,361.0
190888,376.4
191102,329.6
191316,338.3
191530,359.6
191744,378.6
191958,343.0
192172,366.6
192386,378.9
192600,338.0
192814,361.1
193028,380.0
193242,333.0
193456,349.6
193670,372.2
193884,325.3
194098,330.5
194312,336.3
194526,348.6
194740,329.2
194954,334.2
195168,345.7
195382,327.8
195596,332.2
195810,341.0
196024,353.6
196238,345.7
196452,368.9
196666,331.0
196880,344.1
197094,368.0
197308,331.6
197522,342.7
197736,358.3
197950,375.4
198164,328.3
198378,334.1
198592,347.8
198806,363.6
199020,378.6
199234,348.6
199448,371.6
199662,330.0
199876,340.3
200090,356.3
200304,327.1
200518,333.0
200732,345.3
200946,361.0
201160,377.5
201374,336.1
201588,357.1
201802,376.9
202016,334.2
202230,354.4
202444,374.9
202658,322.4
202872,328.2
203086,330.8
203300,336.0
203514,346.9
203728,357.4
203942,328.9
204156,334.1
204370,346.1
204584,324.2
204798,331.3
205012,339.9
205226,354.1
205440,346.3
205654,360.7
205868,376.1
206082,332.7
206296,344.1
206510,358.3
206724,373.5
206938,335.7
207152,357.1
207366,376.9
207580,359.4
207794,379.1
208008,353.8
208222,368.8
208436,332.1
208650,348.0
208864,372.1
209078,329.6
209292,340.5
209506,362.8
209720,378.6
209934,332.4
210148,348.3
210362,371.1
210576,341.1
210790,363.9
211004,378.8
211218,334.2
211432,352.8
211646,373.8
211860,338.5
212074,361.4
212288,330.2
212502,340.3
212716,362.4
212930,378.5
213144,331.6
213358,345.3
213572,367.5
213786,333.5
214000,350.7
214214,329.9
214428,338.3
214642,354.4
214856,370.5
215070,331.9
215284,344.3
215498,358.3
215712,373.8
215926,353.6
216140,328.8
216354,337.5
216568,358.9
216782,378.5
216996,347.7
217210,370.7
217424,331.7
217638,347.1
217852,365.2
218066,378.6
218280,331.0
218494,343.6
218708,365.8
218922,379.3
219136,375.8
219350,347.4
219564,361.8
219778,377.4
219992,339.7
220206,362.1
220420,378.6
220634,363.3
220848,378.6
221062,331.1
221276,340.2
221490,356.1
221704,373.0
221918,332.1
222132,349.4
222346,371.9
222560,331.0
222774,339.6
222988,354.1
223202,355.7
223416,376.1
223630,335.2
223844,355.0
224058,375.2
224272,326.1
224486,326.3
224700,326.4
224914,326.4
225128,326.4
225342,326.4
225556,326.4
225770,326.4
225984,326.4
226198,330.2
226412,333.8
226626,341.1
226840,349.6
227054,357.5
227268,366.1
227482,375.2
227696,336.9
227910,351.8
228124,366.4
228338,378.9
228552,328.5
228766,333.0
228980,343.8
229194,357.8
229408,373.2
229622,327.5
229836,332.1
230050,341.4
230264,355.7
230478,370.7
230692,334.1
230906,354.1
231120,374.9
231334,366.8
231548,333.2
231762,350.7
231976,327.1
232190,335.7
232404,355.7
232618,376.1
232832,332.7
233046,349.1
233260,372.1
233474,331.4
233688,343.5
233902,359.9
234116,339.7
234330,356.9
234544,346.1
234758,360.7
234972,376.3
235186,339.6
235400,362.1
235614,378.6
235828,334.6
236042,354.1
236256,374.9
236470,341.8
236684,357.7
236898,330.0
237112,337.7
237326,353.6
237540,370.2
237754,329.4
237968,341.0
238182,364.7
238396,322.2
238610,329.9
238824,336.6
239038,351.8
239252,330.0
239466,336.8
239680,350.5
239894,362.2
240108,378.6
240322,331.7
240536,347.1
240750,371.4
240964,328.0
241178,336.8
241392,357.8
241606,377.9
241820,337.5
242034,359.6
242248,378.9
242462,335.0
242676,355.2
242890,330.5
243104,337.2
243318,350.2
243532,328.5
243746,333.2
243960,344.4
244174,358.5
244388,349.4
244602,326.4
244816,331.6
245030,340.0
245244,340.5
245458,363.0
245672,378.5
245886,368.0
246100,350.7
246314,372.4
246528,321.0
246742,329.4
246956,335.5
247170,350.7
247384,367.5
247598,361.9
247812,377.4
248026,330.5
248240,339.1
248454,355.2
248668,371.9
248882,328.9
249096,334.7
249310,346.8
249524,359.4
249738,373.0
249952,334.9
250166,354.9
250380,375.5
250594,348.6
250808,365.0
251022,328.3
251236,332.4
251450,341.1
251664,353.9
251878,328.5
252092,335.0
252306,347.4
252520,359.9
252734,373.6
252948,330.0
253162,335.8
253376,348.2
253590,360.8
253804,374.6
254018,329.1
254232,332.7
254446,338.5
254660,347.4
254874,355.3
255088,363.8
255302,372.9
255516,338.6
255730,353.5
255944,368.5
256158,334.7
256372,356.1
256586,376.3
256800,328.3
257014,333.3
257228,344.7
257442,358.8
257656,374.3
257870,330.8
258084,338.6
258298,353.2
258512,367.8
258726,379.3
258940,367.5
259154,379.4
259368,347.5
259582,363.6
259796,378.6
260010,334.4
260224,346.4
260438,358.9
260652,372.7
260866,345.3
261080,361.6
261294,378.5
261508,329.4
261722,338.5
261936,360.2
262150,379.3
262364,342.8
262578,365.7
262792,379.1
263006,329.7
263220,333.6
263434,341.8
263648,351.3
263862,360.5
264076,370.2
264290,378.3
264504,353.0
264718,374.1
264932,324.6
265146,330.8
265360,338.8
265574,354.7
265788,371.6
266002,329.9
266216,335.3
266430,347.4
266644,359.9
266858,373.8
267072,332.8
267286,350.2
267500,372.1
267714,343.3
267928,361.9
268142,378.5
268356,358.6
268570,376.8
268784,340.8
268998,357.5
269212,374.6
269426,326.7
269640,331.7
269854,340.5
270068,354.6
270282,368.3
270496,378.9
270710,337.5
270924,359.1
271138,378.8
271352,333.6
271566,353.3
271780,374.7
271994,336.4
272208,357.8
272422,377.7
272636,330.7
272850,342.5
273064,364.9
273278,358.6
273492,377.1
273706,338.6
273920,361.0
274134,379.9
274348,335.3
274562,349.4
274776,363.8
274990,379.6
275204,327.2
275418,331.4
275632,339.4
275846,353.9
276060,368.8
276274,379.4
276488,335.8
276702,350.8
276916,367.2
277130,378.6
277344,331.3
277558,344.4
277772,366.9
277986,379.1
278200,335.2
278414,354.9
278628,375.2
278842,327.5
279056,331.1
279270,336.4
279484,346.6
279698,355.8
279912,365.3
280126,374.9
280340,329.9
280554,333.5
280768,339.6
280982,354.9
281196,371.4
281410,380.0
281624,364.9
281838,376.8
282052,332.1
282266,343.8
282480,359.9
282694,377.1
282908,330.8
283122,339.4
283336,355.5
283550,372.2
283764,332.7
283978,351.6
284192,372.7
284406,381.0
284620,336.6
284834,350.7
285048,364.1
285262,378.2
285476,332.5
285690,343.6
285904,357.8
286118,373.2
286332,328.3
286546,333.5
286760,345.3
286974,359.6
287188,330.5
287402,343.0
287616,365.8
287830,379.1
288044,363.6
288258,336.9
288472,358.5
288686,330.5
288900,343.6
289114,367.5
289328,379.1
289542,349.7
289756,371.8
289970,325.8
290184,334.4
290398,353.2
290612,374.1
290826,333.2
291040,351.3
291254,372.5
291468,342.5
291682,365.3
291896,329.2
292110,335.5
292324,349.3
292538,363.6
292752,379.3
292966,341.0
293180,355.7
293394,371.0
293608,330.2
293822,335.3
294036,343.5
294250,350.7
294464,357.7
294678,365.2
294892,373.0
295106,379.3
295320,347.5
295534,361.9
295748,330.8
295962,335.5
296176,344.3
296390,352.7
296604,361.0
296818,369.9
297032,378.6
297246,352.2
297460,373.2
297674,350.5
297888,372.4
298102,372.1
298316,353.8
298530,374.7
298744,372.4
298958,346.6
299172,362.5
299386,378.9
299600,358.2
299814,328.2
300028,332.4
300242,341.1
300456,353.9
300670,367.1
300884,334.1
301098,348.9
301312,361.8
301526,375.5
301740,345.8
301954,370.0
302168,372.1
302382,340.3
302596,363.2
302810,378.8
303024,369.3
303238,332.1
303452,347.7
303666,370.7
303880,343.2
304094,366.6
304308,328.3
304522,342.5
304736,365.2
304950,336.9
305164,359.3
305378,378.3
305592,333.8
305806,352.1
306020,336.6
306234,358.9
306448,336.9
306662,358.6
306876,362.5
307090,377.4
307304,348.9
307518,371.1
307732,334.2
307946,355.3
308160,375.7
308374,345.3
308588,368.2
308802,378.9
309016,366.0
309230,378.3
309444,334.2
309658,353.0
309872,373.8
310086,348.2
310300,370.8
310514,336.8
310728,359.1
310942,378.0
311156,332.8
311370,350.5
311584,372.2
311798,333.5
312012,352.5
312226,373.5
312440,332.8
312654,350.5
312868,372.1
313082,347.8
313296,370.7
313510,342.4
313724,351.4
313938,359.9
314152,368.8
314366,377.7
314580,378.8
314794,339.9
315008,362.5
315222,378.9
315436,339.6
315650,362.1
315864,380.2
316078,328.9
316292,332.2
316506,337.5
316720,346.6
316934,354.7
317148,363.2
317362,372.2
317576,331.3
317790,341.4
318004,356.1
318218,338.5
318432,361.6
318646,380.2
318860,338.0
319074,359.9
319288,378.5
319502,323.2
319716,323.3
319930,323.3
320144,323.3
320358,323.3
320572,323.3
320786,323.3
321000,323.3
321214,323.3
321428,323.3
321642,323.3
321856,323.3
322070,323.5
322284,323.3
322498,323.3
322712,323.3
322926,323.3
323140,323.5
323354,323.5
323568,328.0
323782,332.8
323996,343.6
324210,357.7
324424,373.0
324638,329.4
324852,335.5
325066,349.3
325280,363.6
325494,351.6
325708,372.9
325922,340.8
326136,363.8
326350,325.2
326564,334.9
326778,354.6
326992,374.9
327206,330.2
327420,341.1
327634,363.6
327848,323.3
328062,333.3
328276,350.8
328490,372.2
328704,333.9
328918,353.5
329132,374.1
329346,331.6
329560,346.8
329774,369.4
329988,332.7
330202,350.0
330416,371.8
330630,330.0
330844,340.3
331058,362.5
331272,380.2
331486,376.0
331700,332.8
331914,346.1
332128,362.4
332342,378.9
332556,339.1
332770,357.5
332984,377.1
333198,347.1
333412,373.3
333626,342.1
333840,366.3
334054,355.3
334268,379.7
334482,360.7
334696,330.5
334910,349.7
335124,375.4
335338,351.4
335552,330.3
335766,349.6
335980,332.5
336194,355.2
336408,378.9
336622,354.4
336836,329.9
337050,346.3
337264,372.9
337478,353.9
337692,378.5
337906,358.2
338120,328.8
338334,345.5
338548,372.7
338762,338.6
338976,366.6
339190,356.4
339404,379.1
339618,340.5
339832,369.3
340046,360.3
340260,337.1
340474,366.0
340688,371.0
340902,349.6
341116,341.6
341330,370.7
341544,374.1
341758,355.7
341972,379.7
342186,337.2
342400,353.6
342614,370.7
342828,328.8
343042,335.0
343256,350.2
343470,366.1
343684,328.9
343898,336.1
344112,351.9
344326,368.2
344540,371.9
344754,330.5
344968,348.8
345182,374.6
345396,347.7
345610,373.9
345824,347.2
346038,373.3
346252,333.2
346466,356.3
346680,379.7
346894,333.0
347108,346.4
347322,362.4
347536,379.6
347750,325.3
347964,338.9
348178,367.2
348392,330.2
348606,348.2
348820,374.3
349034,364.9
349248,343.0
349462,360.2
349676,377.5
349890,357.2
350104,336.8
350318,366.9
350532,344.4
350746,371.9
350960,367.8
351174,333.6
351388,357.2
351602,332.2
351816,353.6
352030,375.5
352244,342.2
352458,362.4
352672,330.5
352886,350.3
353100,375.8
353314,336.0
353528,362.8
353742,348.6
353956,374.4
354170,332.8
354384,355.3
354598,379.3
354812,345.3
355026,372.4
355240,351.3
355454,376.6
355668,347.8
355882,373.9
356096,332.2
356310,354.1
356524,378.5
356738,334.4
356952,350.2
357166,366.4
357380,355.3
357594,379.6
357808,353.5
358022,378.2
358236,349.6
358450,375.5
358664,346.3
358878,372.9
359092,332.8
359306,355.8
359520,379.4
359734,357.1
359948,380.2
360162,338.3
360376,366.6
360590,335.5
360804,354.3
361018,373.3
361232,347.1
361446,366.6
361660,346.1
361874,366.0
362088,338.3
362302,367.5
362516,329.2
362730,345.2
362944,372.2
363158,339.1
363372,361.6
363586,343.0
363800,371.6
364014,332.2
364228,346.8
364442,366.1
364656,337.1
364870,366.0
365084,346.1
365298,364.6
365512,328.3
365726,334.7
365940,349.7
366154,365.8
366368,334.7
366582,356.1
366796,377.9
367010,351.8
367224,376.9
367438,336.3
367652,354.3
367866,373.2
368080,370.7
368294,337.2
368508,355.8
368722,338.8
368936,368.8
369150,351.3
369364,376.4
369578,366.6
369792,347.2
370006,357.7
370220,368.8
370434,332.2
370648,358.8
370862,330.5
371076,349.6
371290,335.2
371504,353.5
371718,327.1
371932,330.7
372146,336.0
372360,346.8
372574,357.1
372788,368.0
373002,330.8
373216,346.3
373430,368.6
373644,331.9
373858,349.3
374072,372.1
374286,363.2
374500,345.3
374714,365.2
374928,334.9
375142,352.7
375356,372.2
375570,369.7
375784,339.1
375998,357.8
376212,334.9
376426,364.7
376640,329.9
376854,346.9
377068,373.2
377282,339.3
377496,368.2
377710,346.3
377924,373.0
378138,336.6
378352,363.6
378566,358.9
378780,330.5
378994,351.1
379208,328.6
379422,332.7
379636,339.3
379850,348.9
380064,357.7
380278,367.2
380492,376.8
380706,328.6
380920,330.8
381134,333.9
381348,339.1
381562,346.3
381776,352.7
381990,359.4
382204,366.4
382418,337.7
382632,356.9
382846,374.6
383060,335.5
383274,362.4
383488,330.3
383702,349.7
383916,375.4
384130,336.8
384344,358.6
384558,379.9
384772,345.5
384986,356.0
385200,366.8
385414,333.0
385628,351.0
385842,371.8
386056,353.5
386270,328.6
386484,338.5
386698,360.5
386912,327.8
387126,341.4
387340,369.4
387554,330.0
387768,351.6
387982,335.0
388196,352.5
388410,369.7
388624,336.3
388838,352.7
389052,369.3
389266,329.6
389480,337.5
389694,353.8
389908,370.5
390122,380.2
390336,336.4
390550,363.6
390764,328.6
390978,342.7
391192,371.8
391406,331.3
391620,351.3
391834,335.7
392048,353.3
392262,370.8
392476,371.4
392690,341.1
392904,360.5
393118,348.2
393332,358.5
393546,365.7
393760,358.3
393974,331.6
394188,355.7
394402,332.8
394616,356.9
394830,334.1
395044,358.9
395258,344.6
395472,371.1
395686,337.1
395900,364.3
396114,346.6
396328,373.6
396542,330.5
396756,341.0
396970,360.5
397184,377.4
397398,344.9
397612,372.4
397826,332.2
398040,353.9
398254,332.1
398468,347.2
398682,366.6
398896,361.3
399110,330.2
399324,342.8
399538,365.2
399752,348.0
399966,374.3
400180,348.6
400394,337.7
400608,366.1
400822,350.7
401036,324.7
401250,331.9
401464,344.9
401678,361.8
401892,350.2
402106,374.3
402320,338.9
402534,355.5
402748,372.4
402962,354.1
403176,378.8
403390,338.0
403604,365.3
403818,354.6
404032,378.9
404246,337.1
404460,355.3
404674,374.4
404888,337.1
405102,364.1
405316,366.6
405530,330.3
405744,350.7
405958,376.0
406172,338.6
406386,358.3
406600,376.4
406814,352.1
407028,328.9
407242,339.9
407456,358.3
407670,377.7
407884,336.9
408098,355.2
408312,374.1
408526,348.6
408740,335.2
408954,351.4
409168,367.8
409382,339.9
409596,369.1
409810,376.6
410024,341.1
410238,359.9
410452,379.3
410666,362.5
410880,362.8
411094,329.6
411308,346.1
411522,323.2
411736,335.5
411950,360.3
412164,357.7
412378,377.2
412592,328.9
412806,336.8
413020,356.3
413234,376.3
413448,338.2
413662,367.7
413876,371.6
414090,337.5
414304,364.9
414518,330.3
414732,340.7
414946,358.5
415160,376.1
415374,338.3
415588,365.8
415802,329.4
416016,340.2
416230,363.2
416444,348.9
416658,374.9
416872,364.3
417086,332.2
417300,339.1
417514,348.9
417728,357.8
417942,324.6
418156,328.2
418370,331.1
418584,335.8
418798,344.9
419012,353.8
419226,363.0
419440,372.5
419654,355.8
419868,379.9
420082,346.1
420296,373.0
420510,356.0
420724,379.7
420938,378.6
421152,347.7
421366,366.1
421580,352.5
421794,377.5
422008,333.6
422222,350.0
422436,368.5
422650,338.6
422864,367.2
423078,353.2
423292,372.2
423506,363.5
423720,336.0
423934,354.6
424148,327.1
424362,341.1
424576,370.2
424790,338.5
425004,356.1
425218,373.5
425432,340.5
425646,369.7
425860,333.5
426074,349.6
426288,336.3
426502,363.3
426716,354.9
426930,360.8
427144,337.7
427358,361.0
427572,379.3
427786,336.1
428000,357.4
428214,363.2
428428,329.4
428642,338.5
428856,356.9
429070,376.0
429284,346.4
429498,373.3
429712,348.0
429926,358.3
430140,369.6
430354,333.2
430568,357.8
430782,331.6
430996,349.7
431210,336.8
431424,355.8
431638,372.9
431852,337.1
432066,353.8
432280,370.4
432494,332.7
432708,356.3
432922,335.3
433136,362.4
433350,328.0
433564,334.7
433778,349.9
433992,366.1
434206,328.9
434420,338.9
434634,359.6
434848,325.5
435062,340.8
435276,369.9
435490,357.4
435704,376.9
435918,345.0
436132,373.2
436346,354.9
436560,379.1
436774,335.3
436988,354.1
437202,328.6
437416,343.9
437630,348.3
437844,369.4
438058,363.0
438272,334.2
438486,352.1
438700,371.0
438914,338.5
439128,356.8
439342,374.3
439556,378.2
439770,332.4
439984,340.5
440198,357.5
440412,378.2
440626,343.6
440840,362.2
441054,352.4
441268,377.7
441482,363.8
441696,329.1
441910,335.7
442124,349.9
442338,364.4
442552,322.2
442766,336.8
442980,364.3
443194,352.5
443408,371.6
443622,361.1
443836,341.0
444050,359.3
444264,377.1
444478,358.5
444692,326.9
444906,335.2
445120,354.1
445334,374.3
445548,342.8
445762,371.9
445976,342.2
446190,360.8
446404,341.8
446618,371.6
446832,359.6
447046,321.6
447260,327.7
447474,331.0
447688,336.4
447902,338.2
448116,367.7
448330,364.9
448544,355.0
448758,335.5
448972,351.8
449186,368.2
449400,346.3
449614,367.2
449828,328.3
450042,332.4
450256,339.9
450470,334.6
450684,343.6
450898,357.2
451112,334.7
451326,348.6
451540,363.2
451754,378.6
451968,365.2
452182,332.1
452396,348.5
452610,369.1
452824,331.9
453038,353.9
453252,337.1
453466,355.7
453680,333.9
453894,341.4
454108,349.6
454322,356.6
454536,364.1
454750,372.1
454964,348.6
455178,339.3
455392,358.6
455606,378.2
455820,334.7
456034,354.9
456248,375.0
456462,331.4
456676,352.8
456890,376.1
457104,350.7
457318,376.1
457532,350.3
457746,349.9
457960,328.9
458174,338.8
458388,359.4
458602,379.7
458816,336.9
459030,356.0
459244,365.7
459458,328.3
459672,335.8
459886,353.3
460100,372.4
460314,347.1
460528,350.8
460742,327.8
460956,340.2
461170,363.3
461384,356.3
461598,380.2
461812,341.3
462026,362.2
462240,331.7
462454,345.5
462668,361.6
462882,378.9
463096,351.8
463310,351.8
463524,377.1
463738,366.3
463952,345.2
464166,347.4
464380,374.3
464594,336.1
464808,363.5
465022,357.7
465236,378.9
465450,342.8
465664,372.2
465878,331.9
466092,353.3
466306,377.9
466520,331.7
466734,347.4
466948,370.5
467162,332.2
467376,354.3
467590,378.5
467804,331.1
468018,342.8
468232,361.4
468446,330.3
468660,351.8
468874,376.9
469088,339.1
469302,367.8
469516,330.7
469730,344.7
469944,365.0
470158,330.3
470372,342.7
470586,361.4
470800,323.0
471014,331.7
471228,344.7
471442,363.2
471656,327.4
471870,341.8
472084,371.1
472298,354.3
472512,378.8
472726,334.6
472940,353.5
473154,374.1
473368,357.8
473582,378.6
473796,350.8
474010,338.0
474224,357.8
474438,327.8
474652,341.9
474866,335.0
475080,354.3
475294,373.3
475508,339.9
475722,351.4
475936,361.9
476150,373.3
476364,345.2
476578,372.5
476792,346.9
477006,373.6
477220,333.3
477434,357.8
477648,338.0
477862,359.6
478076,377.7
478290,365.0
478504,347.7
478718,374.1
478932,354.3
479146,378.6
479360,341.0
479574,359.3
479788,368.8
480002,356.6
480216,374.6
480430,332.4
480644,346.9
480858,366.4
481072,332.4
481286,357.1
481500,322.4
481714,336.9
481928,364.3
482142,330.3
482356,342.1
482570,336.0
482784,363.8
482998,343.3
483212,360.0
483426,377.5
483640,368.9
483854,371.6
484068,349.6
484282,375.4
484496,340.2
484710,369.1
484924,332.7
485138,356.1
485352,332.5
485566,356.0
485780,379.9
485994,357.2
486208,337.8
486422,356.1
486636,330.5
486850,344.6
487064,365.3
487278,329.1
487492,338.0
487706,357.5
487920,376.1
488134,354.9
488348,373.0
488562,331.1
488776,347.2
488990,370.2
489204,363.2
489418,333.9
489632,354.4
489846,374.9
490060,360.5
490274,330.0
490488,341.3
490702,360.2
490916,379.4
491130,343.3
491344,363.9
491558,331.0
491772,344.1
491986,358.9
492200,374.4
492414,381.1
492628,333.2
492842,345.5
493056,360.3
493270,375.8
493484,354.3
493698,369.6
493912,338.6
494126,367.8
494340,336.8
494554,365.2
494768,326.9
494982,338.5
495196,366.6
495410,332.4
495624,338.2
495838,346.6
496052,353.8
496266,361.1
496480,368.9
496694,376.6
496908,353.9
497122,378.5
497336,364.3
497550,366.8
497764,366.1
497978,338.8
498192,368.2
498406,352.7
498620,331.4
498834,348.8
499048,372.2
499262,368.2
499476,363.0
499690,325.7
499904,338.6
500118,367.2
500332,333.2
500546,357.4
500760,378.8
500974,371.8
501188,368.3
501402,356.4
501616,373.8
501830,336.9
502044,353.3
502258,370.2
502472,362.4
502686,324.6
502900,333.5
503114,350.8
503328,371.8
503542,342.4
503756,363.5
503970,349.1
504184,370.2
504398,343.6
504612,360.3
504826,334.9
505040,361.8
505254,334.6
505468,354.7
505682,374.9
505896,351.1
506110,373.8
506324,358.2
506538,377.5
506752,353.6
506966,363.0
507180,372.9
507394,354.1
507608,378.6
507822,375.7
508036,335.7
508250,353.6
508464,372.7
508678,327.2
508892,332.5
509106,345.0
509320,333.6
509534,352.4
509748,373.2
509962,331.7
510176,348.0
510390,371.3
510604,334.2
510818,359.9
511032,339.6
511246,370.4
511460,363.2
511674,327.1
511888,339.9
512102,369.3
512316,335.5
512530,354.6
512744,373.6
512958,340.2
513172,369.9
513386,340.8
513600,370.4
513814,353.2
514028,378.3
514242,355.5
514456,323.3
514670,332.8
514884,349.6
515098,370.4
515312,349.6
515526,367.1
515740,345.2
515954,363.0
516168,357.7
516382,329.9
516596,342.7
516810,363.5
517024,324.4
517238,332.5
517452,348.5
517666,369.1
517880,329.4
518094,337.8
518308,356.3
518522,374.3
518736,333.9
518950,350.8
519164,334.1
519378,351.6
519592,370.7
519806,339.7
520020,369.1
520234,336.6
520448,364.7
520662,332.7
520876,348.9
521090,368.0
521304,332.8
521518,356.6
521732,380.0
521946,369.9
522160,340.7
522374,364.3
522588,321.9
522802,335.5
523016,356.9
523230,378.3
523444,349.7
523658,370.7
523872,329.4
524086,338.6
524300,359.4
524514,379.9
524728,348.0
524942,374.6
525156,340.2
525370,369.6
525584,347.2
525798,374.1
526012,343.3
526226,366.9
526440,347.4
526654,374.1
526868,334.2
527082,359.6
527296,379.1
527510,336.0
527724,363.0
527938,331.7
528152,354.6
528366,378.6
528580,343.3
528794,372.2
529008,330.0
529222,338.5
529436,355.5
529650,372.5
529864,362.2
530078,350.3
530292,349.6
530506,375.5
530720,353.2
530934,371.9
531148,361.9
531362,363.0
531576,336.6
531790,365.5
532004,332.1
532218,354.9
532432,379.1
532646,364.6
532860,339.3
533074,363.3
533288,378.9
533502,351.9
533716,373.0
533930,330.2
534144,342.2
534358,365.7
534572,330.8
534786,353.0
535000,334.9
535214,361.9
535428,331.6
535642,353.2
535856,331.4
536070,352.7
536284,328.0
536498,343.8
536712,371.9
536926,349.4
537140,370.5
537354,354.1
537568,373.3
537782,329.2
537996,338.5
538210,359.1
538424,379.4
538638,360.2
538852,330.8
539066,346.1
539280,367.1
539494,333.9
539708,359.9
539922,330.3
540136,350.5
540350,376.1
540564,334.2
540778,350.0
540992,331.3
541206,348.6
541420,372.2
541634,338.9
541848,368.0
542062,332.8
542276,356.3
542490,379.9
542704,352.2
542918,377.2
543132,352.4
543346,377.4
543560,355.8
543774,375.7
543988,351.1
544202,372.5
544416,347.7
544630,374.3
544844,342.1
545058,362.4
545272,328.3
545486,335.7
545700,353.8
545914,373.0
546128,355.3
546342,331.1
546556,336.8
546770,345.0
546984,352.5
547198,359.7
547412,367.5
547626,375.4
547840,330.8
548054,341.6
548268,361.8
548482,379.1
548696,343.8
548910,371.9
549124,357.5
549338,377.7
549552,364.4
549766,379.4
549980,347.1
550194,365.7
550408,376.0
550622,341.6
550836,365.2
551050,378.9
551264,353.0
551478,377.7
551692,371.3
551906,337.7
552120,361.1
552334,377.2
552548,342.1
552762,360.2
552976,378.0
553190,338.3
553404,367.5
553618,353.6
553832,378.5
554046,357.1
554260,332.2
554474,355.7
554688,365.7
554902,333.2
555116,359.3
555330,332.5
555544,352.1
555758,339.6
555972,370.4
556186,353.9
556400,374.6
556614,368.9
556828,336.4
557042,356.4
557256,325.5
557470,340.5
557684,370.4
557898,334.6
558112,354.1
558326,373.3
558540,331.0
558754,345.3
558968,366.1
559182,371.1
559396,341.1
559610,371.0
559824,341.4
560038,359.9
560252,377.7
560466,349.9
560680,375.4
560894,344.7
561108,346.9
561322,368.8
561536,378.9
561750,347.1
561964,373.6
562178,343.3
562392,372.1
562606,372.5
562820,351.3
563034,369.1
563248,360.8
563462,377.5
563676,364.4
563890,345.3
564104,369.7
564318,343.2
564532,371.6
564746,348.2
564960,374.4
565174,335.8
565388,357.2
565602,376.8
565816,336.1
566030,363.5
566244,364.9
566458,348.5
566672,369.9
566886,329.6
567100,338.2
567314,357.5
567528,376.0
567742,331.1
567956,343.2
568170,363.2
568384,356.9
568598,377.7
568812,347.7
569026,362.7
569240,378.3
569454,352.4
569668,377.4
569882,349.7
570096,375.5
570310,359.7
570524,369.9
570738,343.5
570952,348.3
571166,375.0
571380,332.5
571594,355.3
571808,379.3
572022,350.7
572236,349.7
572450,370.5
572664,350.2
572878,375.5
573092,368.3
573306,360.0
573520,377.7
573734,373.2
573948,337.7
574162,357.8
574376,351.3
574590,348.8
574804,368.3
575018,331.1
575232,345.8
575446,363.6
575660,325.7
575874,331.7
576088,341.3
576302,356.6
576516,335.8
576730,363.3
576944,333.3
577158,358.3
577372,377.7
577586,329.6
577800,333.6
578014,341.3
578228,351.3
578442,360.3
578656,370.0
578870,369.3
579084,347.7
579298,374.3
579512,334.9
579726,361.6
579940,332.4
580154,353.9
580368,376.3
580582,330.7
580796,344.7
581010,368.5
581224,337.5
581438,366.1
581652,326.0
581866,341.8
582080,370.5
582294,333.6
582508,346.8
582722,361.6
582936,377.2
583150,346.8
583364,368.5
583578,331.7
583792,354.1
584006,377.9
584220,352.7
584434,332.2
584648,350.3
584862,371.4
585076,328.8
585290,345.2
585504,372.5
585718,361.6
585932,378.6
586146,350.5
586360,369.4
586574,361.3
586788,350.3
587002,369.6
587216,331.9
587430,355.0
587644,341.8
587858,371.6
588072,335.3
588286,357.1
588500,376.6
588714,355.7
588928,376.6
589142,334.4
589356,356.1
589570,346.1
589784,373.5
589998,342.4
590212,372.4
590426,343.6
590640,371.6
590854,352.2
591068,328.0
591282,331.1
591496,335.2
591710,342.1
591924,350.2
592138,357.2
592352,364.7
592566,372.5
592780,378.5
592994,371.8
593208,331.9
593422,353.8
593636,346.9
593850,374.3
594064,331.0
594278,342.8
594492,361.6
594706,331.6
594920,349.7
595134,368.5
595348,337.5
595562,366.8
595776,330.2
595990,347.5
596204,373.9
596418,355.7
596632,328.6
596846,345.8
597060,378.9
597274,356.1
597488,379.7
597702,329.7
597916,338.5
598130,357.2
598344,331.1
598558,338.2
598772,349.9
598986,360.3
599200,371.8
599414,338.0
599628,359.6
599842,380.0
600056,373.6
600270,332.4
600484,355.0
600698,378.9
600912,371.4
601126,343.0
601340,370.8
601554,340.8
601768,364.7
601982,378.8
602196,336.6
602410,358.5
602624,377.5
602838,356.4
603052,376.4
603266,339.3
603480,362.5
603694,379.1
603908,350.7
604122,376.1
604336,347.8
604550,365.3
604764,336.4
604978,354.3
605192,371.4
605406,331.6
605620,353.0
605834,377.9
606048,334.9
606262,360.5
606476,345.7
606690,355.7
606904,365.2
607118,375.4
607332,329.1
607546,338.3
607760,360.5
607974,329.7
608188,345.2
608402,368.8
608616,358.8
608830,378.3
609044,342.7
609258,366.8
609472,327.7
609686,336.1
609900,356.8
610114,326.7
610328,335.8
610542,356.6
610756,376.0
610970,361.4
611184,379.7
611398,338.3
611612,354.1
611826,369.4
612040,335.2
612254,359.1
612468,377.5
612682,339.4
612896,368.5
613110,332.1
613324,354.9
613538,378.8
613752,356.1
613966,379.6
614180,353.6
614394,377.9
614608,367.8
614822,354.3
615036,378.8
615250,352.7
615464,377.1
615678,337.4
615892,358.0
616106,364.4
616320,360.7
616534,328.8
616748,338.8
616962,357.8
617176,377.2
617390,372.9
617604,361.0
617818,331.6
618032,356.1
618246,349.1
618460,364.1
618674,379.9
618888,370.5
619102,338.2
619316,354.7
619530,370.7
619744,338.0
619958,367.1
620172,334.6
620386,360.3
620600,324.7
620814,332.5
621028,346.8
621242,363.9
621456,354.7
621670,379.3
621884,361.1
622098,351.0
622312,370.2
622526,334.6
622740,350.8
622954,367.7
623168,337.2
623382,366.0
623596,329.6
623810,341.1
624024,362.5
624238,356.6
624452,341.6
624666,362.4
624880,330.3
625094,350.0
625308,375.7
625522,366.1
625736,330.3
625950,351.6
626164,376.4
626378,348.6
626592,374.7
626806,373.8
627020,332.5
627234,348.0
627448,336.6
627662,363.6
627876,358.6
628090,349.7
628304,369.6
628518,359.7
628732,378.8
628946,335.8
629160,352.7
629374,369.6
629588,333.6
629802,360.3
630016,346.0
630230,371.9
630444,331.1
630658,344.3
630872,363.0
631086,347.2
631300,373.3
631514,338.9
631728,351.6
631942,363.19998
632156,373.8
632370,335.8
632584,363.6
632798,335.0
633012,359.1
633226,335.8
633440,364.7
633654,339.6
633868,369.7
634082,349.9
634296,371.9
634510,347.5
634724,371.4
634938,334.1
635152,358.2
635366,380.0
635580,353.2
635794,377.5
636008,367.1
636222,356.0
636436,340.5
636650,371.1
636864,346.8
637078,372.2
637292,328.3
637506,335.8
637720,363.5
637934,338.8
638148,367.5
638362,326.4
638576,335.0
638790,355.2
639004,375.4
639218,351.8
639432,325.8
639646,329.2
639860,333.0
640074,339.7
640288,349.9
640502,358.9
640716,368.6
640930,378.3
641144,354.3
641358,374.1
641572,333.0
641786,356.3
642000,379.6
642214,358.5
642428,377.7
642642,353.3
642856,370.7
643070,332.8
643284,356.1
643498,379.6
643712,371.3
643926,358.5
644140,378.5
644354,349.4
644568,366.0
644782,334.6
644996,345.8
645210,325.8
645424,338.2
645638,366.4
645852,336.4
646066,358.8
646280,377.7
646494,381.6
646708,346.1
646922,373.0
647136,336.6
647350,360.8
647564,333.3
647778,356.3
647992,378.6
648206,347.8
648420,372.2
648634,341.6
648848,362.5
649062,333.0
649276,351.1
649490,370.0
649704,365.8
649918,335.0
650132,361.9
650346,341.0
650560,371.6
650774,376.6
650988,356.1
651202,334.7
651416,356.0
651630,375.7
651844,345.8
652058,369.6
652272,340.2
652486,363.8
652700,358.8
652914,329.1
653128,342.2
653342,367.5
653556,332.1
653770,349.3
653984,370.0
654198,338.2
654412,366.9
654626,326.9
654840,331.6
655054,339.6
655268,352.7
655482,364.6
655696,376.4
655910,344.9
656124,370.7
656338,341.4
656552,371.3
656766,326.9
656980,333.3
657194,348.6
657408,366.1
657622,347.5
657836,366.6
658050,331.7
658264,350.0
658478,373.8
658692,326.0
658906,328.9
659120,332.4
659334,338.3
659548,348.3
659762,357.4
659976,360.0
660190,378.0
660404,351.0
660618,372.4
660832,349.4
661046,330.0
661260,343.0
661474,363.3
661688,328.9
661902,341.0
662116,362.2
662330,340.3
662544,365.2
662758,331.3
662972,343.9
663186,363.9
663400,339.9
663614,369.4
663828,347.8
664042,374.3
664256,333.8
664470,358.3
664684,350.3
664898,376.6
665112,357.1
665326,378.9
665540,365.3
665754,332.2
665968,356.3
666182,336.9
666396,356.9
666610,368.6
666824,351.1
667038,372.5
667252,356.1
667466,376.0
667680,339.69998
667894,363.0
668108,328.5
668322,338.5
668536,361.1
668750,379.1
668964,363.8
669178,325.3
669392,338.5
669606,366.8
669820,328.3
670034,335.0
670248,351.0
670462,367.8
670676,334.4
670890,354.6
671104,374.9
671318,366.1
671532,330.8
671746,352.1
671960,376.9
672174,343.8
672388,362.8
672602,344.1
672816,363.8
673030,378.8
673244,368.5
673458,361.4
673672,354.1
673886,374.9
674100,339.4
674314,362.8
674528,346.1
674742,370.0
674956,333.6
675170,347.1
675384,361.1
675598,375.5
675812,354.1
676026,378.2
676240,357.2
676454,331.3
676668,352.8
676882,330.5
677096,346.6
677310,367.4
677524,343.6
677738,333.3
677952,357.4
678166,364.9
678380,332.2
678594,350.2
678808,347.2
679022,372.1
679236,339.1
679450,368.6
679664,354.7
679878,337.5
680092,360.5
680306,329.7
680520,350.8
680734,376.0
680948,337.5
681162,356.6
681376,375.7
681590,328.6
681804,331.4
682018,335.5
682232,342.5
682446,350.7
682660,357.7
682874,365.3
683088,338.9
683302,332.8
683516,333.9
683730,356.4
683944,367.5
684158,330.8
684372,350.7
684586,375.8
684800,344.3
685014,372.1
685228,349.1
685442,372.9
685656,331.4
685870,336.0
686084,351.3
686298,365.0
686512,332.7
686726,351.4
686940,372.7
687154,331.1
687368,343.9
687582,361.9
687796,339.4
688010,371.1
688224,359.1
688438,328.9
688652,346.6
688866,373.3
689080,335.7
689294,353.6
689508,332.1
689722,351.3
689936,373.5
690150,355.69998
690364,343.9
690578,364.9
690792,330.7
691006,343.9
691220,360.8
691434,378.3
691648,353.8
691862,377.9
692076,333.6
692290,354.1
692504,376.0
692718,347.8
692932,374.3
693146,333.8
693360,342.1
693574,352.1
693788,361.1
694002,327.1
694216,333.8
694430,349.9
694644,335.5
694858,356.9
695072,328.3
695286,335.8
695500,350.2
695714,365.0
695928,380.2
696142,349.7
696356,371.9
696570,354.6
696784,325.5
696998,332.5
697212,345.7
697426,362.2
697640,330.2
697854,339.9
698068,354.9
698282,369.1
698496,331.6
698710,341.8
698924,356.4
699138,337.7
699352,358.0
699566,363.0
699780,352.4
699994,375.8
700208,334.2
700422,351.0
700636,331.6
700850,348.3
701064,368.5
701278,336.8
701492,360.2
701706,346.8
701920,370.7
702134,354.9
702348,330.3
702562,353.0
702776,330.5
702990,348.6
703204,372.7
703418,329.6
703632,340.19998
703846,363.3
704060,325.8
704274,338.2
704488,365.3
704702,331.9
704916,355.3
705130,344.7
705344,355.0
705558,364.6
705772,376.4
705986,349.3
706200,372.4
706414,346.4
706628,327.5
706842,341.6
707056,371.1
707270,354.6
707484,374.9
707698,346.8
707912,329.4
708126,342.2
708340,332.4
708554,355.8
708768,335.8
708982,357.5
709196,326.7
709410,329.1
709624,333.0
709838,337.5
710052,354.4
710266,372.5
710480,338.8
710694,362.1
710908,354.9
711122,334.9
711336,357.1
711550,378.5
711764,330.2
711978,339.9
712192,359.6
712406,341.1
712620,367.5
712834,343.5
713048,372.1
713262,333.0
713476,357.1
713690,336.3
713904,361.8
714118,330.2
714332,350.5
714546,375.8
714760,356.8
714974,375.4
715188,361.8
715402,379.1
715616,331.1
715830,336.1
716044,345.7
716258,355.7
716472,365.8
716686,377.2
716900,357.8
717114,333.2
717328,348.8
717542,345.3
717756,363.3
717970,354.7
718184,378.8
718398,347.2
718612,373.9
718826,330.2
719040,340.2
719254,360.3
719468,377.9
719682,356.9
719896,375.4
720110,335.2
720324,353.8
720538,373.3
720752,328.3
720966,331.9
721180,338.5
721394,349.7
721608,359.6
721822,370.4
722036,339.9
722250,361.1
722464,335.3
722678,358.9
722892,335.3
723106,360.5
723320,330.8
723534,351.6
723748,377.1
723962,369.4
724176,332.8
724390,353.8
724604,376.4
724818,359.7
725032,340.2
725246,366.8
725460,360.0
725674,330.7
725888,348.0
726102,372.5
726316,362.7
726530,352.8
726744,374.1
726958,336.1
727172,357.8
727386,331.9
727600,348.8
727814,372.4
728028,334.4
728242,354.7
728456,335.5
728670,356.9
728884,323.0
729098,331.7
729312,344.6
729526,364.4
729740,336.9
729954,365.5
730168,329.2
730382,337.8
730596,355.8
730810,373.3
731024,336.9
731238,359.1
731452,333.2
731666,357.8
731880,325.8
732094,333.8
732308,350.3
732522,370.5
732736,344.7
732950,359.3
733164,373.8
733378,331.9
733592,353.0
733806,340.8
734020,368.5
734234,338.8
734448,363.8
734662,336.9
734876,361.1
735090,331.6
735304,345.2
735518,329.4
735732,338.5
735946,358.3
736160,346.6
736374,366.9
736588,355.2
736802,338.5
737016,361.0
737230,329.7
737444,339.6
737658,336.0
737872,365.7
738086,355.7
738300,348.8
738514,373.5
738728,334.9
738942,355.5
739156,324.9
739370,336.1
739584,332.5
739798,352.7
740012,327.4
740226,341.8
740440,367.5
740654,349.9
740868,327.1
741082,337.4
741296,359.7
741510,331.7
741724,353.8
741938,357.5
742152,331.1
742366,350.7
742580,337.2
742794,364.3
743008,353.9
743222,323.5
743436,334.1
743650,355.5
743864,324.6
744078,337.4
744292,332.7
744506,355.7
744720,331.9
744934,356.3
745148,337.2
745362,355.7
745576,331.6
745790,345.7
746004,363.2
746218,359.1
746432,341.9
746646,337.1
746860,365.8
747074,336.1
747288,363.8
747502,335.2
747716,361.9
747930,335.8
748144,359.7
748358,337.2
748572,362.4
748786,341.4
749000,328.5
749214,342.1
749428,366.0
749642,364.4
749856,344.9
750070,366.6
750284,332.1
750498,353.9
750712,345.8
750926,371.8
751140,332.2
751354,350.7
751568,333.2
751782,360.8
751996,334.4
752210,361.0
752424,352.4
752638,332.5
752852,354.7
753066,351.4
753280,371.3
753494,336.3
753708,363.6
753922,333.0
754136,355.7
754350,332.8
754564,356.8
754778,343.2
754992,372.1
755206,337.5
755420,366.0
755634,366.3
755848,327.8
756062,334.4
756276,350.3
756490,330.8
756704,348.3
756918,371.8
757132,342.4
757346,366.3
757560,336.0
757774,320.5
757988,332.1
758202,350.3
758416,373.8
758630,331.4
758844,345.7
759058,369.4
759272,349.9
759486,335.2
759700,359.6
759914,356.6
760128,335.0
760342,362.8
760556,332.1
760770,351.4
760984,336.6
761198,359.9
761412,326.6
761626,330.8
761840,337.1
762054,348.8
762268,359.6
762482,331.0
762696,344.1
762910,365.0
763124,349.9
763338,372.1
763552,366.8
763766,336.4
763980,364.1
764194,352.8
764408,331.6
764622,354.4
764836,363.5
765050,334.1
765264,351.3
765478,370.2
765692,365.2
765906,333.2
766120,352.2
766334,373.5
766548,359.7
766762,327.5
766976,331.69998
767190,338.5
767404,350.8
767618,362.19998
767832,373.3
768046,363.0
768260,326.3
768474,338.2
768688,366.4
768902,342.4
769116,326.4
769330,336.9
769544,358.9
769758,345.8
769972,371.9
770186,345.7
770400,371.4
770614,333.3
770828,332.7
771042,348.0
771256,365.5
771470,332.2
771684,351.4
771898,330.3
772112,353.8
772326,359.1
772540,322.7
772754,329.9
772968,336.1
773182,349.9
773396,363.6
773610,333.3
773824,357.8
774038,364.3
774252,333.9
774466,353.3
774680,329.7
774894,342.4
775108,329.6
775322,344.6
775536,370.5
775750,331.3
775964,351.4
776178,330.5
776392,347.5
776606,372.5
776820,350.2
777034,355.8
777248,330.19998
777462,343.9
777676,363.3
777890,351.3
778104,373.8
778318,332.2
778532,346.4
778746,331.1
778960,320.8
779174,332.5
779388,349.7
779602,372.1
779816,336.3
780030,326.1
780244,336.3
780458,358.0
780672,330.3
780886,343.9
781100,365.7
781314,329.9
781528,351.3
781742,346.1
781956,329.9
782170,347.7
782384,374.3
782598,333.0
782812,333.9
783026,354.69998
783240,320.8
783454,332.4
783668,348.9
783882,331.9
784096,351.6
784310,326.1
784524,336.8
784738,359.7
784952,333.9
785166,356.0
785380,353.5
785594,350.8
785808,330.5
786022,348.9
786236,335.2
786450,353.9
786664,332.8
786878,352.1
787092,331.3
787306,347.1
787520,323.6
787734,331.6
787948,343.8
788162,334.9
788376,359.4
788590,333.6
788804,356.0
789018,331.3
789232,347.4
789446,371.3
789660,330.8
789874,347.2
790088,372.4
790302,341.0
790516,334.9
790730,361.9
790944,331.1
791158,343.5
791372,361.6
791586,332.2
791800,360.3
792014,335.8
792228,328.6
792442,343.8
792656,343.9
792870,330.8
793084,349.3
793298,373.5
793512,333.5
793726,336.9
793940,356.1
794154,321.4
794368,333.2
794582,351.4
794796,372.7
795010,345.8
795224,326.3
795438,336.6
795652,359.3
795866,357.4
796080,325.2
796294,334.4
796508,354.1
796722,346.1
796936,372.1
797150,339.4
797364,339.3
797578,364.6
797792,367.7
798006,332.1
798220,350.8
798434,372.5
798648,362.2
798862,333.0
799076,357.4
799290,333.5
799504,354.9
799718,338.2
799932,364.9
800146,333.9
800360,356.8
800574,339.3
800788,338.8
801002,369.1
801216,334.9
801430,358.0
801644,341.0
801858,366.9
802072,337.7
802286,360.8
802500,331.6
802714,347.8
802928,349.4
803142,363.6
803356,326.4
803570,334.4
803784,351.0
803998,336.8
804212,358.9
804426,336.3
804640,360.8
804854,334.4
805068,355.3
805282,327.1
805496,338.2
805710,361.1
805924,338.2
806138,362.4
806352,335.5
806566,358.9
806780,335.5
806994,362.4
807208,336.1
807422,366.0
807636,347.5
807850,371.6
808064,342.19998
808278,361.9
808492,340.7
808706,364.7
808920,343.0
809134,371.9
809348,336.3
809562,360.5
809776,329.1
809990,341.9
810204,367.4
810418,332.8
810632,353.9
810846,336.1
811060,361.6
811274,341.6
811488,325.8
811702,341.4
811916,339.6
812130,369.6
812344,361.0
812558,324.1
812772,329.2
812986,333.9
813200,343.0
813414,355.2
813628,367.1
813842,331.9
814056,352.4
814270,331.9
814484,353.5
814698,332.5
814912,357.2
815126,330.5
815340,342.5
815554,362.1
815768,332.2
815982,350.5
816196,372.4
816410,356.9
816624,335.8
816838,357.8
817052,335.5
817266,363.8
817480,334.9
817694,356.3
817908,333.5
818122,340.2
818336,360.2
818550,331.4
818764,353.6
818978,331.69998
819192,349.9
819406,372.1
819620,348.5
819834,373.2
820048,362.7
820262,362.5
820476,346.0
820690,372.4
820904,338.5
821118,364.1
821332,331.4
821546,344.3
821760,362.5
821974,349.7
822188,373.8
822402,331.4
822616,348.3
822830,372.5
823044,333.5
823258,349.7
823472,350.0
823686,372.1
823900,364.4
824114,339.4
824328,331.9
824542,355.3
824756,351.1
824970,370.2
825184,349.3
825398,341.6
825612,335.5
825826,353.6
826040,371.1
826254,340.2
826468,364.3
826682,332.2
826896,347.2
827110,366.1
827324,353.9
827538,326.3
827752,338.9
827966,363.9
828180,352.2
828394,325.7
828608,336.1
828822,358.8
829036,344.7
829250,325.5
829464,340.0
829678,337.8
829892,368.5
830106,359.3
830320,332.2
830534,352.8
830748,336.8
830962,363.8
831176,335.8
831390,354.1
831604,333.9
831818,351.0
832032,369.9
832246,366.0
832460,357.4
832674,330.7
832888,347.7
833102,372.2
833316,372.9
833530,371.8
833744,343.2
833958,331.3
834172,346.8
834386,370.7
834600,341.1
834814,356.3
835028,327.8
835242,334.9
835456,351.8
835670,369.4
835884,339.9
836098,369.9
836312,338.9
836526,362.7
836740,331.1
836954,344.7
837168,331.9
837382,337.4
837596,369.3
837810,362.4
838024,352.1
838238,339.7
838452,367.4
838666,352.4
838880,346.9
839094,374.1
839308,368.9
839522,338.9
839736,364.3
839950,358.2
840164,345.7
840378,334.7
840592,361.3
840806,360.5
841020,353.5
841234,334.9
841448,363.0
841662,340.0
841876,372.2
842090,332.2
842304,353.6
842518,374.1
842732,357.7
842946,347.1
843160,333.0
843374,353.0
843588,363.3
843802,341.8
844016,366.1
844230,339.6
844444,363.6
844658,351.6
844872,339.9
845086,368.8
845300,351.0
845514,333.5
845728,360.7
845942,332.4
846156,352.7
846370,326.7
846584,335.7
846798,353.8
847012,353.8
847226,339.7
847440,363.9
847654,336.1
847868,358.2
848082,324.7
848296,335.7
848510,357.8
848724,341.8
848938,325.0
849152,336.9
849366,359.1
849580,332.4
849794,350.0
850008,333.3
850222,353.3
850436,330.2
850650,343.3
850864,367.7
851078,353.9
851292,333.9
851506,360.0
851720,340.5
851934,330.5
852148,348.9
852362,373.2
852576,347.7
852790,371.9
853004,336.3
853218,358.3
853432,343.2
853646,371.8
853860,354.3
854074,328.0
854288,340.3
854502,364.1
