timestamp,volt
0.0,3.6363636363636362
10.0,3.6545454545454548
20.0,3.6727272727272724
30.0,3.690909090909091
40.0,3.6973484848484848
50.0,3.7037878787878786
60.0,3.710227272727273
70.0,3.7140151515151514
80.0,3.7178030303030307
90.0,3.721590909090909
100.0,3.7242424242424246
110.0,3.726893939393939
120.0,3.7295454545454545
130.0,3.7318181818181815
140.0,3.7340909090909093
150.0,3.7363636363636363
160.0,3.737878787878788
170.0,3.7393939393939393
180.0,3.7409090909090907
190.0,3.7431818181818177
200.0,3.7454545454545456
210.0,3.747727272727273
220.0,3.7484848484848485
230.0,3.7492424242424245
240.0,3.75
250.0,3.7518939393939394
260.0,3.7537878787878785
270.0,3.7556818181818183
280.0,3.7568181818181823
290.0,3.7579545454545453
300.0,3.7590909090909093
310.0,3.7598484848484848
320.0,3.7606060606060607
330.0,3.7613636363636362
340.0,3.763257575757576
350.0,3.765151515151515
360.0,3.7670454545454546
370.0,3.7681818181818185
380.0,3.7693181818181816
390.0,3.7704545454545455
400.0,3.7712121212121215
410.0,3.771969696969697
420.0,3.772727272727273
430.0,3.7746212121212124
440.0,3.7765151515151514
450.0,3.778409090909091
460.0,3.7795454545454548
470.0,3.7806818181818183
480.0,3.7818181818181817
490.0,3.7825757575757577
500.0,3.783333333333333
510.0,3.784090909090909
520.0,3.7848484848484847
530.0,3.7856060606060606
540.0,3.786363636363636
550.0,3.7875
560.0,3.7886363636363636
570.0,3.789772727272727
580.0,3.791666666666667
590.0,3.793560606060606
600.0,3.7954545454545454
610.0,3.7962121212121214
620.0,3.796969696969697
630.0,3.7977272727272724
640.0,3.7988636363636363
650.0,3.8
660.0,3.8011363636363638
670.0,3.803030303030303
680.0,3.804924242424242
690.0,3.8068181818181817
700.0,3.8075757575757576
710.0,3.808333333333333
720.0,3.809090909090909
730.0,3.810227272727273
740.0,3.811363636363636
750.0,3.8125
760.0,3.8143939393939394
770.0,3.8162878787878785
780.0,3.8181818181818183
790.0,3.818939393939394
800.0,3.81969696969697
810.0,3.8204545454545453
820.0,3.8215909090909093
830.0,3.8227272727272723
840.0,3.8238636363636362
850.0,3.825757575757576
860.0,3.827651515151515
870.0,3.8295454545454546
880.0,3.831439393939394
890.0,3.833333333333333
900.0,3.835227272727273
910.0,3.8371212121212124
920.0,3.8390151515151514
930.0,3.840909090909091
940.0,3.841666666666667
950.0,3.8424242424242423
960.0,3.8431818181818183
970.0,3.8454545454545452
980.0,3.847727272727273
990.0,3.85
1000.0,3.8515151515151516
1010.0,3.853030303030303
1020.0,3.8545454545454545
1030.0,3.8575757575757574
1040.0,3.860606060606061
1050.0,3.8636363636363638
1060.0,3.865530303030303
1070.0,3.867424242424242
1080.0,3.8693181818181817
1090.0,3.8712121212121215
1100.0,3.8731060606060606
1110.0,3.875
1120.0,3.8768939393939394
1130.0,3.8787878787878785
1140.0,3.8806818181818183
1150.0,3.8833333333333333
1160.0,3.8859848484848483
1170.0,3.8886363636363637
1180.0,3.8909090909090907
1190.0,3.8931818181818185
1200.0,3.8954545454545455
1210.0,3.898106060606061
1220.0,3.9007575757575754
1230.0,3.903409090909091
1240.0,3.9053030303030307
1250.0,3.9071969696969693
1260.0,3.909090909090909
1270.0,3.912121212121212
