mileage,SOH
443.3,0.925
443.3,0.9168
15371.7,0.8679
15371.7,0.8674
15371.7,0.8728
20517.1,0.7985
21418.6,0.7664
21418.6,0.7776
22354.6,0.8139
23344.3,0.8045
23344.3,0.738
25766.6,0.6947
26372.2,0.7897
26372.2,0.7926
27237.5,0.7918
27237.5,0.7949
27237.5,0.7939
28303.9,0.7702
30140.0,0.733
30680.5,0.78
31402.1,0.7764
33267.8,0.6753
37125.9,0.6533
38291.6,0.806
39433.7,0.7041
41366.1,0.6773
41664.3,0.7815
41664.3,0.7905
42235.7,0.821
43418.8,0.7821
43600.0,0.7713
43600.0,0.771
45436.5,0.8042
46680.1,0.8097
46680.1,0.8101
49948.1,0.7819
51091.0,0.7964
51091.0,0.7964
51091.0,0.777
51831.5,0.6067
58069.4,0.6948
61055.1,0.7661
70729.5,0.8047
76900.4,0.9702
76900.4,0.9703
86053.2,0.6564
90008.5,0.7756
90583.0,0.801
91018.2,0.8205
93222.8,0.8251
93832.8,0.7758
95685.0,0.779
97345.5,0.7584
98326.4,0.7667
103192.9,0.8011
105823.7,0.8193
107998.7,0.7791
110415.4,0.7692
115433.7,0.7852
117890.8,0.7958
120637.6,0.7904
125178.0,0.7915
125543.7,0.92
136476.6,0.7647
180056.6,0.4782
190894.0,0.7387
207560.7,0.7488
207560.7,0.7353
209271.1,0.772
209550.0,0.8266
209873.9,0.7747
210062.4,0.7531
210594.7,0.8028
220962.0,0.7777
221295.8,0.6945
224870.2,0.8842
224870.2,0.7368
224870.2,0.7416
224870.2,0.8588
225085.6,0.7653
225462.6,0.7802
225665.4,0.8365
229252.9,0.7714
229252.9,0.7534
229970.3,0.6883
230338.2,0.7644
232253.5,0.7739
232253.5,0.7782
232476.5,0.7933
232476.5,0.7876
232622.3,0.7638
239158.6,0.7353
239158.6,0.738
239158.6,0.7671
239549.5,0.7549
239549.5,0.7737
239549.5,0.7573
239832.4,0.7374
239832.4,0.7397
240135.2,0.7827
241514.6,0.7366
