timestamp,max_single_volt
0.0,3.5338541666666665
10.0,3.5403645833333335
20.0,3.546875
30.0,3.552864583333333
40.0,3.5541666666666667
50.0,3.55546875
60.0,3.556770833333333
70.0,3.5580729166666667
80.0,3.559375
90.0,3.560677083333333
100.0,3.5619791666666667
110.0,3.56328125
120.0,3.5645182291666666
130.0,3.565169270833333
140.0,3.5658203125
150.0,3.5664713541666666
160.0,3.567122395833333
170.0,3.5677734375
180.0,3.5684244791666666
190.0,3.569075520833333
200.0,3.5697265625
210.0,3.5703125
220.0,3.5703125
230.0,3.5703125
240.0,3.5703125
250.0,3.5716145833333335
260.0,3.5729166666666665
270.0,3.57421875
280.0,3.57421875
290.0,3.57421875
300.0,3.57421875
310.0,3.5748697916666665
320.0,3.5755208333333335
330.0,3.576171875
340.0,3.576171875
350.0,3.576171875
360.0,3.576171875
370.0,3.5768229166666665
380.0,3.5774739583333335
390.0,3.578125
400.0,3.5787760416666665
410.0,3.5794270833333335
420.0,3.580078125
430.0,3.580078125
440.0,3.580078125
450.0,3.580078125
460.0,3.5807291666666665
470.0,3.5813802083333335
480.0,3.58203125
490.0,3.58203125
500.0,3.58203125
510.0,3.58203125
520.0,3.5832913306451615
530.0,3.5845514112903225
540.0,3.585811491935484
550.0,3.5859375
560.0,3.5859375
570.0,3.5859375
580.0,3.5865234375
590.0,3.587174479166667
600.0,3.5878255208333334
610.0,3.5884765625
620.0,3.589127604166667
630.0,3.5897786458333334
640.0,3.58984375
650.0,3.58984375
660.0,3.58984375
670.0,3.5904296875
680.0,3.591080729166667
690.0,3.5917317708333334
700.0,3.5923828125
710.0,3.593033854166667
720.0,3.5936848958333334
730.0,3.59375
740.0,3.59375
750.0,3.59375
760.0,3.59375
770.0,3.59375
780.0,3.59375
790.0,3.5943359375
800.0,3.594986979166667
810.0,3.5956380208333334
820.0,3.5962890625
830.0,3.596940104166667
840.0,3.5975911458333334
850.0,3.59765625
860.0,3.59765625
870.0,3.59765625
880.0,3.59765625
890.0,3.59765625
900.0,3.59765625
910.0,3.5981770833333333
920.0,3.598828125
930.0,3.599479166666667
940.0,3.6001302083333333
950.0,3.60078125
960.0,3.601432291666667
970.0,3.6015625
980.0,3.6015625
990.0,3.6015625
1000.0,3.6020833333333333
1010.0,3.602734375
1020.0,3.603385416666667
1030.0,3.603515625
1040.0,3.603515625
1050.0,3.603515625
1060.0,3.603515625
1070.0,3.603515625
1080.0,3.603515625
1090.0,3.6040364583333333
1100.0,3.6046875
1110.0,3.605338541666667
1120.0,3.60546875
1130.0,3.60546875
1140.0,3.60546875
1150.0,3.6059895833333333
1160.0,3.606640625
1170.0,3.607291666666667
1180.0,3.607421875
1190.0,3.607421875
1200.0,3.607421875
1210.0,3.6079259072580645
1220.0,3.608555947580645
1230.0,3.609185987903226
1240.0,3.6089192708333333
1250.0,3.608268229166667
1260.0,3.6076171875
1270.0,3.6078776041666667
