pack,month,n,median_cap_qdsoc,median_avail_over_soc
#1,2019-07,10,133.66838722460693,135.8835341365462
#1,2019-08,48,134.67982427563004,135.8835341365462
#1,2019-09,60,134.52557147370317,135.8835341365462
#1,2019-10,71,132.8284861111111,136.15306122448982
#1,2019-11,57,131.62460898248793,136.2032710280374
#1,2019-12,66,130.91025201774693,136.28869047619048
#1,2020-01,53,130.720671961326,136.1372950819672
#1,2020-02,18,128.68863391528046,135.78698979591837
#1,2020-03,35,127.05410745344064,130.94262295081967
#1,2020-04,48,125.38388142047751,128.20696721311475
#1,2020-05,82,124.16730731512766,126.6153452588494
#1,2020-06,43,123.5315877144608,126.6044776119403
#1,2020-07,71,123.72163338651151,126.28342245989305
#1,2020-08,72,123.30151704453215,126.06293706293705
#1,2020-09,81,122.90667455273065,126.01226993865029
#1,2020-10,63,122.04923312621834,125.56701030927836
#1,2020-11,80,121.6082037824803,123.66624965248818
#1,2020-12,72,121.42474320450286,123.58419266701921
#1,2021-01,67,121.36247683457715,123.46491228070174
#1,2021-02,51,119.92126407490082,122.08333333333334
#1,2021-03,65,119.72173819444446,121.89757530120481
#1,2021-04,58,119.9539812413449,122.06088963278555
#1,2021-05,67,117.94253614354395,121.6470588235294
#1,2021-06,44,117.4114735500151,135.55045388386702
#1,2021-07,47,117.07129046103393,134.58920187793427
#1,2021-08,41,116.81092847222223,133.3203125
#1,2021-09,51,116.33653995811288,132.29450342465753
#1,2021-10,50,114.97959995892086,131.38523391812865
#1,2021-11,24,114.32755177194308,130.75606807774824
#2,2019-07,11,133.43072517655366,136.00635593220338
#2,2019-08,61,133.14347009318618,135.91040462427745
#2,2019-09,21,132.9292189478585,135.8835341365462
#2,2019-10,66,131.4543445376803,136.16
#2,2019-11,62,130.57353450542718,136.21362274417964
#2,2019-12,63,130.15255632626847,136.26077586206898
#2,2020-01,42,126.91434352478154,130.71209016393442
#2,2020-02,36,126.45746242841219,130.6313246306416
#2,2020-03,36,126.41447847266338,130.94262295081967
#2,2020-04,47,126.48732365562681,130.75471698113208
#2,2020-05,66,125.54092489722854,128.22918231166992
#2,2020-06,51,124.7519223790323,127.9908675799087
#2,2020-07,80,124.88596629273506,128.01023071301802
#2,2020-08,92,123.3489254866241,125.58401639344262
#2,2020-09,61,122.4645573277417,125.38377192982455
#2,2020-10,72,122.30467665639043,125.32218869697189
#2,2020-11,69,121.89834099738326,125.1255230125523
#2,2020-12,71,119.73090271100429,121.84210526315789
#2,2021-01,65,117.9507667410714,120.04335260115604
#2,2021-02,66,118.37775320082764,120.27118955690383
#2,2021-03,72,117.95907125534087,120.22001934235976
#2,2021-04,62,118.56259858674464,120.28398617511519
#2,2021-05,76,117.28964566849046,135.7199437305296
#2,2021-06,56,116.52404273897062,135.01923076923077
#2,2021-07,42,116.44911237599206,134.10540884154886
#2,2021-08,52,116.24266171228214,133.28507406076577
#2,2021-09,67,115.33420816822067,132.21563981042652
#2,2021-10,44,114.79419702948114,131.14458148850937
#2,2021-11,24,114.52634611867413,130.62087253813337
#3,2019-07,6,133.56937686565826,136.04912693540683
#3,2019-08,61,133.9016274860147,135.9387755102041
#3,2019-09,51,133.48645403091064,135.8835341365462
#3,2019-10,58,132.04977490837513,136.2060875957004
#3,2019-11,62,128.0284328796497,130.89345791534132
#3,2019-12,69,127.64225499614199,130.92436974789916
#3,2020-01,49,125.04619606334973,126.90573770491804
#3,2020-02,23,123.8718795748375,124.21548117154812
#3,2020-03,42,125.25107181459941,123.563319000819
#3,2020-04,57,123.31638411954364,123.61111111111113
#3,2020-05,82,122.42741385961062,123.41760496685256
#3,2020-06,69,122.47089359318998,123.49264705882354
#3,2020-07,81,122.64150943396226,133.07823129251702
#3,2020-08,72,122.333226379448,133.37904596357373
#3,2020-09,82,122.49773033472113,130.64465836506884
#3,2020-10,68,122.28395774340916,130.59921962095876
#3,2020-11,31,119.37748209325395,130.58641975308643
#3,2020-12,11,117.34761902006177,127.88674033149171
#3,2021-01,53,115.98041503267973,127.8960396039604
#3,2021-02,61,115.97877555031447,127.91666666666667
#3,2021-03,65,119.54861287568306,122.66187050359711
#3,2021-04,69,120.10569535024153,122.56830601092896
#3,2021-05,86,119.37081232361585,136.1794298937849
#3,2021-06,47,117.36520751633988,136.2391304347826
#3,2021-07,45,116.49217183048435,135.72072072072072
#3,2021-08,53,116.65786502645503,134.69827586206898
#3,2021-09,47,115.43306236185784,133.8186813186813
#3,2021-10,41,115.08267789033883,132.75568181818178
#3,2021-11,21,114.3579248931624,132.11283185840708
#4,2019-07,12,132.70961172839506,135.96812119267958
#4,2019-08,53,133.47502960526313,135.8835341365462
#4,2019-09,54,132.39959813614854,135.8835341365462
#4,2019-10,62,130.96750709700194,136.10245535714284
#4,2019-11,61,128.83999106611398,133.67088607594937
#4,2019-12,64,128.2011574895128,133.3864861949957
#4,2020-01,64,127.8416667695854,133.43704054252737
#4,2020-02,29,126.6319390533626,130.96311475409837
#4,2020-03,42,127.08278175631979,130.7558491022308
#4,2020-04,60,125.35443889528932,127.63986468904503
#4,2020-05,66,124.52893929181192,125.18044899119067
#4,2020-06,60,124.16930674234331,125.17363318499682
#4,2020-07,85,123.85836636530397,125.16990291262135
#4,2020-08,77,123.2840436805555,125.25547445255476
#4,2020-09,64,121.83904570932538,124.63578735236348
#4,2020-10,56,121.83400230898805,123.77773668639054
#4,2020-11,67,121.00032209967324,123.69718309859155
#4,2020-12,68,120.68275114451876,123.56933267302217
#4,2021-01,73,120.9777872886474,123.47280334728035
#4,2021-02,48,120.6313257836141,123.70718676814988
#4,2021-03,73,119.43189721024908,123.73931623931624
#4,2021-04,62,118.32907417361736,120.97739642781653
#4,2021-05,78,118.63039169516088,136.05708883167043
#4,2021-06,61,118.2339100378788,135.34334763948496
#4,2021-07,43,119.15227040586419,134.51063829787233
#4,2021-08,45,118.58974842306583,133.542600896861
#4,2021-09,39,118.00525975438599,132.69132653061223
#4,2021-10,39,117.80052175317337,131.9039735099338
#4,2021-11,21,117.5826855354532,131.31215469613258
#5,2019-07,10,134.12085201732742,136.04478686635946
#5,2019-08,54,134.4850525509167,135.8835341365462
#5,2019-09,52,133.41642676639356,135.8835341365462
#5,2019-10,59,130.5479441292735,133.55434782608697
#5,2019-11,59,129.44007654654658,133.58024691358025
#5,2019-12,69,127.56790429942812,130.96311475409837
#5,2020-01,46,126.74006111050711,130.86626822208274
#5,2020-02,8,127.53066459608974,130.9375
#5,2020-03,39,126.09594508911646,130.94262295081967
#5,2020-04,54,123.6419257994186,125.44057377049181
#5,2020-05,72,122.51019371615726,125.21316964285717
#5,2020-06,63,122.34907703703708,125.2791878172589
#5,2020-07,65,123.44651260288066,125.30701754385963
#5,2020-08,87,123.90651323470212,125.22887323943662
#5,2020-09,61,124.00813646747073,125.33333333333334
#5,2020-10,52,121.15621065653934,123.97752525252525
#5,2020-11,61,122.03611055555554,123.91489361702129
#5,2020-12,79,121.18522476160865,123.75634517766498
#5,2021-01,66,118.93344934966458,121.45799937661413
#5,2021-02,59,118.60255650684933,120.48863636363636
#5,2021-03,75,119.10215326797385,120.35550458715596
#5,2021-04,72,120.76014117768084,120.31829673985364
#5,2021-05,77,120.12522832491581,135.85227272727272
#5,2021-06,55,119.05992931344471,134.93119266055047
#5,2021-07,42,118.5109395254249,134.10511363636363
#5,2021-08,40,118.0458154313664,133.3701881950385
#5,2021-09,46,117.2344587619358,132.42192875162448
#5,2021-10,48,116.69421654513889,131.5777569022492
#5,2021-11,26,115.02989928126462,130.809741047715
#6,2019-07,11,133.3365093069172,135.93749999999997
#6,2019-08,53,133.4146915686776,135.8835341365462
#6,2019-09,51,132.5633575905797,135.92364532019704
#6,2019-10,63,131.42623596792674,136.1139896373057
#6,2019-11,59,130.47494365354936,136.14628820960698
#6,2019-12,66,129.9310026301896,136.28510569456427
#6,2020-01,40,129.0659130717797,136.110957278481
#6,2020-02,23,128.25806775880167,135.85714285714283
#6,2020-03,40,127.60464915550469,133.67827868852459
#6,2020-04,55,125.27098484611376,128.22745901639345
#6,2020-05,75,123.52811621093747,126.7668269230769
#6,2020-06,59,122.74990451388892,126.61931818181817
#6,2020-07,69,121.9502486321549,126.65024630541872
#6,2020-08,85,120.51076003787881,126.8717277486911
#6,2020-09,94,119.90281622106481,133.69085320417287
#6,2020-10,75,118.71246640390392,127.99632352941175
#6,2020-11,2,118.57478030762077,128.0713281418992
#6,2020-12,49,119.22070538612786,126.40151515151514
#6,2021-01,64,118.24080325846032,123.96119791666668
#6,2021-02,57,117.17675083137713,118.46264367816093
#6,2021-03,81,117.25786739798112,118.53125000000001
#6,2021-04,62,118.18113314086418,118.61510607915137
#6,2021-05,65,117.00997026604065,136.19426751592357
#6,2021-06,45,115.58774842171715,135.85040983606558
#6,2021-07,46,114.83038884881907,135.04220365149686
#6,2021-08,42,114.48495955856342,134.15246128220576
#6,2021-09,47,115.74182754629629,133.3578431372549
#6,2021-10,46,114.6991733476307,132.1925728885661
#6,2021-11,34,114.93002172090861,131.48024361259655
#7,2019-07,8,134.5217955989358,136.08696118102944
#7,2019-08,47,133.68303056930694,135.8835341365462
#7,2019-09,45,133.3382635294118,135.8835341365462
#7,2019-10,59,131.43974282653664,136.03881278538816
#7,2019-11,51,130.4329365702793,136.38095238095238
#7,2019-12,57,129.39896148504272,135.562484375
#7,2020-01,54,128.75676848573713,133.44032645562464
#7,2020-02,28,128.23444442337797,133.16836734693877
#7,2020-03,34,126.60503283671422,133.24144780863165
#7,2020-04,48,123.71708505388483,126.39227100639565
#7,2020-05,64,123.1793580258931,126.25
#7,2020-06,67,123.84771273148152,126.2719298245614
#7,2020-07,73,125.35644344042838,126.16129032258064
#7,2020-08,65,126.2595233534946,126.13989637305698
#7,2020-09,80,125.2344792619134,126.17814398927938
#7,2020-10,65,123.68872474128545,126.14093959731545
#7,2020-11,67,121.12649316939897,122.97018348623854
#7,2020-12,60,120.4204538033801,122.62812989045383
#7,2021-01,55,119.89462542641327,122.57731958762889
#7,2021-02,54,117.305808949361,120.12193730482824
#7,2021-03,70,118.62721011398625,120.18418600629934
#7,2021-04,73,119.46907929292931,120.20114942528735
#7,2021-05,71,119.1338175843254,136.09489051094891
#7,2021-06,55,117.27914903381644,135.8127572016461
#7,2021-07,43,116.56864311002178,135.01136363636363
#7,2021-08,39,116.0097410416667,134.09653465346534
#7,2021-09,48,115.96964616564283,133.24312257175086
#7,2021-10,51,116.35337209987155,132.22826086956522
#7,2021-11,20,116.80956448763587,131.61271766169153
#8,2019-07,10,135.0629635084166,135.8835341365462
#8,2019-08,43,134.12710295717594,136.02822580645162
#8,2019-09,55,133.7641269716395,135.8835341365462
#8,2019-10,45,132.55426516792215,136.18243243243245
#8,2019-11,56,131.4817800831656,136.2700332387687
#8,2019-12,56,130.82436623895808,136.29191909321867
#8,2020-01,58,130.59377875183435,136.1655828745016
#8,2020-02,31,128.2223895522967,133.16326530612244
#8,2020-03,42,126.73215607704498,130.8493526165831
#8,2020-04,51,126.55891613562093,130.59782608695653
#8,2020-05,66,126.57700594679048,130.69465195571388
#8,2020-06,60,124.34685314931585,125.5807098765432
#8,2020-07,86,123.00797716389798,125.31162937722345
#8,2020-08,90,120.34876197439121,125.23100413947228
#8,2020-09,76,120.30880174383812,125.0964123242349
#8,2020-10,78,120.17435734568653,122.09395682319573
#8,2020-11,60,119.9188918936966,121.75820670455863
#8,2020-12,59,119.06954926529791,120.71129707112972
#8,2021-01,72,118.4251215277778,120.61830600366758
#8,2021-02,63,117.73259293032787,120.80419580419579
#8,2021-03,78,116.91575108462928,118.14554715233832
#8,2021-04,20,117.76269533124488,118.10255903866249
#8,2021-05,62,116.71264321759259,136.17483084783208
#8,2021-06,43,115.42617770502648,136.15778688524588
#8,2021-07,52,115.49184436978913,135.57283295831996
#8,2021-08,38,115.32533911387699,134.5386156532285
#8,2021-09,54,114.85296909041398,133.52130823721734
#8,2021-10,59,114.36775310241644,132.68367346938777
#8,2021-11,22,113.64123802907218,131.87620520283792
#9,2019-07,13,134.82443442437565,135.8835341365462
#9,2019-08,56,134.54067600015748,135.8835341365462
#9,2019-09,45,133.6472211236038,135.8835341365462
#9,2019-10,65,130.63943238168724,136.16
#9,2019-11,56,129.33059322043988,133.5848039215686
#9,2019-12,57,128.38853549107142,133.61627906976744
#9,2020-01,38,128.54149452490768,133.4187003968254
#9,2020-02,28,128.89077039349124,133.43237704918033
#9,2020-03,12,128.93615856427948,133.67827868852459
#9,2020-04,44,127.07818969907407,130.89719643116206
#9,2020-05,66,126.3745244552203,130.71920413057484
#9,2020-06,67,125.36321578033625,128.22745901639345
#9,2020-07,70,124.21894893577446,128.00224215246635
#9,2020-08,94,124.4868127609719,127.9465793918919
#9,2020-09,64,122.10176925643185,126.58906250000001
#9,2020-10,66,121.35053284851722,125.32975164635002
#9,2020-11,63,119.50507567239856,125.21551724137932
#9,2020-12,70,118.68649274613453,125.15097526772055
#9,2021-01,69,114.30937474747476,135.96341463414635
#9,2021-02,58,111.83382229099028,135.75972862263188
#9,2021-03,66,112.9139079378858,125.2413762446657
#9,2021-04,74,111.83847537634986,125.14234278040198
#9,2021-05,96,111.82746823378233,135.8967261048797
#9,2021-06,62,110.76749198388202,135.04332132222305
#9,2021-07,55,111.81126590909093,134.25531914893617
#9,2021-08,49,110.52241048080327,133.4426229508197
#9,2021-09,29,108.13751541666667,132.78776978417264
#9,2021-10,61,108.77239157706093,132.0581896551724
#9,2021-11,35,107.49395271164019,131.3858695652174
#10,2019-07,11,133.39548998842594,136.260162601626
#10,2019-08,55,132.77128210495286,135.8835341365462
#10,2019-09,55,132.33197756680732,135.8835341365462
#10,2019-10,62,131.0898012365736,136.00013616557735
#10,2019-11,53,130.41737102855274,136.40368852459017
#10,2019-12,61,128.2116207587236,136.15853658536588
#10,2020-01,44,127.99006045205715,135.75637755102042
#10,2020-02,27,127.33701644432263,132.907949790795
#10,2020-03,36,127.93691686762826,133.67827868852459
#10,2020-04,42,126.07068210860733,130.88000391765797
#10,2020-05,9,125.45242054146541,130.72429906542058
#10,2020-07,5,126.14533463307058,130.5936073059361
#10,2020-08,79,126.9490763888889,130.66279069767444
#10,2020-09,63,127.16924845138888,130.7246376811594
#10,2020-10,74,125.63049898904592,130.6438825530212
#10,2020-11,67,124.27980699926901,130.64814814814812
#10,2020-12,76,123.15384604439924,130.49091682127397
#10,2021-01,61,121.01937435515875,128.11702127659575
#10,2021-02,58,121.5058428460701,126.37165096647908
#10,2021-03,76,122.46489311586008,126.11608256423048
#10,2021-04,10,123.02910167640361,126.14626436781609
#10,2021-05,32,121.7210806189374,124.12405601006924
#10,2021-06,62,120.2008775503462,136.07817666509212
#10,2021-07,33,120.52716666666666,136.07905982905984
#10,2021-08,47,120.12177640505965,136.24998626373625
#10,2021-09,50,119.4688857991996,135.55607269503548
#10,2021-10,43,117.39314534505205,134.6412037037037
#10,2021-11,26,116.01702096999057,133.94501270053473
#11,2019-07,7,133.90971476449272,136.10604545454544
#11,2019-08,55,134.5026827309028,135.89207048458152
#11,2019-09,55,133.38786436011904,135.8835341365462
#11,2019-10,58,132.25787620499943,136.16
#11,2019-11,59,131.30748503816318,136.10537190082644
#11,2019-12,64,130.75843127022793,136.36444151153097
#11,2020-01,35,130.25075052176174,136.11702127659575
#11,2020-03,33,126.8538038026434,130.94262295081967
#11,2020-04,41,126.66490142255891,130.4387755102041
#11,2020-05,68,126.75883956919307,128.95165999332667
#11,2020-06,63,125.66173611111114,128.5625
#11,2020-07,84,125.00104068769181,127.4311553030303
#11,2020-08,85,124.97272169863317,127.45833333333334
#11,2020-09,85,123.99768987268519,127.14125560538116
#11,2020-10,59,121.98940818089434,124.70994475138122
#11,2020-11,63,121.29287874348962,124.6584699453552
#11,2020-12,73,121.07049354201045,123.23469387755102
#11,2021-01,57,120.61890886939575,123.3277027027027
#11,2021-02,53,119.46324691242516,121.6025641025641
#11,2021-03,72,119.62881638341753,121.63789275595212
#11,2021-04,61,118.40279847656383,119.76293103448276
#11,2021-05,62,117.40983570070583,135.92522321428572
#11,2021-06,64,116.83809248030681,135.43562301969968
#11,2021-07,39,115.58870391751488,134.64285714285714
#11,2021-08,34,115.89681773033618,133.7576219512195
#11,2021-09,48,115.24607685831472,132.73967181467182
#11,2021-10,66,114.16786597954075,131.84012337662338
#11,2021-11,23,113.58333333333333,131.26728110599078
#12,2019-07,13,134.31610810800828,136.13541666666666
#12,2019-08,49,134.38571354611827,135.98214285714286
#12,2019-09,43,133.9719419172394,135.95505617977526
#12,2019-10,59,132.81950689283036,136.08796296296293
#12,2019-11,63,132.0748847370427,136.31773399014776
#12,2019-12,62,131.36962279630575,136.36956982820124
#12,2020-01,50,130.4492463529865,136.29735976098203
#12,2020-02,27,128.39889418295616,130.9733606557377
#12,2020-03,33,126.92176990277781,130.94262295081967
#12,2020-04,42,127.49679945046867,127.88934426229508
#12,2020-05,55,127.70277953703702,127.73565573770492
#12,2020-06,70,127.02339019726249,127.68114069952304
#12,2020-07,88,127.504100264319,127.62707765111779
#12,2020-08,67,127.81138877688174,127.65957446808511
#12,2020-09,69,125.92531662912916,127.58620689655173
#12,2020-10,50,125.00048367120723,127.43303571428574
#12,2020-11,69,123.35310692049819,126.75732217573223
#12,2020-12,68,120.57508178012154,123.87906963911269
#12,2021-01,67,122.35044250801283,123.21989528795811
#12,2021-02,42,120.14677954165691,122.92694214876033
#12,2021-03,73,120.15080913142621,121.61144578313252
#12,2021-04,62,118.90094297595618,121.37298850574714
#12,2021-05,76,118.45613814711626,136.08503851504972
#12,2021-06,63,118.23735023488562,135.59579439252335
#12,2021-07,44,116.43003879279925,134.80964179297834
#12,2021-08,52,116.16011045936176,133.68595539481618
#12,2021-09,43,115.72920785065628,132.55617977528087
#12,2021-10,40,114.19566265637633,131.79514931116756
#12,2021-11,28,114.45665184500083,131.32929567169634
#13,2019-07,11,133.736305258467,135.8835341365462
#13,2019-08,54,132.6374575021904,135.95482038123168
#13,2019-09,47,132.8430841071429,135.8835341365462
#13,2019-10,64,131.37148725639327,136.10261880529242
#13,2019-11,60,130.43496348388885,136.17561869482975
#13,2019-12,54,129.89028067785978,136.34186507936508
#13,2020-01,24,129.61220232229005,136.1468855218855
#13,2020-03,27,128.65590271677928,136.37295081967213
#13,2020-04,42,129.14154709891386,133.68852459016392
#13,2020-05,76,128.44566370266503,133.41889929513118
#13,2020-06,79,128.30233324074075,133.49557522123894
#13,2020-07,88,127.56084127810848,133.35215988083417
#13,2020-08,76,127.3798984284825,133.3964170258621
#13,2020-09,62,124.71531081222767,131.17478354978357
#13,2020-10,76,120.74259675674317,127.47905726431607
#13,2020-11,63,120.8590025106838,125.19953051643193
#13,2020-12,60,120.24430589885338,124.60209228470018
#13,2021-01,49,119.03623310810809,123.0045871559633
#13,2021-02,31,118.91112979166665,123.18565400843883
#13,2021-03,69,119.31648929794521,123.26086956521739
#13,2021-04,67,119.5847876633987,123.01242236024844
#13,2021-05,86,119.08450235809336,136.0770534290271
#13,2021-06,40,118.1246102256354,136.00364570514398
#13,2021-07,34,118.33519493447159,135.29873684854417
#13,2021-08,43,118.15093190298509,134.20081967213113
#13,2021-09,41,117.15412416490865,133.2823129251701
#13,2021-10,53,116.31545590856483,132.43478260869566
#13,2021-11,23,115.58965515689299,131.72945205479454
#14,2019-07,10,133.82439558991507,136.01760249554368
#14,2019-08,59,134.15101108193278,135.8835341365462
#14,2019-09,54,133.40874204554274,135.8835341365462
#14,2019-10,54,131.3003972808232,136.0571081752484
#14,2019-11,59,131.25649527955844,136.15131578947367
#14,2019-12,63,128.96471488309354,136.14754098360655
#14,2020-01,46,126.64183176058134,136.26318565400842
#14,2020-03,29,126.35513631628793,133.21428571428572
#14,2020-04,50,125.4294434429431,128.0011508683825
#14,2020-05,75,124.8304974709785,127.93918918918916
#14,2020-06,73,122.71189627849004,125.31512605042016
#14,2020-07,75,122.24724795751631,125.2992957746479
#14,2020-08,69,122.9970426587302,125.29166666666667
#14,2020-09,76,121.24028302110968,123.67140304067661
#14,2020-10,80,120.69548187307188,122.35131909405617
#14,2020-11,84,120.35592568287039,122.37571051981217
#14,2020-12,79,118.98427669009371,121.41393442622952
#14,2021-01,75,118.84593503289473,121.24999999999999
#14,2021-02,51,120.42173207070705,121.63157894736841
#14,2021-03,76,120.18979996685718,121.48439730485924
#14,2021-04,55,120.01191033311052,121.51041666666666
#14,2021-05,83,117.03646516203705,135.87239583333331
#14,2021-06,47,116.7933304738562,135.1689189189189
#14,2021-07,37,116.61987526620372,134.3915343915344
#14,2021-08,33,116.77025529072505,133.80136986301372
#14,2021-09,57,115.9084237642974,133.0050505050505
#14,2021-10,57,115.8665873511905,131.9811320754717
#14,2021-11,20,115.99729538664953,131.3654152172304
#15,2019-07,14,133.87548956849872,135.98751954433772
#15,2019-08,64,133.08494876609615,135.9032686329657
#15,2019-09,55,132.71496722829392,135.8835341365462
#15,2019-10,48,131.10742698856075,136.24799099967856
#15,2019-11,68,128.69567906681587,133.60926628716
#15,2019-12,64,127.88975894294504,133.48976071377894
#15,2020-01,52,126.49870837534063,130.94262295081967
#15,2020-02,39,126.60589957195883,130.4591836734694
#15,2020-03,39,124.6449505425347,128.20696721311475
#15,2020-04,22,123.63847212718375,127.73469387755102
#15,2020-05,49,123.01011739174837,122.67489711934157
#15,2020-06,80,121.91595177669552,122.52890579566483
#15,2020-07,94,122.1644926062653,122.51826298701297
#15,2020-08,70,122.13293824404766,122.5165486453202
#15,2020-09,71,121.55116420454546,122.57352941176471
#15,2020-10,63,121.18357155887234,122.53640776699028
#15,2020-11,81,121.03766163194447,122.58169934640523
#15,2020-12,73,120.32834272875819,121.93647540983608
#15,2021-01,61,118.28215705128207,121.46516393442623
#15,2021-02,59,117.60220607053684,119.41520467836257
#15,2021-03,10,117.78429505172393,119.31301652892563
#15,2021-07,3,117.07464852276468,119.55729166666666
#15,2021-08,29,116.53054879157531,136.19289340101523
#15,2021-09,47,116.13527767713367,136.2890625
#15,2021-10,57,114.4362021053792,135.5212765957447
#15,2021-11,26,114.8349029682239,135.04304785290316
#16,2019-07,11,134.68566699074077,136.26077586206898
#16,2019-08,53,134.34818764906927,135.94551282051282
#16,2019-09,50,134.25343160460505,135.8835341365462
#16,2019-10,58,131.09768195202798,136.04317223727793
#16,2019-11,58,130.127836558671,135.04098360655738
#16,2019-12,61,130.15994075806722,134.78483606557378
#16,2020-01,54,127.86501904131832,132.12744964616223
#16,2020-02,18,123.7592446202256,127.3155737704918
#16,2020-03,36,123.42524109743627,123.99590163934427
#16,2020-04,46,123.49924588533666,124.08811475409836
#16,2020-05,89,122.56250422008546,123.89130434782608
#16,2020-06,74,122.45306389991183,123.86861381720828
#16,2020-07,86,122.48893395202023,123.99047917039157
#16,2020-08,79,122.76785714285718,123.94230769230771
#16,2020-09,77,122.56333830337691,123.87209302325581
#16,2020-10,58,122.47676589549233,123.95094098208709
#16,2020-11,84,122.12427449498836,123.85082025067373
#16,2020-12,66,117.63266759121063,118.96285220627325
#16,2021-01,76,117.12764155433968,118.88677742670671
#16,2021-02,46,118.95393281077253,119.0137987012987
#16,2021-03,75,120.6390283260234,119.01477832512315
#16,2021-04,65,120.27390651100187,119.0582191780822
#16,2021-05,95,119.18741718490877,135.68181818181816
#16,2021-06,55,119.30663778359947,134.8931623931624
#16,2021-07,48,119.469770873466,133.91284332609877
#16,2021-08,39,118.60906311274513,133.1359649122807
#16,2021-09,36,118.47124632973407,132.30397972389991
#16,2021-10,57,117.61919480286743,131.29166666666669
#16,2021-11,26,116.64400557588175,130.71511882668318
#17,2019-07,13,133.41650103819444,135.94866071428572
#17,2019-08,54,133.707963272967,135.8835341365462
#17,2019-09,32,132.61927038192908,135.8835341365462
#17,2019-10,67,131.5084176721644,136.1965811965812
#17,2019-11,61,130.2748276431406,136.14253393665157
#17,2019-12,57,129.9904835861111,136.17827868852459
#17,2020-01,46,128.26755911270772,136.25662083867144
#17,2020-02,17,127.38788416778677,132.32581967213116
#17,2020-03,46,127.49621596695374,132.30532786885246
#17,2020-04,46,127.00021143711419,129.59016393442624
#17,2020-05,66,126.19224056922447,129.3392892366362
#17,2020-06,71,125.87570534722225,128.72058823529412
#17,2020-07,76,123.08175874894262,126.03714197403667
#17,2020-08,89,122.88652110745615,125.8131067961165
#17,2020-09,86,122.77395713323466,125.63360091743121
#17,2020-10,55,121.0143408736559,122.79342723004696
#17,2020-11,60,121.46991809670504,122.45676646096129
#17,2020-12,51,120.38196063250754,120.8806818181818
#17,2021-01,7,120.07538652355738,119.75
#17,2021-03,55,120.76537018849206,121.04938271604938
#17,2021-04,71,119.92025972773368,121.1294416243655
#17,2021-05,66,119.26372885778463,136.15131578947367
#17,2021-06,66,119.24406103562514,136.20779914529913
#17,2021-07,40,115.9217918432996,136.12689996816806
#17,2021-08,46,115.01144911647341,135.21654719235363
#17,2021-09,49,114.91457479166667,134.16666666666666
#17,2021-10,33,114.27835907407406,133.43237704918033
#17,2021-11,35,113.63133219696965,132.79904306220095
#18,2019-07,12,132.05447695585542,136.03021186440677
#18,2019-08,45,132.7005852675975,135.8835341365462
#18,2019-09,52,132.0293591242229,135.8835341365462
#18,2019-10,59,129.56716723968987,136.04838709677418
#18,2019-11,65,126.07264923687424,133.07262569832403
#18,2019-12,61,126.04556334722223,130.87284482758622
#18,2020-01,51,125.59533563153194,130.4387755102041
#18,2020-02,32,124.29475584453279,127.9568069891385
#18,2020-03,41,123.34779147599552,125.48155737704919
#18,2020-04,52,123.29130148360309,125.28502444313754
#18,2020-05,66,122.1185471716884,125.25336523498288
#18,2020-06,71,123.14653955696204,124.91379310344828
#18,2020-07,90,122.5648012125191,124.51277372262774
#18,2020-08,72,121.73749188762628,123.36138613861385
#18,2020-09,82,120.57128469622381,121.0838262119286
#18,2020-10,81,119.60203279914532,120.92948717948717
#18,2020-11,84,118.35314868703927,119.29404164766683
#18,2020-12,73,117.63639161706354,118.9344262295082
#18,2021-01,63,118.4013625380518,118.99014778325123
#18,2021-02,57,115.11986834094373,133.1818181818182
#18,2021-03,79,114.00462962962965,133.22033898305085
#18,2021-04,65,115.52170857796717,130.7219827586207
#18,2021-05,67,114.52083521825394,135.83333333333331
#18,2021-06,32,114.75257876985025,135.4194318465507
#18,2021-07,32,113.8589076311572,134.58184030934564
#18,2021-08,48,111.66619458527583,133.70595810439562
#18,2021-09,53,111.37777548480084,132.74553571428572
#18,2021-10,48,110.17940679976851,131.90915841584157
#18,2021-11,16,109.3287092864924,131.37812968581093
#19,2019-07,10,134.70269384847592,135.89315595716198
#19,2019-08,53,134.46977621697985,135.89139344262296
#19,2019-09,53,133.9228887316562,135.8835341365462
#19,2019-10,55,131.75370363775843,136.10204081632654
#19,2019-11,59,130.60962241078,136.29533678756476
#19,2019-12,45,127.21760770712913,130.96311475409837
#19,2020-01,38,126.66740398125097,130.81352052403835
#19,2020-02,15,126.00763580486544,130.67622950819674
#19,2020-03,8,126.5503861552152,130.84188732341164
#19,2020-04,54,123.48434533842926,126.8099414858334
#19,2020-05,83,122.98336315359475,126.65788157894737
#19,2020-06,66,122.92333888888892,125.64768299104792
#19,2020-07,90,123.10441536387063,125.51874534029184
#19,2020-08,79,122.74455595238096,125.57053941908713
#19,2020-09,78,123.12666671235382,125.29487094320487
#19,2020-10,64,122.62033913214859,124.79664412262
#19,2020-11,66,121.01159216211485,123.54254885095496
#19,2020-12,78,118.4143484674344,120.61355395771878
#19,2021-01,69,118.18649574214366,120.68407960199005
#19,2021-02,52,118.33430647970087,119.50831316091222
#19,2021-03,69,118.21631455761317,119.44162436548226
#19,2021-04,80,117.66046366454054,119.47059447983014
#19,2021-05,74,116.06535648148147,135.8321442833123
#19,2021-06,46,114.5200013924576,135.08211493552645
#19,2021-07,39,113.99709058725844,134.39393939393938
#19,2021-08,33,114.57941177621286,133.7797619047619
#19,2021-09,49,114.500171085612,133.15340909090907
#19,2021-10,60,113.57255557740473,132.02601674641147
#19,2021-11,29,112.29038024109015,131.42201834862385
#20,2019-07,9,134.1956434852118,136.15131578947367
#20,2019-08,54,134.18865830276246,135.8835341365462
#20,2019-09,48,134.23090420895073,135.8835341365462
#20,2019-10,60,132.60359549784465,136.20202536824877
#20,2019-11,59,131.455897958149,136.0259433962264
#20,2019-12,65,130.89307712530527,135.94897959183672
#20,2020-01,47,127.02770097093622,130.70696721311475
#20,2020-02,31,125.22679270090613,130.57053941908714
#20,2020-03,43,125.50450870098042,128.20696721311475
#20,2020-04,49,124.99671091403906,128.07783018867926
#20,2020-05,70,124.9923158261307,127.71406644998194
#20,2020-06,73,124.92251086956523,127.34463276836158
#20,2020-07,81,125.08459962121215,127.34899328859062
#20,2020-08,70,124.45644832953289,127.25026501215939
#20,2020-09,76,122.38824271428572,126.56438253012048
#20,2020-10,63,121.57083763888889,123.77828054298642
#20,2020-11,69,121.1508866981277,123.72368421052632
#20,2020-12,74,120.70425186652321,123.31767504862461
#20,2021-01,55,118.49607371933624,120.85253456221199
#20,2021-03,56,118.44230544133772,121.10450170094325
#20,2021-04,63,118.48619456300813,121.05434782608695
#20,2021-05,97,113.33448656648454,136.1297071129707
#20,2021-06,60,111.08891327494962,136.11948212747632
#20,2021-07,38,112.51090151682779,135.25016622340428
#20,2021-08,58,112.1270494660423,134.55518149882903
#20,2021-09,54,112.25719593934653,133.66036369883187
#20,2021-10,59,110.20141851851855,132.7008928571429
#20,2021-11,30,109.69486547928051,131.94694776332426
