pack,hour,sessions
#1,0,218
#1,1,224
#1,2,219
#1,3,159
#1,4,126
#1,5,142
#1,6,131
#1,7,127
#1,8,100
#1,9,91
#1,10,104
#1,11,131
#1,12,158
#1,13,197
#1,14,211
#1,15,249
#1,16,242
#1,17,243
#1,18,189
#1,19,184
#1,20,212
#1,21,163
#1,22,177
#1,23,226
#2,0,255
#2,1,205
#2,2,194
#2,3,192
#2,4,169
#2,5,145
#2,6,173
#2,7,187
#2,8,111
#2,9,95
#2,10,89
#2,11,125
#2,12,207
#2,13,254
#2,14,227
#2,15,250
#2,16,215
#2,17,224
#2,18,217
#2,19,191
#2,20,206
#2,21,188
#2,22,182
#2,23,208
#3,0,224
#3,1,202
#3,2,212
#3,3,178
#3,4,198
#3,5,105
#3,6,134
#3,7,130
#3,8,156
#3,9,143
#3,10,77
#3,11,130
#3,12,158
#3,13,184
#3,14,222
#3,15,268
#3,16,250
#3,17,196
#3,18,186
#3,19,199
#3,20,192
#3,21,147
#3,22,123
#3,23,227
#4,0,188
#4,1,205
#4,2,212
#4,3,194
#4,4,170
#4,5,138
#4,6,92
#4,7,107
#4,8,90
#4,9,94
#4,10,101
#4,11,154
#4,12,117
#4,13,175
#4,14,277
#4,15,240
#4,16,264
#4,17,239
#4,18,212
#4,19,187
#4,20,217
#4,21,179
#4,22,205
#4,23,234
#5,0,270
#5,1,273
#5,2,246
#5,3,200
#5,4,124
#5,5,110
#5,6,126
#5,7,119
#5,8,108
#5,9,100
#5,10,112
#5,11,139
#5,12,150
#5,13,247
#5,14,240
#5,15,240
#5,16,273
#5,17,259
#5,18,284
#5,19,246
#5,20,233
#5,21,203
#5,22,159
#5,23,245
#6,0,229
#6,1,217
#6,2,189
#6,3,195
#6,4,182
#6,5,131
#6,6,150
#6,7,162
#6,8,100
#6,9,98
#6,10,74
#6,11,106
#6,12,160
#6,13,246
#6,14,253
#6,15,212
#6,16,211
#6,17,198
#6,18,173
#6,19,180
#6,20,233
#6,21,185
#6,22,164
#6,23,210
#7,0,211
#7,1,226
#7,2,219
#7,3,209
#7,4,138
#7,5,114
#7,6,121
#7,7,124
#7,8,101
#7,9,85
#7,10,184
#7,11,224
#7,12,191
#7,13,204
#7,14,219
#7,15,222
#7,16,271
#7,17,221
#7,18,181
#7,19,194
#7,20,231
#7,21,180
#7,22,166
#7,23,206
#8,0,218
#8,1,238
#8,2,219
#8,3,199
#8,4,186
#8,5,156
#8,6,193
#8,7,138
#8,8,101
#8,9,85
#8,10,153
#8,11,148
#8,12,169
#8,13,192
#8,14,250
#8,15,265
#8,16,273
#8,17,290
#8,18,240
#8,19,229
#8,20,231
#8,21,200
#8,22,167
#8,23,190
#9,0,228
#9,1,237
#9,2,195
#9,3,157
#9,4,154
#9,5,116
#9,6,148
#9,7,94
#9,8,79
#9,9,91
#9,10,111
#9,11,156
#9,12,166
#9,13,202
#9,14,273
#9,15,269
#9,16,242
#9,17,199
#9,18,193
#9,19,187
#9,20,188
#9,21,249
#9,22,194
#9,23,223
#10,0,162
#10,1,191
#10,2,176
#10,3,154
#10,4,127
#10,5,111
#10,6,126
#10,7,105
#10,8,96
#10,9,69
#10,10,70
#10,11,82
#10,12,118
#10,13,169
#10,14,208
#10,15,227
#10,16,213
#10,17,207
#10,18,210
#10,19,194
#10,20,167
#10,21,151
#10,22,136
#10,23,214
#11,0,206
#11,1,231
#11,2,250
#11,3,215
#11,4,143
#11,5,114
#11,6,128
#11,7,107
#11,8,92
#11,9,123
#11,10,199
#11,11,178
#11,12,162
#11,13,242
#11,14,222
#11,15,209
#11,16,277
#11,17,290
#11,18,202
#11,19,174
#11,20,215
#11,21,169
#11,22,191
#11,23,231
#12,0,193
#12,1,211
#12,2,238
#12,3,183
#12,4,140
#12,5,137
#12,6,139
#12,7,96
#12,8,85
#12,9,102
#12,10,93
#12,11,113
#12,12,152
#12,13,269
#12,14,223
#12,15,209
#12,16,225
#12,17,199
#12,18,177
#12,19,219
#12,20,252
#12,21,227
#12,22,199
#12,23,199
#13,0,244
#13,1,213
#13,2,170
#13,3,172
#13,4,163
#13,5,146
#13,6,137
#13,7,129
#13,8,110
#13,9,87
#13,10,96
#13,11,132
#13,12,182
#13,13,220
#13,14,226
#13,15,233
#13,16,231
#13,17,250
#13,18,242
#13,19,211
#13,20,233
#13,21,201
#13,22,215
#13,23,243
#14,0,219
#14,1,218
#14,2,220
#14,3,170
#14,4,139
#14,5,118
#14,6,127
#14,7,100
#14,8,67
#14,9,89
#14,10,170
#14,11,208
#14,12,147
#14,13,193
#14,14,238
#14,15,238
#14,16,253
#14,17,221
#14,18,202
#14,19,200
#14,20,200
#14,21,173
#14,22,154
#14,23,248
#15,0,140
#15,1,152
#15,2,170
#15,3,144
#15,4,135
#15,5,140
#15,6,108
#15,7,105
#15,8,95
#15,9,68
#15,10,84
#15,11,111
#15,12,136
#15,13,221
#15,14,215
#15,15,173
#15,16,194
#15,17,160
#15,18,127
#15,19,133
#15,20,150
#15,21,164
#15,22,152
#15,23,157
#16,0,235
#16,1,218
#16,2,192
#16,3,170
#16,4,205
#16,5,158
#16,6,130
#16,7,128
#16,8,88
#16,9,89
#16,10,109
#16,11,140
#16,12,162
#16,13,233
#16,14,219
#16,15,204
#16,16,247
#16,17,215
#16,18,198
#16,19,251
#16,20,244
#16,21,267
#16,22,241
#16,23,219
#17,0,190
#17,1,195
#17,2,173
#17,3,184
#17,4,169
#17,5,130
#17,6,125
#17,7,111
#17,8,90
#17,9,101
#17,10,102
#17,11,120
#17,12,170
#17,13,205
#17,14,197
#17,15,201
#17,16,205
#17,17,216
#17,18,188
#17,19,180
#17,20,214
#17,21,184
#17,22,156
#17,23,243
#18,0,244
#18,1,234
#18,2,237
#18,3,195
#18,4,163
#18,5,138
#18,6,149
#18,7,128
#18,8,120
#18,9,99
#18,10,119
#18,11,233
#18,12,221
#18,13,241
#18,14,276
#18,15,317
#18,16,267
#18,17,214
#18,18,172
#18,19,210
#18,20,250
#18,21,180
#18,22,191
#18,23,247
#19,0,250
#19,1,236
#19,2,182
#19,3,150
#19,4,133
#19,5,146
#19,6,155
#19,7,112
#19,8,88
#19,9,77
#19,10,73
#19,11,123
#19,12,185
#19,13,190
#19,14,228
#19,15,306
#19,16,279
#19,17,251
#19,18,186
#19,19,159
#19,20,190
#19,21,219
#19,22,209
#19,23,276
#20,0,231
#20,1,191
#20,2,189
#20,3,195
#20,4,187
#20,5,154
#20,6,134
#20,7,116
#20,8,89
#20,9,86
#20,10,87
#20,11,117
#20,12,182
#20,13,190
#20,14,226
#20,15,202
#20,16,224
#20,17,218
#20,18,210
#20,19,189
#20,20,212
#20,21,200
#20,22,218
#20,23,203
