pack,rows,number_is_rowcounter,number_nunique,number_monotonic_in_file,file_time_sorted,sessions,sessions_ge100,vcell_mid_all_median,rows_mid,vcell_mid_lowI_median,rows_mid_lowI,avgcell_mid_median,r_cap_sessions,r_cap_median,r_cap_frac_gt_0p9,r_en_median,r_en_frac_gt_0p9,avail_cap_over_soc_median,avail_en_over_soc_median,avail_cap_max,avail_en_max,qdsoc_sessions_dsoc20,qdsoc_median,current_lt0,current_eq0,current_gt0,first_month_qdsoc_median,last_month_qdsoc_median
#1,854591,True,854591,True,True,4223,2818,3.7622222222222224,104210,3.725,66,3.7649999999999997,2699,0.9998396279166,1.0,0.9998383436530208,1.0,131.24125874125872,43.63793103448276,136.16,45.29,1595,122.59143196202535,843233,11358,0,133.66838722460693,114.32755177194308
#2,841810,True,841810,True,True,4509,2852,3.761111111111111,102761,3.7055555555555557,44,3.7635,2712,0.9998455330873456,1.0,0.999844821163024,1.0,130.63356164383563,43.4478021978022,136.16,45.29,1633,122.20351868055562,833847,7960,3,133.43072517655366,114.52634611867413
#3,802918,True,802918,True,True,4241,2698,3.758888888888889,99389,3.717777777777778,83,3.762,2623,0.9998440572440449,1.0,0.9998426029025758,1.0,130.84745762711864,43.52189781021899,136.16,45.29,1562,121.93076004593459,798593,4323,2,133.56937686565826,114.3579248931624
#4,844537,True,844537,True,True,4291,2835,3.7622222222222224,103891,3.6877777777777774,1587,3.7655,2717,0.9998410092947099,1.0,0.9998404815187516,1.0,131.14197530864197,43.606557377049185,136.16,45.29,1626,122.48101845734128,833187,11348,2,132.70961172839506,117.5826855354532
#5,832189,True,832189,True,True,4706,2843,3.7622222222222224,100580,3.713888888888889,42,3.7635,2721,0.9998379037545108,1.0,0.999836023326397,1.0,130.390625,43.364197530864196,136.16,45.29,1596,122.08888281053834,827633,4555,1,134.12085201732742,115.02989928126462
#6,815202,True,815202,True,True,4258,2704,3.7655555555555553,99443,3.7333333333333334,35,3.7675,2590,0.9998428913974249,1.0,0.999842507253686,1.0,133.59513274336283,44.42953020134228,136.16,45.29,1558,120.49156498468139,814954,248,0,133.3365093069172,114.93002172090861
#7,808770,True,808770,True,True,4442,2813,3.761111111111111,98224,3.7133333333333334,324,3.7665,2637,0.9998363054402132,1.0,0.9998342605291646,1.0,131.7391304347826,43.8,136.16,45.29,1551,122.8247511744281,802996,5774,0,134.5217955989358,116.80956448763587
#8,798496,True,798496,True,True,4730,2700,3.7655555555555553,97914,3.7422222222222223,767,3.7625,2605,0.9998387135920562,1.0,0.999838209664069,1.0,131.9956140350877,43.88513513513513,136.16,45.29,1585,120.74270436507936,795855,2638,3,135.0629635084166,113.64123802907218
#9,792060,True,792060,True,True,4351,2891,3.7644444444444445,92601,3.74,559,3.77,2630,0.9998398889570279,1.0,0.9998386864229396,1.0,132.5117370892019,44.05737704918033,136.16,45.29,1628,121.07771512460843,769453,22607,0,134.82443442437565,107.49395271164019
#10,728849,True,728849,True,True,3683,2432,3.7622222222222224,90642,3.7122222222222225,14,3.766,2332,0.9998244622962824,1.0,0.9998234747231899,1.0,133.90540540540542,44.525316455696206,136.16,45.29,1317,125.03186156648457,728557,289,3,133.39548998842594,116.01702096999057
#11,809470,True,809470,True,True,4570,2855,3.758888888888889,98224,3.7061111111111114,94,3.768,2669,0.9998342972478977,1.0,0.9998332118793256,1.0,130.828125,43.51307189542484,136.16,45.29,1566,123.01424136078043,796698,12772,0,133.90971476449272,113.58333333333333
#12,825533,True,825533,True,True,4280,2729,3.761111111111111,101726,3.706666666666667,1277,3.7664999999999997,2593,0.999844062182554,1.0,0.999841647032188,1.0,131.33177570093457,43.670634920634924,136.16,45.29,1567,125.02082652777773,824582,948,3,134.31610810800828,114.45665184500083
#13,818352,True,818352,True,True,4486,2739,3.761111111111111,98235,3.706666666666667,2101,3.7640000000000002,2567,0.99983897577693,1.0,0.9998376568164895,1.0,133.7162162162162,44.473684210526315,136.16,45.29,1499,124.01008762254897,786079,32270,3,133.736305258467,115.58965515689299
#14,793132,True,793132,True,True,4312,2724,3.761111111111111,97624,3.721111111111111,35,3.7655,2625,0.999845904616003,1.0,0.9998443900536285,1.0,131.7806603773585,43.81818181818182,136.16,45.29,1626,121.27080177725148,785581,7549,2,133.82439558991507,115.99729538664953
#15,704958,True,704958,True,True,3434,2259,3.767777777777778,86601,3.7622222222222224,78,3.768,2160,0.9998446434694317,1.0,0.9998433382893606,1.0,130.51724137931035,43.409090909090914,136.16,45.29,1338,122.20908940201863,701685,3273,0,133.87548956849872,114.8349029682239
#16,819567,True,819567,True,True,4562,2820,3.7644444444444445,100532,3.7311111111111113,213,3.7664999999999997,2711,0.9998478160000186,1.0,0.9998468864616826,1.0,126.40440768483839,42.0,136.16,45.29,1676,121.93138227306548,815484,4083,0,134.68566699074077,116.64400557588175
#17,767868,True,767868,True,True,4049,2598,3.7622222222222224,93174,3.7133333333333334,546,3.763,2403,0.999850464841222,1.0,0.9998494102446568,1.0,133.43421052631578,44.36507936507937,136.16,45.29,1461,122.7809438657407,751466,16402,0,133.41650103819444,113.63133219696965
#18,856192,True,856192,True,True,4845,3069,3.7644444444444445,102224,3.691111111111111,757,3.7664999999999997,2689,0.999840895226583,1.0,0.99983998984501,1.0,130.62499999999997,43.44626168224299,136.16,45.29,1649,120.52638430555555,823800,32386,6,132.05447695585542,109.3287092864924
#19,778745,True,778745,True,True,4403,2762,3.7644444444444445,94697,3.7022222222222223,918,3.766,2583,0.999848800569149,1.0,0.9998477293498782,1.0,129.66666666666666,43.10416666666667,136.16,45.29,1594,121.56619882423371,773076,5665,4,134.70269384847592,112.29038024109015
#20,807489,True,807489,True,True,4250,2780,3.761111111111111,98375,3.718888888888889,156,3.7635,2587,0.999853445195273,1.0,0.9998525926594247,1.0,130.4339560376492,43.38095238095238,136.16,45.29,1611,122.62420588810643,790830,16657,2,134.1956434852118,109.69486547928051
