brand,vehicle,rows,first_row_ratio,min_with_first_row,max_with_first_row,min_without_first_row,max_without_first_row
DTI,0,74,0.009999999999999998,0.452,45.2,42.3,45.2
DTI,1,55320,0.009999999999999995,0.675,100.0,1.6,100.0
DTI,2,53738,0.009999999999999995,0.3,100.0,0.3,100.0
DTI,3,60448,0.010000000000000002,-2.029629946805108e-50,100.0,-2.029629946805108e-50,100.0
DTI,4,70,0.009999999999999997,0.42200000000000004,42.2,40.2,42.2
DTI,5,60,0.009999999999999997,0.40299999999999997,40.2,37.2,40.2
DTI,6,521,0.009999999999999998,0.371,37.1,32.5,37.1
DTI,7,54366,0.01,0.325,100.0,3.0,100.0
DTI,8,59338,0.009999999999999995,-1.1169674189627869e-50,100.0,-1.1169674189627869e-50,100.0
DTI,9,56580,0.009999999999999998,-1.9908341525019534e-50,100.0,-1.9908341525019534e-50,100.0
DTI,10,62469,0.010000000000000004,-4.756120040757804e-50,100.0,-4.756120040757804e-50,100.0
DTI,11,52125,0.010000000000000002,-5.82698635401706e-50,100.0,-5.82698635401706e-50,100.0
DTI,12,54008,0.01,-4.380013744357696e-50,100.0,-4.380013744357696e-50,100.0
DTI,13,7227,0.010000000000000005,0.8160000000000003,100.0,5.5,100.0
DTI,14,37473,0.01,-1.1710579123097411e-50,100.0,-1.1710579123097411e-50,100.0
DTI,15,51298,0.01,-2.286553264467814e-50,100.0,-2.286553264467814e-50,100.0
DTI,16,52316,0.01,-2.914473202274659e-50,100.0,-2.914473202274659e-50,100.0
DTI,17,62922,0.01,-3.8444241687662506e-50,100.0,-3.8444241687662506e-50,100.0
DTI,18,51875,0.009999999999999995,-3.48348445672997e-50,100.0,-3.48348445672997e-50,100.0
DTI,19,36478,0.009999999999999998,-4.647971060131924e-50,100.0,-4.647971060131924e-50,100.0
DTI,20,58445,0.009999999999999998,0.3,100.0,0.3,100.0
DTI,21,48397,0.009999999999999998,-5.069677930909676e-50,100.0,-5.069677930909676e-50,100.0
DTI,22,24148,0.010000000000000002,-9.560039858171696e-51,100.0,-9.560039858171696e-51,100.0
DTI,23,17812,0.010000000000000004,0.9770000000000001,100.0,3.5,100.0
DTI,24,11431,0.010000000000000002,0.7860000000000003,100.0,1.1,100.0
DTI,25,46381,0.010000000000000004,0.8640000000000001,100.0,9.5,100.0
DTI,26,36484,0.01,-1.82694477431292e-51,100.0,-1.82694477431292e-51,100.0
DTI,27,62501,0.010000000000000002,0.7780000000000002,100.0,10.6,100.0
DTI,28,20,0.010000000000000002,0.47200000000000003,47.1,46.90000000000001,47.1
DTI,29,6540,0.010000000000000005,0.46799999999999997,100.0,5.1000000000000005,100.0
DTI,30,48095,0.01,0.383,100.0,12.8,100.0
DTI,31,56873,0.01,0.22899999999999998,100.0,6.7,100.0
DTI,32,60048,0.010000000000000002,0.418,100.0,7.9,100.0
DTI,33,59690,0.010000000000000002,0.8460000000000002,100.0,8.8,100.0
DTI,34,61228,0.010000000000000002,0.762,100.0,9.7,100.0
DTI,35,61341,0.009999999999999997,0.21700000000000008,100.0,11.9,100.0
DTI,36,62592,0.010000000000000002,0.423,100.0,23.200000000000006,100.0
DTI,37,64399,0.009999999999999998,0.99,100.0,17.0,100.0
DTI,38,71449,0.010000000000000002,0.48700000000000004,100.0,20.4,100.0
DTI,39,73711,0.009999999999999997,0.659,100.0,21.3,100.0
DTI,40,63768,0.009999999999999997,0.48,100.0,18.8,100.0
DTI,41,63363,0.01,0.522,100.0,8.700000000000001,100.0
DTI,42,40305,0.010000000000000005,0.265,100.0,18.3,100.0
DTI,43,52869,0.01,0.65,100.0,13.4,100.0
DTI,44,48026,0.010000000000000002,0.92,100.0,13.0,100.0
DTI,45,56956,0.01,1.0,100.0,6.0,100.0
DTI,46,16752,0.01,0.5890000000000002,100.0,40.0,100.0
DTI,47,56128,0.010000000000000004,0.8640000000000001,100.0,17.2,100.0
DTI,48,66542,0.01,1.0,100.0,11.5,100.0
DTI,49,61842,0.01,0.5240000000000001,100.0,4.5,100.0
DTI,50,53700,0.01,0.7590000000000001,100.0,20.1,100.0
DTI,51,60716,0.01,1.0,100.0,7.9,100.0
DTI,52,66890,0.009999999999999993,0.413,100.0,18.9,100.0
DTI,53,58813,0.010000000000000002,0.573,100.0,14.6,100.0
DTI,54,56057,0.009999999999999997,0.34800000000000003,100.0,8.8,100.0
DTI,55,10210,0.009999999999999998,0.662,100.0,14.3,100.0
DTI,56,32375,0.009999999999999995,0.8560000000000002,100.0,9.9,100.0
DTI,57,52083,0.010000000000000002,-3.7452015032696533e-51,100.0,-3.7452015032696533e-51,100.0
DTI,58,16,0.009999999999999998,0.41700000000000004,41.6,41.1,41.6
DTI,59,4,0.010000000000000002,0.41100000000000003,41.1,41.0,41.1
DTI,60,2112,0.009999999999999997,0.41000000000000003,100.0,40.5,100.0
DTI,61,47605,0.010000000000000002,-1.4533226967949835e-51,100.0,-1.4533226967949835e-51,100.0
DTI,62,30432,0.009999999999999998,0.461,100.0,1.9,100.0
DTI,63,27803,0.009999999999999997,0.40299999999999997,100.0,1.6,100.0
DTI,64,46625,0.01,0.7830000000000003,100.0,25.5,100.0
DTI,65,27171,0.010000000000000002,0.804,100.0,2.9000000000000004,100.0
DTI,66,34142,0.01,0.1,100.0,0.1,100.0
DTI,67,35166,0.01,1.0,100.0,4.5,100.0
DTI,68,33589,0.010000000000000002,-1.7795098414715646e-51,100.0,-1.7795098414715646e-51,100.0
DTI,69,36172,0.009999999999999998,0.7000000000000001,100.0,0.7000000000000001,100.0
DTI,70,28365,0.01,0.7590000000000001,100.0,7.7,100.0
DTI,71,37692,0.009999999999999995,-7.356026104599421e-51,100.0,-7.356026104599421e-51,100.0
DTI,72,34093,0.009999999999999997,-9.808107124852402e-52,100.0,-9.808107124852402e-52,100.0
DTI,73,46461,0.01,0.3580000000000001,100.0,23.9,100.0
DTI,74,39152,0.010000000000000004,0.98,100.0,17.7,100.0
DTI,75,45145,0.01,1.0,100.0,8.0,100.0
DTI,76,48179,0.010000000000000005,0.9359999999999999,100.0,6.5,100.0
DTI,77,12891,0.010000000000000002,0.772,100.0,21.8,100.0
DTI,78,8983,0.01,1.0,100.0,29.9,100.0
DTI,79,57789,0.01,0.48100000000000004,100.0,20.4,100.0
QAS,0,43546,0.010000000000000005,0.98,121.55208145322614,11.29922864117062,121.55208145322614
QAS,1,37203,0.009999999999999998,0.8,147.41168661134986,34.840226291062436,147.41168661134986
QAS,2,26608,0.010000000000000004,0.73,102.00135859293265,14.986893371167998,102.00135859293265
QAS,3,28475,0.009999999999999998,0.91,117.43626534752715,15.654600583796716,117.43626534752715
QAS,4,29874,0.010000000000000005,0.8100000000000002,102.01397834155517,52.170867735547745,102.01397834155517
QAS,5,46310,0.010000000000000005,0.45000000000000007,101.26065332808582,2.1203590723765076,101.26065332808582
QAS,6,40735,0.010000000000000005,0.9000000000000001,106.41366044210613,11.664958149475222,106.41366044210613
QAS,7,27273,0.01,0.45999999999999996,101.5070530733702,17.631053280488025,101.5070530733702
QAS,8,29444,0.009999999999999998,-2.894437300886077,105.89471070293503,-2.894437300886077,105.89471070293503
QAS,9,27174,0.009999999999999997,0.66,101.68568895759822,27.960761008352204,101.68568895759822
QAS,10,33059,0.009999999999999997,0.41000000000000003,102.1079996920804,16.28740056532575,102.1079996920804
QAS,11,33908,0.009999999999999995,0.63,146.04533383618815,15.890467132269304,146.04533383618815
QAS,12,34202,0.009999999999999995,0.8500000000000001,112.32193046031126,10.043949617978223,112.32193046031126
QAS,13,36656,0.01,1.0,120.69390733278216,29.595493750016015,120.69390733278216
QAS,14,26891,0.009999999999999997,0.8200000000000001,117.64697309115901,3.5394231239601512,117.64697309115901
QAS,15,28435,0.009999999999999998,0.9400000000000001,112.85143609812968,35.83179857599662,112.85143609812968
QAS,16,35973,0.010000000000000005,0.98,122.48063423860418,22.9908437230046,122.48063423860418
QAS,17,26609,0.009999999999999998,0.64,104.76039648122915,9.849808413714566,104.76039648122915
QAS,18,34611,0.01,0.6900000000000001,101.25054406355822,20.668006347053446,101.25054406355822
QAS,19,34181,0.010000000000000002,0.84,105.39501024910382,4.884442854912699,105.39501024910382
QAS,20,36882,0.01,0.6900000000000001,102.46486630225449,32.119275101281474,102.46486630225449
QAS,21,36578,0.010000000000000005,0.45000000000000007,101.61730776776568,20.409704613203488,101.61730776776568
QAS,22,32774,0.009999999999999997,0.6,103.91746596517235,19.40377557501102,103.91746596517235
QAS,23,27671,0.010000000000000002,0.7000000000000001,101.58953822949299,21.758351713929258,101.58953822949299
QAS,24,33215,0.009999999999999997,0.74,101.59173961144425,9.129931811442479,101.59173961144425
QAS,25,29393,0.010000000000000004,0.93,102.31725836631924,2.0139378152162006,102.31725836631924
QAS,26,27811,0.01,0.88,108.73242701171925,16.64564533397908,108.73242701171925
QAS,27,35925,0.01,0.8699999999999999,122.11499958806826,12.781535229052853,122.11499958806826
QAS,28,39894,0.009999999999999995,0.63,179.4173275114182,29.71459663326059,179.4173275114182
QAS,29,38133,0.009999999999999998,-3.6467273977867034,105.57179392298059,-3.6467273977867034,105.57179392298059
QAS,30,26648,0.01,0.9199999999999999,120.85208530820731,62.7953345946848,120.85208530820731
QAS,31,30549,0.009999999999999997,0.71,102.51785001245261,39.349045196393476,102.51785001245261
QAS,32,29556,0.01,1.0,127.9276148148623,20.54553449462801,127.9276148148623
QAS,33,43373,0.009999999999999997,-1.8350010727235881,104.91067752124404,-1.8350010727235881,104.91067752124404
QAS,34,36707,0.010000000000000004,0.76,118.64248537963424,19.795358133191353,118.64248537963424
QAS,35,34612,0.010000000000000002,0.89,102.15532772987652,29.03578048038591,102.15532772987652
QAS,36,29995,0.01,0.86,148.31810774109505,18.416840306141545,148.31810774109505
QAS,37,26705,0.01,0.48,101.47152554807472,16.777878830591895,101.47152554807472
QAS,38,28332,0.01,1.0,117.49680900356576,33.18011154793108,117.49680900356576
QAS,39,26948,0.010000000000000005,0.49,101.85713770234169,22.873192227230057,101.85713770234169
QAS,40,27200,0.010000000000000005,0.9000000000000001,123.16815424522957,28.78773837952465,123.16815424522957
QAS,41,28199,0.009999999999999998,0.64,101.57959759153292,36.47751285180632,101.57959759153292
QAS,42,39716,0.010000000000000004,0.79,101.37593150036876,15.681906309314478,101.37593150036876
QAS,43,41306,0.009999999999999997,0.74,103.48060977592317,33.67803522812058,103.48060977592317
QAS,44,29017,0.010000000000000005,0.53,102.26720564753118,28.733542877055996,102.26720564753118
QAS,45,29318,0.01,0.5,102.76169827859991,21.819062389912414,102.76169827859991
QAS,46,44517,0.009999999999999998,0.8,101.48444795191875,19.62688897201705,101.48444795191875
QAS,47,31874,0.010000000000000002,0.84,101.56564926877,21.19710532478798,101.56564926877
QAS,48,28123,0.01,1.0,194.7098124432532,40.17503296292011,194.7098124432532
QAS,49,34126,0.009999999999999997,0.77,101.5943435327413,26.86229635330003,101.5943435327413
QAS,50,27397,0.009999999999999998,0.91,109.41668864317751,18.096782778825673,109.41668864317751
QAS,51,29335,0.010000000000000002,0.84,101.24311611276046,26.038090851466173,101.24311611276046
QAS,52,30399,0.009999999999999995,0.51,101.30993224377818,17.553531864736488,101.30993224377818
QAS,53,35374,0.01,1.0,113.53078334172054,20.606632807330794,113.53078334172054
QAS,54,28951,0.010000000000000005,0.62,101.66036375134881,26.197875915872572,101.66036375134881
QAS,55,32554,0.010000000000000002,0.5700000000000001,101.50173769564942,37.7940868612621,101.50173769564942
QAS,56,30723,0.010000000000000005,0.56,103.80292421668555,30.327641058339815,103.80292421668555
QAS,57,34138,0.009999999999999997,0.77,141.0946721411962,9.10890779101026,141.0946721411962
QAS,58,30422,0.009999999999999998,0.72,118.76247339572701,5.775172607302806,118.76247339572701
QAS,59,47357,0.01,0.86,101.67843053582439,19.34401442598227,101.67843053582439
QAS,60,39238,0.010000000000000005,0.62,101.65745556051402,36.698383016394544,101.65745556051402
QAS,61,31699,0.009999999999999997,0.6,101.32486370250015,18.99773697893182,101.32486370250015
QAS,62,27434,0.009999999999999998,0.72,102.16727161269358,5.436828406955012,102.16727161269358
QAS,63,29842,0.01,0.75,102.3499449899139,18.15554084504411,102.3499449899139
QAS,64,43827,0.009999999999999998,0.8,105.60307428145879,24.24159508486044,105.60307428145879
QAS,65,83584,0.010000000000000002,0.61,137.1215690819184,11.027354301410295,137.1215690819184
QAS,66,32545,0.010000000000000004,0.68,110.04544773179327,28.57452764203866,110.04544773179327
QAS,67,38841,0.009999999999999998,0.9900000000000001,128.32543678232233,36.139511880475276,128.32543678232233
QAS,68,36821,0.010000000000000002,0.7000000000000001,106.3394213000135,23.135441954089554,106.3394213000135
QAS,69,29095,0.010000000000000005,0.65,101.44988884263937,26.357082968931866,101.44988884263937
QAS,70,28410,0.01,0.88,102.0011359507057,10.713543722599606,102.0011359507057
QAS,71,30776,0.01,1.0,128.47562101163848,15.078807059452478,128.47562101163848
QAS,72,30360,0.010000000000000002,0.89,124.009258575734,11.711491638938458,124.009258575734
QAS,73,38927,0.01,0.8699999999999999,118.49397953599987,28.878630838725933,118.49397953599987
QAS,74,30709,0.01,0.9500000000000002,120.63052280652784,23.710960111965,120.63052280652784
QAS,75,31006,0.009999999999999997,0.66,101.4443376879373,21.97368564248039,101.4443376879373
QAS,76,50142,0.010000000000000002,0.61,102.26834405506871,4.1757101575176065,102.26834405506871
QAS,77,84840,0.009999999999999997,0.8200000000000001,101.51363233348076,1.2086240560292034,101.51363233348076
QAS,78,30733,0.009999999999999998,0.32,101.72768125478736,7.3009054024702476,101.72768125478736
QAS,79,32578,0.01,1.0,128.51071777322193,6.679217234226238,128.51071777322193
QAS,80,34510,0.01,0.88,124.87743289805005,18.740448396740618,124.87743289805005
QAS,81,48548,0.01,0.8699999999999999,103.34755138862121,35.134949521667416,103.34755138862121
QAS,82,28927,0.010000000000000005,0.14617247822157967,101.73011648438307,0.14617247822157967,101.73011648438307
QAS,83,27627,0.01,0.25,101.44130376403724,5.081928258222983,101.44130376403724
QAS,84,29778,0.009999999999999998,0.9400000000000001,145.83437219295706,41.40485645833184,145.83437219295706
QAS,85,31785,0.010000000000000002,0.5700000000000001,101.56664046500583,19.818907992384407,101.56664046500583
QAS,86,42751,0.01,0.86,106.18665910563662,16.967848773612815,106.18665910563662
QAS,87,26656,0.010000000000000005,0.53,101.6394921093233,26.506414603812523,101.6394921093233
QAS,88,26814,0.009999999999999998,0.72,101.5333446653518,26.547046349036453,101.5333446653518
QAS,89,27067,0.009999999999999998,0.72,146.6944814619072,33.789525432471414,146.6944814619072
QAS,90,30684,0.009999999999999995,0.8500000000000001,133.9400512097139,6.9659919615693235,133.9400512097139
QAS,91,33124,0.010000000000000004,0.76,102.85016187767575,50.89762349079513,102.85016187767575
QAS,92,39485,0.010000000000000002,0.84,101.33269858342912,5.745403467651954,101.33269858342912
QAS,93,33626,0.01,0.86,104.27187787615398,42.027765344482106,104.27187787615398
QAS,94,32392,0.010000000000000005,0.53,103.08072673267591,23.38609494968455,103.08072673267591
QAS,95,31663,0.010000000000000002,0.7000000000000001,138.88909511369792,13.619190652886159,138.88909511369792
QAS,96,33677,0.010000000000000002,0.61,101.238122192876,13.548878054341298,101.238122192876
QAS,97,35125,0.009999999999999998,0.9900000000000001,128.5489947580091,33.718910988542525,128.5489947580091
QAS,98,33371,0.010000000000000002,0.59,101.8634347133126,9.002887967567482,101.8634347133126
QAS,99,35410,0.010000000000000004,0.79,102.54493827990842,27.99604531745386,102.54493827990842
QAS,100,36090,0.009999999999999997,0.74,103.5731828664612,38.12181514589512,103.5731828664612
QAS,101,38748,0.010000000000000005,0.9000000000000001,102.6458455132947,47.619130672733576,102.6458455132947
QAS,102,41283,0.01,0.9500000000000002,110.3942093139837,13.263990022882687,110.3942093139837
QAS,103,60752,0.010000000000000004,0.76,102.08192521536033,3.318417479857859,102.08192521536033
QAS,104,29651,0.010000000000000004,0.76,101.60447447344774,2.8674893838569275,101.60447447344774
QAS,105,32540,0.010000000000000004,-1.488904339870975,102.07007169779017,-1.488904339870975,102.07007169779017
QAS,106,29404,0.01,0.58,102.32444835586688,12.714199174783253,102.32444835586688
QAS,107,40663,0.01,1.0,115.50990151937512,24.479578438866746,115.50990151937512
QAS,108,27818,0.009999999999999998,0.91,104.07864234818982,30.61536374056466,104.07864234818982
QAS,109,40704,0.01,0.96,119.44643604047425,63.60036522449109,119.44643604047425
QAS,110,28888,0.010000000000000004,0.79,101.2355019190972,37.04105888935869,101.2355019190972
QAS,111,36178,0.010000000000000002,0.42,102.32396901141985,4.598063217782963,102.32396901141985
QAS,112,26906,0.009999999999999997,0.71,101.4613145536015,26.874223566467712,101.4613145536015
QAS,113,39436,0.01,1.0,225.52930008339524,20.04638421659234,225.52930008339524
QAS,114,31193,0.01,0.9500000000000002,128.55180020485142,22.189633557592884,128.55180020485142
QAS,115,62372,0.009999999999999995,0.63,179.43065186431028,12.25022224041906,179.43065186431028
QAS,116,33715,0.010000000000000004,0.93,122.44247968153536,9.769952613637667,122.44247968153536
QAS,117,33109,0.010000000000000005,0.53,101.43082488596514,29.614449093187822,101.43082488596514
QAS,118,32612,0.010000000000000005,0.8100000000000002,101.72943002946523,28.694339199775946,101.72943002946523
QAS,119,28652,0.01,0.97,127.35472420638574,68.19439189230194,127.35472420638574
QAS,120,29667,0.010000000000000002,0.5700000000000001,100.95321283056455,18.73788782657995,100.95321283056455
QAS,121,41238,0.010000000000000005,0.9000000000000001,113.48310611905772,47.94486205505002,113.48310611905772
QAS,122,39780,0.009999999999999998,0.8,104.75507255271408,33.91772346347512,104.75507255271408
QAS,123,62508,0.009999999999999997,0.74,102.48656205611431,11.75121092962088,102.48656205611431
QAS,124,31254,0.010000000000000002,0.78,101.95892349520624,25.524369335239633,101.95892349520624
QAS,125,39910,0.009999999999999997,0.8200000000000001,128.4381376352688,25.942493772263703,128.4381376352688
QAS,126,37421,0.009999999999999998,0.83,110.80698851802838,31.81148557063557,110.80698851802838
QAS,127,41955,0.009999999999999995,0.8500000000000001,110.31936913335261,5.871253151883671,110.31936913335261
QAS,128,32634,0.01,0.96,114.82283035797553,33.17587053752851,114.82283035797553
QAS,129,28773,0.010000000000000004,0.73,108.01835492423501,31.600181776843435,108.01835492423501
QAS,130,26851,0.010000000000000004,0.68,145.90982127189434,17.147249249194676,145.90982127189434
QAS,131,40119,0.010000000000000002,0.67,102.00413679640144,26.98731826003049,102.00413679640144
QAS,132,35296,0.009999999999999998,0.83,101.48754928481686,53.15275581383605,101.48754928481686
QAS,133,41592,0.010000000000000004,0.68,104.70013141353414,30.63295144515373,104.70013141353414
QAS,134,31364,0.01,0.86,133.9062545896035,23.05172297975009,133.9062545896035
QAS,135,27811,0.009999999999999998,0.64,102.10937594046847,26.69738781806114,102.10937594046847
QAS,136,33411,0.009999999999999997,0.66,101.77116693691045,30.3879873936941,101.77116693691045
QAS,137,33339,0.009999999999999998,0.64,101.52354184824313,25.029966966740126,101.52354184824313
QAS,138,33511,0.009999999999999997,0.66,102.95741476296764,17.84752630934931,102.95741476296764
QAS,139,42635,0.009999999999999998,0.83,123.135349530143,26.747598774605535,123.135349530143
QAS,140,34747,0.01,0.54,101.79956908967323,12.400224322864245,101.79956908967323
QAS,141,36215,0.01,0.97,127.93350692548006,19.653655266636004,127.93350692548006
QAS,142,42674,0.009999999999999998,0.83,101.84343860114615,3.802017966812073,101.84343860114615
QAS,143,40183,0.01,0.8699999999999999,109.1390514226769,22.750474258350945,109.1390514226769
QAS,144,31567,0.01,0.54,102.26734970870754,14.780607374660178,102.26734970870754
QAS,145,33451,0.010000000000000002,0.67,103.36850525935328,22.38141446325429,103.36850525935328
QAS,146,41890,0.010000000000000002,-4.148339826258947,102.20082216157313,-4.148339826258947,102.20082216157313
QAS,147,31104,0.009999999999999998,-12.90888078642337,101.39488198053883,-12.90888078642337,101.39488198053883
QAS,148,31560,0.01,0.8699999999999999,124.83910446792667,20.6246472393671,124.83910446792667
QAS,149,29373,0.009999999999999998,-0.5251563263736492,101.42981888493816,-0.5251563263736492,101.42981888493816
QAS,150,29059,0.01,0.44,101.54753438737771,11.376708614310353,101.54753438737771
QAS,151,30174,0.010000000000000005,0.98,142.19391031452594,35.13072545347225,142.19391031452594
QAS,152,40653,0.010000000000000002,0.78,102.7092723657915,18.049505057250066,102.7092723657915
QAS,153,37825,0.01,0.6900000000000001,101.49244698038193,43.73133690073085,101.49244698038193
QAS,154,34311,0.010000000000000004,0.93,117.03012424942423,7.603632890897863,117.03012424942423
QAS,155,50568,0.009999999999999997,0.71,106.2334345823928,27.75290990077074,106.2334345823928
QAS,156,30229,0.009999999999999995,0.51,101.54915390682216,21.59701709064724,101.54915390682216
QAS,157,34164,0.010000000000000004,0.68,102.08887804173953,30.847836304221033,102.08887804173953
QAS,158,28208,0.010000000000000004,0.76,144.88146454462617,10.912901886573314,144.88146454462617
QAS,159,50543,0.010000000000000005,0.98,120.65798191329522,9.415033371161414,120.65798191329522
QAS,160,34985,0.01,0.75,101.8822069987211,14.61570521203155,101.8822069987211
QAS,161,26893,0.009999999999999995,0.8500000000000001,105.58851149570327,26.986502315009297,105.58851149570327
QAS,162,44257,0.009999999999999998,0.9400000000000001,131.93180013792062,19.318042275567223,131.93180013792062
QAS,163,27514,0.009999999999999998,0.9900000000000001,101.56394897430827,23.788473803851378,101.56394897430827
QAS,164,34897,0.01,0.96,118.53220828089206,14.572501406229158,118.53220828089206
QAS,165,92992,0.010000000000000004,0.79,105.89624154695339,15.216530102543535,105.89624154695339
QAS,166,29741,0.009999999999999997,0.6,101.92286645332833,26.437881390794367,101.92286645332833
QAS,167,31565,0.010000000000000005,0.62,101.21846329539856,33.26430646391473,101.21846329539856
QAS,168,31192,0.010000000000000005,0.65,101.76298068306333,19.07547131786348,101.76298068306333
QAS,169,59864,0.01,0.58,102.4601974906708,4.405800992088172,102.4601974906708
QAS,170,29180,0.010000000000000005,0.65,101.4390804108102,30.486554989301972,101.4390804108102
QAS,171,27751,0.009999999999999998,0.9900000000000001,194.81633919689156,25.09065880220856,194.81633919689156
QAS,172,47058,0.010000000000000005,0.9000000000000001,101.83939593141287,9.023000183753783,101.83939593141287
QAS,173,41017,0.010000000000000002,0.89,121.2906912007395,31.70140209290988,121.2906912007395
QAS,174,30279,0.01,0.54,101.37955841079298,22.85020381538661,101.37955841079298
QAS,175,45486,0.009999999999999997,0.6,102.06661489113604,9.030971069010436,102.06661489113604
QAS,176,31966,0.010000000000000004,0.21828515408452537,102.79427980585014,0.21828515408452537,102.79427980585014
QAS,177,34935,0.010000000000000002,0.5700000000000001,102.32212634997914,13.16271497826408,102.32212634997914
QAS,178,38044,0.009999999999999998,0.83,112.68644953066995,31.131559326937364,112.68644953066995
QAS,179,33411,0.009999999999999997,0.74,104.00604945650231,15.981605289731254,104.00604945650231
QAS,180,33782,0.009999999999999998,0.36,101.25592283735618,6.381907509915649,101.25592283735618
QAS,181,58734,0.010000000000000005,0.8100000000000002,116.1827375734443,8.545110450372412,116.1827375734443
QAS,182,33276,0.009999999999999997,0.71,101.34462934609458,17.430861846050277,101.34462934609458
QAS,183,28843,0.010000000000000004,0.73,105.08320225765092,12.639904702407698,105.08320225765092
QAS,184,30304,0.01,1.0,179.44163038846918,32.42144017286305,179.44163038846918
QAS,185,30016,0.01,0.9500000000000002,109.67821148941096,9.757124714152454,109.67821148941096
QAS,186,35043,0.009999999999999993,-7.272910787627939,102.68968875589508,-7.272910787627939,102.68968875589508
QAS,187,32597,0.010000000000000002,0.5700000000000001,102.52440390874378,26.176009955030455,102.52440390874378
QAS,188,30990,0.01,0.6900000000000001,112.43409194470088,35.83217225398669,112.43409194470088
QAS,189,32649,0.010000000000000002,0.7000000000000001,101.63808540760951,41.855605135485305,101.63808540760951
QAS,190,26757,0.009999999999999997,0.8200000000000001,145.97984970927115,17.584812896489634,145.97984970927115
QAS,191,30402,0.009999999999999997,0.77,117.18832338336298,13.467868806107198,117.18832338336298
QAS,192,37068,0.010000000000000004,0.93,109.85352236717496,32.94001504501624,109.85352236717496
QAS,193,28539,0.010000000000000004,0.73,102.10859104348735,8.292212308741497,102.10859104348735
QAS,194,31438,0.009999999999999998,0.9400000000000001,130.12431420620644,26.5904764518548,130.12431420620644
QAS,195,27956,0.009999999999999995,0.8500000000000001,107.29595478818234,13.01209051533632,107.29595478818234
QAS,196,28386,0.01,0.75,102.38709267267542,24.37274695023738,102.38709267267542
QAS,197,29863,0.01,0.43,101.51439329569902,7.088908243539023,101.51439329569902
QAS,198,29810,0.009999999999999998,0.83,109.99843420808075,13.07412986099093,109.99843420808075
QAS,199,39407,0.009999999999999997,0.6,102.53872775375312,27.329630162202793,102.53872775375312
QAS,200,33245,0.010000000000000004,0.76,105.95578889630835,11.312563113686037,105.95578889630835
QAS,201,98855,0.010000000000000002,0.84,102.41815111101877,10.455659527381481,102.41815111101877
QAS,202,40023,0.01,0.24,102.39278744821321,28.256681345779693,102.39278744821321
QAS,203,28266,0.010000000000000002,0.39,101.79392701526989,8.090545167638842,101.79392701526989
QAS,204,38689,0.010000000000000005,0.62,101.77813931233936,23.479323791121995,101.77813931233936
QAS,205,31041,0.009999999999999998,0.83,102.09647336137913,24.955712803228845,102.09647336137913
QAS,206,29293,0.010000000000000002,0.78,105.0176835574931,27.57731722871358,105.0176835574931
QAS,207,37624,0.010000000000000005,0.56,102.97711557543454,17.534409272943797,102.97711557543454
QAS,208,32873,0.009999999999999998,0.9900000000000001,198.7546899654646,34.526343198593764,198.7546899654646
QAS,209,31892,0.009999999999999998,0.9400000000000001,112.26922145573471,21.68627398301386,112.26922145573471
QAS,210,35881,0.010000000000000002,0.5700000000000001,102.77643936865229,10.38026706354644,102.77643936865229
QAS,211,40560,0.009999999999999997,0.74,101.81383365460594,18.217283033945947,101.81383365460594
QAS,212,27758,0.010000000000000002,-11.791359466811528,113.0305017314412,-11.791359466811528,113.0305017314412
QAS,213,27229,0.01,0.97,127.05741300563548,34.09156164559094,127.05741300563548
QAS,214,26896,0.01,0.6900000000000001,108.42468784766733,9.707620428984699,108.42468784766733
QAS,215,55695,0.01,0.88,101.72260973048964,32.32204050416886,101.72260973048964
QAS,216,30064,0.01,1.0,132.25458672547754,17.735147867133875,132.25458672547754
QAS,217,29213,0.01,0.88,102.78286701442683,22.906542319329013,102.78286701442683
QAS,218,63169,0.01,0.45999999999999996,102.50983306471207,46.133455088813605,102.50983306471207
QAS,219,29590,0.010000000000000004,0.93,110.47175436333166,21.878652071319497,110.47175436333166
QAS,220,29261,0.01,0.54,102.57121340441932,3.6967425271524847,102.57121340441932
QAS,221,44023,0.01,0.88,102.2535370864743,26.314801332555092,102.2535370864743
QAS,222,31916,0.009999999999999993,0.55,101.4233991817064,16.89865783657009,101.4233991817064
QAS,223,34349,0.010000000000000005,0.9000000000000001,145.89140623526814,43.064492418756096,145.89140623526814
QAS,224,32784,0.010000000000000004,0.79,108.59410698573942,37.84889246672354,108.59410698573942
QAS,225,29008,0.009999999999999997,0.71,102.51924233882266,31.675577355486954,102.51924233882266
QAS,226,27072,0.010000000000000002,0.67,135.69832088953052,41.81814890234533,135.69832088953052
QAS,227,28438,0.009999999999999998,0.47000000000000003,101.61600343981449,19.278370196280033,101.61600343981449
QAS,228,27169,0.009999999999999998,0.91,116.80569053882803,36.606997662466135,116.80569053882803
QAS,229,30673,0.010000000000000005,0.53,101.73761539107056,11.699088652216295,101.73761539107056
QAS,230,40486,0.010000000000000002,0.7000000000000001,145.84293135364314,13.456134241451709,145.84293135364314
QAS,231,37746,0.010000000000000002,0.84,129.36375281483078,37.130878858226396,129.36375281483078
QAS,232,48785,0.009999999999999997,0.71,101.96680541015431,23.345442024551435,101.96680541015431
QAS,233,42698,0.009999999999999995,0.63,179.5603052374345,17.301123717192787,179.5603052374345
QAS,234,31377,0.01,0.88,107.25680982611112,24.761052667266288,107.25680982611112
QAS,235,36336,0.009999999999999997,0.6,102.37965355955396,24.95797188230269,102.37965355955396
QAS,236,38721,0.010000000000000002,0.78,113.14024808441445,23.595985505144068,113.14024808441445
QAS,237,28652,0.010000000000000002,0.59,101.66501213362993,15.971154357574774,101.66501213362993
QAS,238,30831,0.009999999999999998,0.8,101.8662023083897,24.373719140376345,101.8662023083897
QAS,239,31637,0.01,1.0,194.83633975604357,43.61966045733142,194.83633975604357
QAS,240,26836,0.010000000000000005,0.62,101.22666814521679,31.539516311288224,101.22666814521679
QAS,241,31497,0.01,0.44,103.28487740414222,13.4028917209709,103.28487740414222
QAS,242,34795,0.01,0.86,114.88542417146665,31.088636312443434,114.88542417146665
QAS,243,30644,0.010000000000000005,0.98,120.6060900694157,10.068219278693617,120.6060900694157
QAS,244,33803,0.01,0.9500000000000002,110.78457289720774,23.900529568151967,110.78457289720774
QAS,245,26996,0.01,1.0,205.95534744774616,38.12503389289687,205.95534744774616
QAS,246,30247,0.010000000000000002,0.84,112.25374512314903,27.493357024674168,112.25374512314903
QAS,247,37785,0.009999999999999998,0.9900000000000001,121.46264563474793,24.97148067037841,121.46264563474793
QAS,248,31772,0.010000000000000005,0.53,101.75880657080354,31.570135219878654,101.75880657080354
QAS,249,60958,0.009999999999999997,0.15,103.2960424525893,10.112877535765033,103.2960424525893
QAS,250,30470,0.009999999999999998,0.9400000000000001,121.26937943469689,16.645801018283,121.26937943469689
QAS,251,42299,0.010000000000000004,0.73,101.44871915030542,22.550349277920056,101.44871915030542
QAS,252,38683,0.01,1.0,179.7040822020847,43.17508738629465,179.7040822020847
QAS,253,32076,0.010000000000000004,0.73,101.41106601274808,19.807257870862077,101.41106601274808
QAS,254,36828,0.01,0.97,124.88299434834558,14.584083144769671,124.88299434834558
QAS,255,28627,0.010000000000000002,0.89,111.51818632204476,13.725893085854091,111.51818632204476
QAS,256,31529,0.009999999999999997,0.66,101.07983089520447,21.422789774511052,101.07983089520447
QAS,257,42401,0.009999999999999998,0.36,101.84563042460657,19.119921259682638,101.84563042460657
QAS,258,30631,0.010000000000000002,0.84,105.8203855147966,35.001996829046256,105.8203855147966
QAS,259,34327,0.010000000000000005,0.62,101.79123163327006,25.37049443734819,101.79123163327006
QAS,260,51860,0.010000000000000005,0.9000000000000001,115.4229614538959,34.59589796327533,115.4229614538959
QAS,261,26921,0.009999999999999997,0.66,101.8669924255712,3.6572988193807934,101.8669924255712
QAS,262,38320,0.009999999999999997,0.71,144.84936125882513,9.770132106960082,144.84936125882513
QAS,263,26987,0.009999999999999998,0.91,109.68081218771917,7.192818237850707,109.68081218771917
QAS,264,28045,0.01,0.58,101.53361761588297,18.040001928295297,101.53361761588297
QAS,265,28667,0.010000000000000004,0.79,112.58168891503144,16.028072743829867,112.58168891503144
QAS,266,29760,0.010000000000000004,0.79,105.83911695811882,21.064655791144947,105.83911695811882
QAS,267,38363,0.009999999999999998,0.64,179.4026666008726,3.1931333809918443,179.4026666008726
QAS,268,32170,0.009999999999999998,0.8,113.16743569207878,7.517742550073903,113.16743569207878
QAS,269,30434,0.009999999999999997,0.71,106.10053847086256,10.727011942614803,106.10053847086256
QAS,270,35089,0.009999999999999998,0.64,178.51343826992422,9.014216460941743,178.51343826992422
QAS,271,27656,0.009999999999999998,0.83,102.22675359152629,38.027057071751095,102.22675359152629
QAS,272,39083,0.010000000000000002,0.61,101.89507747747457,14.85273760981323,101.89507747747457
QAS,273,34937,0.010000000000000004,0.73,101.55249310159937,18.311805944610107,101.55249310159937
QAS,274,34980,0.009999999999999998,0.8,104.7359773281102,43.02020099195003,104.7359773281102
QAS,275,31029,0.010000000000000002,0.89,122.3955438761795,28.28406198501734,122.3955438761795
QAS,276,36677,0.010000000000000005,0.9000000000000001,116.89931701436367,14.085010210247638,116.89931701436367
QAS,277,27022,0.010000000000000002,0.39,101.79037324329776,11.574281093649889,101.79037324329776
QAS,278,32765,0.010000000000000002,0.89,106.87244636265068,34.77270972744057,106.87244636265068
QAS,279,32229,0.01,0.9500000000000002,108.28824763906238,17.986137795706668,108.28824763906238
QAS,280,33807,0.01,-0.15510708067336015,102.25147982282752,-0.15510708067336015,102.25147982282752
QAS,281,42466,0.009999999999999997,0.8200000000000001,101.71527720517146,15.533129197021825,101.71527720517146
QAS,282,28004,0.010000000000000004,0.73,102.44882114440487,28.096183355279784,102.44882114440487
QAS,283,42924,0.010000000000000005,0.56,102.69395147273231,1.2774514292405694,102.69395147273231
QAS,284,41711,0.010000000000000002,-9.468762122466126,101.53522042004907,-9.468762122466126,101.53522042004907
QAS,285,29237,0.01,0.8699999999999999,113.495674265945,28.2070755465287,113.495674265945
QAS,286,26764,0.010000000000000002,0.7000000000000001,103.05668130661002,3.4595531708682437,103.05668130661002
QAS,287,30092,0.010000000000000005,0.49,101.80118770452712,28.47614699800492,101.80118770452712
QAS,288,37823,0.009999999999999997,0.71,101.4052630094453,23.28444498624824,101.4052630094453
QAS,289,37690,0.01,-1.2742360926057061,102.00420634411151,-1.2742360926057061,102.00420634411151
QAS,290,27387,0.01,0.58,101.64147780522508,17.85830392271687,101.64147780522508
QAS,291,43541,0.009999999999999997,0.8200000000000001,105.8638112803447,11.620999952863182,105.8638112803447
QAS,292,32760,0.01,0.9199999999999999,127.99966168286988,23.287620890302925,127.99966168286988
QAS,293,34484,0.010000000000000005,-1.1421897918734005,102.55801725207611,-1.1421897918734005,102.55801725207611
QAS,294,28842,0.009999999999999998,0.91,114.44619817903421,21.068218801334098,114.44619817903421
QAS,295,28874,0.009999999999999998,0.9900000000000001,170.30277607609938,25.899443873027312,170.30277607609938
QAS,296,34545,0.009999999999999995,0.51,114.32070718105076,3.498707800091689,114.32070718105076
QAS,297,75754,0.01,1.0,114.10925168781927,6.383454731913954,114.10925168781927
QAS,298,37042,0.009999999999999998,0.64,102.03614411492121,15.13574878164633,102.03614411492121
QAS,299,36513,0.010000000000000005,0.53,103.48712056964679,20.211293822360986,103.48712056964679
QAS,300,27240,0.010000000000000004,0.68,102.5433344624813,44.757885313565694,102.5433344624813
QAS,301,37848,0.01,1.0,192.45482226660334,8.613394802593923,192.45482226660334
QAS,302,34079,0.010000000000000004,0.34,101.96394949693513,16.770091036931177,101.96394949693513
QAS,303,27595,0.009999999999999998,0.9900000000000001,120.52082905396311,14.038493219324423,120.52082905396311
QAS,304,29983,0.01,0.9234149107912232,123.20088408212852,0.9234149107912232,123.20088408212852
QAS,305,70348,0.009999999999999998,0.91,107.05622202868655,9.5651228410552,107.05622202868655
QAS,306,38678,0.01,0.86,114.49673368757955,16.008119448904402,114.49673368757955
QAS,307,27812,0.009999999999999997,0.8200000000000001,113.54300373867439,43.83995485162018,113.54300373867439
QAS,308,31991,0.01,0.86,103.97092495451632,42.098988238858524,103.97092495451632
QAS,309,32965,0.01,0.58,112.71310073281944,27.802936259139948,112.71310073281944
QAS,310,28750,0.01,1.0,170.9089836565314,17.367333959991022,170.9089836565314
QAS,311,47356,0.01,1.0,161.3019540179604,33.62274703512833,161.3019540179604
QAS,312,30938,0.01,0.9500000000000002,123.86852384478426,32.666714197825115,123.86852384478426
QAS,313,29280,0.010000000000000004,0.73,101.7885606377221,35.22269156756032,101.7885606377221
QAS,314,36102,0.010000000000000004,0.73,101.50108776599347,38.656805579038824,101.50108776599347
QAS,315,36515,0.010000000000000005,0.9000000000000001,121.9564896056311,13.790380009804462,121.9564896056311
QAS,316,33953,0.009999999999999998,0.64,102.37685017753357,25.097804092097757,102.37685017753357
QAS,317,35878,0.009999999999999998,0.9400000000000001,112.70342932898299,16.194133654329022,112.70342932898299
QAS,318,31967,0.009999999999999995,0.63,173.5744598877217,21.00124795996706,173.5744598877217
QAS,319,30777,0.01,0.52,101.58756480003115,12.265031909264001,101.58756480003115
QAS,320,29622,0.010000000000000002,0.7000000000000001,103.27529179884894,25.208256265212604,103.27529179884894
QAS,321,31603,0.01,0.8699999999999999,111.18598630043928,34.5271477649541,111.18598630043928
QAS,322,27374,0.010000000000000002,0.84,111.76560534363496,18.05376423921039,111.76560534363496
QAS,323,38027,0.010000000000000002,0.67,101.64757229548451,12.4936510516995,101.64757229548451
QAS,324,32228,0.009999999999999997,0.77,101.78286524971828,11.782642554917533,101.78286524971828
QAS,325,32644,0.010000000000000004,0.68,102.2841208508816,22.173464697103537,102.2841208508816
QAS,326,33215,0.010000000000000002,0.42,101.6029856574367,5.8469476563060505,101.6029856574367
QAS,327,36099,0.010000000000000004,0.37644957797295375,113.67278300326848,0.37644957797295375,113.67278300326848
QAS,328,38531,0.009999999999999998,0.64,101.567258014154,14.03989895508172,101.567258014154
QAS,329,40403,0.01,0.97,125.9643702439571,27.261320387988725,125.9643702439571
QAS,330,40018,0.010000000000000002,0.59,101.59406381557245,34.00180178639062,101.59406381557245
QAS,331,55793,0.010000000000000005,0.8100000000000002,101.65361216413406,12.880706779403953,101.65361216413406
QAS,332,28302,0.009999999999999997,-5.640154845653589,101.52238810110184,-5.640154845653589,101.52238810110184
QAS,333,39196,0.009999999999999998,0.36,101.96720490344826,18.482717324524963,101.96720490344826
QAS,334,106621,0.010000000000000005,0.98,125.68799554964933,29.48997216216493,125.68799554964933
QAS,335,38519,0.01,-10.26479132117425,116.70454299600554,-10.26479132117425,116.70454299600554
QAS,336,36661,0.010000000000000005,0.53,101.58985923414063,18.141558558404697,101.58985923414063
QAS,337,15968,0.009999999999999997,0.74,107.25624125532562,8.765886331142378,107.25624125532562
QAS,338,43259,0.010000000000000002,-5.910678685016729,105.70547617847991,-5.910678685016729,105.70547617847991
QAS,339,31320,0.009999999999999995,0.63,101.70479667784531,6.241076766263346,101.70479667784531
QAS,340,116641,0.01,-16.45297100800454,111.61704566636355,-16.45297100800454,111.61704566636355
QAS,341,27484,0.010000000000000002,-13.412161976579306,119.26432187104561,-13.412161976579306,119.26432187104561
QAS,342,62897,0.009999999999999998,0.9900000000000001,106.27425082980753,5.784322504177429,106.27425082980753
QAS,343,28565,0.010000000000000004,0.68,145.755361774985,14.555725476098088,145.755361774985
QAS,344,64361,0.01,-2.087489500084433,102.32734218470424,-2.087489500084433,102.32734218470424
QAS,345,40006,0.010000000000000004,0.76,102.12162685769783,43.65448630225494,102.12162685769783
QAS,346,31367,0.010000000000000004,0.73,101.55932261725495,18.20805467964337,101.55932261725495
QAS,347,116330,0.01,-6.718565823750888,112.821725019865,-6.718565823750888,112.821725019865
QAS,348,43178,0.010000000000000005,-2.364898908748936,101.6997713639165,-2.364898908748936,101.6997713639165
QAS,349,56379,0.009999999999999997,-10.75886001312897,133.33761303932286,-10.75886001312897,133.33761303932286
QAS,350,24122,0.009999999999999998,0.91,100.97560689439192,4.571621301925363,100.97560689439192
QAS,351,30342,0.010000000000000002,-0.8647266152543273,102.30648237600526,-0.8647266152543273,102.30648237600526
QAS,352,60421,0.01,-29.90697209633515,104.96698611435806,-29.90697209633515,104.96698611435806
QAS,353,31483,0.01,0.6900000000000001,145.95786619934165,27.911146722593692,145.95786619934165
QAS,354,39448,0.010000000000000002,0.59,101.62961100902825,13.143735883868954,101.62961100902825
QAS,355,33458,0.010000000000000002,0.84,101.6735870148424,21.1314525421693,101.6735870148424
QAS,356,19622,0.010000000000000005,-2.5384716366044113,102.3223174667663,-2.5384716366044113,102.3223174667663
QAS,357,61877,0.01,0.75,123.15563145649683,21.539977945114437,123.15563145649683
QAS,358,66559,0.010000000000000002,-10.925250278964239,137.6226493852517,-10.925250278964239,137.6226493852517
QAS,359,29246,0.009999999999999998,-13.722849098072073,103.22288153487666,-13.722849098072073,103.22288153487666
QAS,360,34809,0.010000000000000002,0.78,145.84671211589858,18.284609006730403,145.84671211589858
QAS,361,27547,0.009999999999999998,0.9400000000000001,145.76254547580928,8.122842073141287,145.76254547580928
QAS,362,31041,0.010000000000000002,0.84,101.68217050587734,25.96681044154383,101.68217050587734
QAS,363,36247,0.009999999999999995,0.8500000000000001,112.94491257252011,19.3334050651635,112.94491257252011
QAS,364,27782,0.010000000000000002,0.67,101.47735097336282,13.164230049273945,101.47735097336282
QAS,365,16556,0.009999999999999997,0.8200000000000001,132.47555364144907,10.600447247163983,132.47555364144907
QAS,366,38328,0.010000000000000005,0.45000000000000007,103.71195983087706,2.0198648335705727,103.71195983087706
QAS,367,13423,0.010000000000000004,-26.19014003710839,101.63516077990069,-26.19014003710839,101.63516077990069
QAS,368,50979,0.010000000000000002,-34.04971709626798,117.17752288618968,-34.04971709626798,117.17752288618968
QAS,369,18729,0.010000000000000002,-36.85814730709808,115.13027609558092,-36.85814730709808,115.13027609558092
QAS,370,20456,0.009999999999999998,0.64,103.2672532657129,12.010248763139563,103.2672532657129
QAS,371,58300,0.009999999999999998,0.91,106.02926057193514,10.822362144349167,106.02926057193514
QAS,372,48882,0.010000000000000004,-12.251675619223144,118.64656813012564,-12.251675619223144,118.64656813012564
QAS,373,7548,0.01,0.52,102.43032761866053,30.736919510458993,102.43032761866053
QAS,374,24991,0.010000000000000005,-0.20752846986841766,102.52754035327733,-0.20752846986841766,102.52754035327733
QAS,375,56253,0.009999999999999997,0.8200000000000001,101.52593431145267,10.73069047078157,101.52593431145267
QAS,376,20744,0.01,-3.4875546798581833,100.67053668287507,-3.4875546798581833,100.67053668287507
QAS,377,10980,0.009999999999999998,0.8,119.92875186090379,18.941552648152367,119.92875186090379
QAS,378,22755,0.01,1.0,100.71132221809145,32.603713750889824,100.71132221809145
QAS,379,20621,0.01,-5.268775713797003,101.28749592556075,-5.268775713797003,101.28749592556075
QAS,380,15391,0.010000000000000002,-0.9859027652101263,106.3022370197939,-0.9859027652101263,106.3022370197939
QAS,381,21354,0.009999999999999998,-29.78539108591938,101.30553173033799,-29.78539108591938,101.30553173033799
QAS,382,19120,0.01,1.0,100.57581955960724,29.93766845912379,100.57581955960724
QAS,383,67561,0.01,-4.564126793701432,101.6455229042294,-4.564126793701432,101.6455229042294
QAS,384,66384,0.009999999999999997,-2.4559920465048553,144.88537428744667,-2.4559920465048553,144.88537428744667
QAS,385,104623,0.010000000000000005,-0.12471509035821005,106.04905306879868,-0.12471509035821005,106.04905306879868
QAS,386,72191,0.01,1.0,131.3347923441331,15.853435542565327,131.3347923441331
QAS,387,29268,0.009999999999999995,0.51,101.69135703128393,42.15594309767073,101.69135703128393
QAS,388,64738,0.01,-28.745887742433997,124.31040786882936,-28.745887742433997,124.31040786882936
QAS,389,183585,0.010000000000000002,-29.83712662047685,129.79389264666662,-29.83712662047685,129.79389264666662
QAS,390,26253,0.010000000000000005,0.65,102.02460033693947,0.948776166483902,102.02460033693947
QAS,391,16259,0.01,0.75,110.66743150346912,12.954595015995068,110.66743150346912
QAS,392,23309,0.009999999999999998,0.9900000000000001,102.51821205161467,6.372064110974442,102.51821205161467
