brand,vehicle,rows,placeholder_values,current_rows_at_or_below_minus_900,zero_cell_values,zero_cell_rows,blowup_values_vin2,blowup_values_vin3,blowup_rows,blowup_first_row,blowup_min,dU_min,dU_min_row,dti_col1_minus_max_cell_median
DTI,0,74,0,0,0,0,0,0,0,-1,,0.0,0,-10.455786281847395
DTI,1,55320,0,0,0,0,0,0,0,-1,,0.0,0,112.30075582219433
DTI,2,53738,0,0,0,0,0,0,0,-1,,0.0,0,85.60164295348568
DTI,3,60448,0,0,0,0,0,0,0,-1,,0.0,0,96.39627590321584
DTI,4,70,0,0,0,0,0,0,0,-1,,0.0,0,4.131856549603526
DTI,5,60,0,0,0,0,0,0,0,-1,,0.0,0,31.929892122933325
DTI,6,521,0,0,0,0,0,0,0,-1,,0.0,0,-6.054881337497591
DTI,7,54366,0,0,0,0,0,0,0,-1,,0.0,0,97.4338361924199
DTI,8,59338,0,0,0,0,0,0,0,-1,,0.0,0,78.47559786081479
DTI,9,56580,0,0,0,0,0,0,0,-1,,0.0,0,125.24561849539441
DTI,10,62469,0,0,0,0,0,0,0,-1,,0.0,0,91.37925567445336
DTI,11,52125,0,0,0,0,0,0,0,-1,,0.0,0,86.62565085365941
DTI,12,54008,0,0,0,0,0,0,0,-1,,0.0,0,155.0768202002305
DTI,13,7227,0,0,0,0,0,0,0,-1,,0.0,0,129.14478135166928
DTI,14,37473,0,0,0,0,0,0,0,-1,,0.0,0,72.0940652148729
DTI,15,51298,0,0,0,0,0,0,0,-1,,0.0,0,102.82225179892521
DTI,16,52316,0,0,0,0,0,0,0,-1,,0.0,0,98.98240095059373
DTI,17,62922,0,0,0,0,0,0,0,-1,,0.0,0,96.87107268765794
DTI,18,51875,0,0,0,0,0,0,0,-1,,0.0,0,103.70597501837756
DTI,19,36478,0,0,0,0,0,0,0,-1,,0.0,0,102.77492210950436
DTI,20,58445,0,0,0,0,0,0,0,-1,,0.0,0,76.80067179719572
DTI,21,48397,0,0,0,0,0,0,0,-1,,0.0,0,92.6621916808308
DTI,22,24148,0,0,0,0,0,0,0,-1,,0.0,0,85.98316189355705
DTI,23,17812,0,0,0,0,0,0,0,-1,,0.0,0,64.85818636690783
DTI,24,11431,0,0,0,0,0,0,0,-1,,0.0,0,37.91395513870657
DTI,25,46381,0,0,0,0,0,0,0,-1,,0.0,0,62.93491638939577
DTI,26,36484,0,0,0,0,0,0,0,-1,,0.0,0,129.11723148418469
DTI,27,62501,0,0,0,0,0,0,0,-1,,0.0,0,116.36289499457598
DTI,28,20,0,0,0,0,0,0,0,-1,,0.0,0,-3.5151945302379772
DTI,29,6540,0,0,0,0,0,0,0,-1,,0.0,0,65.99067949140613
DTI,30,48095,0,0,0,0,0,0,0,-1,,0.0,0,100.62666208859719
DTI,31,56873,0,0,0,0,0,0,0,-1,,0.0,0,104.60466161115573
DTI,32,60048,0,0,0,0,0,0,0,-1,,0.0,0,120.74160239122784
DTI,33,59690,0,0,0,0,0,0,0,-1,,0.0,0,105.89191164357203
DTI,34,61228,0,0,0,0,0,0,0,-1,,0.0,0,133.4148752927838
DTI,35,61341,0,0,0,0,0,0,0,-1,,0.0,0,142.17142935390893
DTI,36,62592,0,0,0,0,0,0,0,-1,,0.0,0,125.9603026024231
DTI,37,64399,0,0,0,0,0,0,0,-1,,0.0,0,142.81970985126236
DTI,38,71449,0,0,0,0,0,0,0,-1,,0.0,0,109.25538658842652
DTI,39,73711,0,0,0,0,0,0,0,-1,,0.0,0,118.40826803454775
DTI,40,63768,0,0,0,0,0,0,0,-1,,0.0,0,121.6645210582335
DTI,41,63363,0,0,0,0,0,0,0,-1,,0.0,0,126.75908191387634
DTI,42,40305,0,0,0,0,0,0,0,-1,,0.0,0,106.80644946373468
DTI,43,52869,0,0,0,0,0,0,0,-1,,0.0,0,83.65059603786676
DTI,44,48026,0,0,0,0,0,0,0,-1,,0.0,0,83.9576160144104
DTI,45,56956,0,0,0,0,0,0,0,-1,,0.0,0,89.47331384589666
DTI,46,16752,0,0,0,0,0,0,0,-1,,0.0,0,90.4304120717818
DTI,47,56128,0,0,0,0,0,0,0,-1,,0.0,0,125.86872167668935
DTI,48,66542,0,0,0,0,0,0,0,-1,,0.0,0,89.96381867883542
DTI,49,61842,0,0,0,0,0,0,0,-1,,0.0,0,118.49949682749775
DTI,50,53700,0,0,0,0,0,0,0,-1,,0.0,0,102.03290838054295
DTI,51,60716,0,0,0,0,0,0,0,-1,,0.0,0,114.68596662576874
DTI,52,66890,0,0,0,0,0,0,0,-1,,0.0,0,107.30903674770775
DTI,53,58813,0,0,0,0,0,0,0,-1,,0.0,0,85.79963442296366
DTI,54,56057,0,0,0,0,0,0,0,-1,,0.0,0,75.95789968781901
DTI,55,10210,0,0,0,0,0,0,0,-1,,0.0,0,75.07054890188124
DTI,56,32375,0,0,0,0,0,0,0,-1,,0.0,0,64.06587299002558
DTI,57,52083,0,0,0,0,0,0,0,-1,,0.0,0,55.81630985912125
DTI,58,16,0,0,0,0,0,0,0,-1,,0.0,0,-5.092844895067401
DTI,59,4,0,0,0,0,0,0,0,-1,,0.0,0,-3.5571959465885357
DTI,60,2112,0,0,0,0,0,0,0,-1,,0.0,0,52.29585832315547
DTI,61,47605,0,0,0,0,0,0,0,-1,,0.0,0,61.038850934474794
DTI,62,30432,0,0,0,0,0,0,0,-1,,0.0,0,122.35234892371659
DTI,63,27803,0,0,0,0,0,0,0,-1,,0.0,0,100.94916174209538
DTI,64,46625,0,0,0,0,0,0,0,-1,,0.0,0,99.99206007939301
DTI,65,27171,0,0,0,0,0,0,0,-1,,0.0,0,90.6327361807239
DTI,66,34142,0,0,0,0,0,0,0,-1,,0.0,0,91.05953801707051
DTI,67,35166,0,0,0,0,0,0,0,-1,,0.0,0,64.29764960267062
DTI,68,33589,0,0,0,0,0,0,0,-1,,0.0,0,89.48702353795125
DTI,69,36172,0,0,0,0,0,0,0,-1,,0.0,0,83.50103840981956
DTI,70,28365,0,0,0,0,0,0,0,-1,,0.0,0,89.02108584219923
DTI,71,37692,0,0,0,0,0,0,0,-1,,0.0,0,59.89023035548689
DTI,72,34093,0,0,0,0,0,0,0,-1,,0.0,0,105.71623794156449
DTI,73,46461,0,0,0,0,0,0,0,-1,,0.0,0,104.36026225896421
DTI,74,39152,0,0,0,0,0,0,0,-1,,0.0,0,110.95128111134704
DTI,75,45145,0,0,0,0,0,0,0,-1,,0.0,0,107.25613293801462
DTI,76,48179,0,0,0,0,0,0,0,-1,,0.0,0,104.53716977669728
DTI,77,12891,0,0,0,0,0,0,0,-1,,0.0,0,2.410992985271605
DTI,78,8983,0,0,0,0,0,0,0,-1,,0.0,0,64.8444676633485
DTI,79,57789,0,0,4,1,0,0,0,-1,,0.0,0,114.1880544721962
QAS,0,43546,983,5133,0,0,0,0,0,-1,,-0.7327743958282562,15298,
QAS,1,37203,817,6379,0,0,0,0,0,-1,,-92.0158747347746,9,
QAS,2,26608,799,3719,0,0,0,0,0,-1,,-1771.094568932192,9,
QAS,3,28475,641,3596,0,0,115,0,6,7,-144823776.18425828,-108640081.58089237,7,
QAS,4,29874,750,3948,0,0,0,0,0,-1,,-16.592168759221508,9,
QAS,5,46310,618,6771,0,0,0,0,0,-1,,-19625.282578638165,5,
QAS,6,40735,2226,6463,0,0,0,0,0,-1,,-812.933959163384,10,
QAS,7,27273,1368,4813,0,0,0,0,0,-1,,-25.950053783589198,3,
QAS,8,29444,603,2991,0,0,154,0,9,12,-30493893947.076298,-30493893947.076298,12,
QAS,9,27174,1591,5605,0,0,0,0,0,-1,,-253840.88405838623,6,
QAS,10,33059,881,5992,0,0,2,0,1,7,-1650277.7092807777,-1650277.7092807777,7,
QAS,11,33908,1290,5199,0,0,0,0,0,-1,,-917.6941842337344,4,
QAS,12,34202,859,5298,0,0,0,0,0,-1,,-100126.48273847987,6,
QAS,13,36656,645,4193,0,0,118,0,9,10,-21220203275.645653,-21220203275.645653,10,
QAS,14,26891,618,3609,0,0,0,0,0,-1,,-1992.5099015295543,21359,
QAS,15,28435,672,4381,0,0,114,0,5,8,-41129584.58117225,-34287530.111470394,8,
QAS,16,35973,1114,6869,0,0,0,0,0,-1,,-0.4969503904470428,3,
QAS,17,26609,691,2585,0,0,72,0,1,8,-6124144.616540123,-6124144.616540123,8,
QAS,18,34611,1399,6421,0,0,0,0,0,-1,,-300.1629191237303,9,
QAS,19,34181,1506,3068,0,0,0,0,0,-1,,-687.600941158029,9,
QAS,20,36882,1122,6615,0,0,0,0,0,-1,,-12.021976139048345,9,
QAS,21,36578,330,2376,0,0,0,0,0,-1,,-0.8744582027053062,4,
QAS,22,32774,832,4201,0,0,0,0,0,-1,,-0.2556042043481007,2,
QAS,23,27671,1583,3313,0,0,117,0,8,8,-4295164117.656367,-4295164117.656367,8,
QAS,24,33215,1142,3469,0,0,0,0,0,-1,,-5454.333968366109,8,
QAS,25,29393,807,2160,0,0,0,0,0,-1,,-104.66558996615834,11,
QAS,26,27811,702,4049,0,0,0,0,0,-1,,-14275.756741206456,10418,
QAS,27,35925,1001,5170,0,0,117,0,8,8,-1569405022.5127213,-1292596602.6755357,8,
QAS,28,39894,3065,7182,0,0,0,0,0,-1,,-92.55210021826721,7,
QAS,29,38133,1247,4588,0,0,0,0,0,-1,,-8774.304728841184,7,
QAS,30,26648,1505,6116,0,0,114,0,5,8,-63091286.16717042,-49485102.555407494,8,
QAS,31,30549,1464,4904,0,0,0,0,0,-1,,-161687.03920308946,8,
QAS,32,29556,1058,3327,0,0,0,0,0,-1,,-1409.025797272044,10,
QAS,33,43373,861,2258,0,0,0,0,0,-1,,-884.3570566821212,11527,
QAS,34,36707,1152,6360,0,0,0,0,0,-1,,-193.49983035502078,8,
QAS,35,34612,1126,3555,0,0,0,0,0,-1,,-33.674111960904895,9,
QAS,36,29995,481,4282,0,0,121,0,12,9,-1171501896197.9988,-1171501896197.9988,9,
QAS,37,26705,572,3415,0,0,0,0,0,-1,,-1.6157646478467016,2,
QAS,38,28332,1227,4767,0,0,0,0,0,-1,,-1778.828903185165,9,
QAS,39,26948,835,2182,0,0,0,0,0,-1,,-2.146122337396881,2,
QAS,40,27200,906,3301,0,0,1,0,1,11,-1481012.1036747778,-944611.4888798005,9,
QAS,41,28199,1128,5127,0,0,0,0,0,-1,,-7587.1886617659275,7,
QAS,42,39716,1515,7342,0,0,0,0,0,-1,,-341.9810581879688,10,
QAS,43,41306,1046,5764,0,0,0,0,0,-1,,-789708.3237798797,8,
QAS,44,29017,916,2315,0,0,0,0,0,-1,,-5.46501745823642,2,
QAS,45,29318,2035,3603,0,0,0,0,0,-1,,-0.16171549539895713,2,
QAS,46,44517,866,4825,0,0,0,0,0,-1,,-55.89166176794716,8,
QAS,47,31874,807,3837,0,0,0,0,0,-1,,-8.35633628301235,8,
QAS,48,28123,582,3463,0,0,184,0,9,11,-49789929840.85894,-49789929840.85894,11,
QAS,49,34126,1643,3620,0,0,0,0,0,-1,,-30.08922858805833,8,
QAS,50,27397,1372,5814,0,0,0,0,0,-1,,-32.33021950224464,6,
QAS,51,29335,880,4755,0,0,0,0,0,-1,,-82.36665260457791,8,
QAS,52,30399,867,5784,0,0,0,0,0,-1,,-0.13753064445953408,4221,
QAS,53,35374,749,3395,0,0,132,0,14,11,-4309328345279.634,-4309328345279.634,11,
QAS,54,28951,1071,5425,0,0,0,0,0,-1,,-10.473302652228043,3,
QAS,55,32554,1138,5570,0,0,0,0,0,-1,,-150.00111012922733,2,
QAS,56,30723,675,5397,0,0,0,0,0,-1,,-27.7531130156767,2,
QAS,57,34138,883,5407,0,0,116,0,7,8,-961805757.2271179,-782303455.3217312,8,
QAS,58,30422,1030,3965,0,0,0,0,0,-1,,-251.95633451809223,8,
QAS,59,47357,570,5816,0,0,0,0,0,-1,,-312.88291865907416,10,
QAS,60,39238,1555,6370,0,0,0,0,0,-1,,-36.823323327531334,3,
QAS,61,31699,461,4513,0,0,0,0,0,-1,,-0.17211662954225748,2,
QAS,62,27434,1712,4533,0,0,0,0,0,-1,,-8966.80798434112,8,
QAS,63,29842,863,4667,0,0,0,0,0,-1,,-334.90889420528197,8,
QAS,64,43827,1273,4632,0,0,0,0,0,-1,,-27.290215433030856,10,
QAS,65,83584,4108,10883,0,0,0,0,0,-1,,-0.7525955007473812,70493,
QAS,66,32545,1093,6376,0,0,118,0,9,9,-6150075485.0663595,-2588722689.6246934,9,
QAS,67,38841,1064,6525,0,0,0,0,0,-1,,-54.82225094821729,9,
QAS,68,36821,462,5177,0,0,118,0,9,8,-9582166313.89049,-9582166313.89049,8,
QAS,69,29095,828,2835,0,0,0,0,0,-1,,-0.17192547138123856,4,
QAS,70,28410,907,2817,0,0,0,0,0,-1,,-58.939547632692324,9,
QAS,71,30776,1175,4555,0,0,119,0,10,10,-14935867666.095694,-14935867666.095694,10,
QAS,72,30360,1015,2464,0,0,0,0,0,-1,,-133034.3297194968,6,
QAS,73,38927,1185,6701,0,0,0,0,0,-1,,-15949.156224190452,8,
QAS,74,30709,1092,4525,0,0,0,0,0,-1,,-9.180750051976213,9,
QAS,75,31006,1516,4390,0,0,117,0,8,8,-1056018397.9926311,-607373690.6948593,8,
QAS,76,50142,2146,10712,0,0,0,0,0,-1,,-4.329834138420661,49880,
QAS,77,84840,1015,12199,0,0,0,0,0,-1,,-153.83205845445252,9,
QAS,78,30733,981,4343,0,0,0,0,0,-1,,-0.14846607902340772,664,
QAS,79,32578,728,3194,0,0,0,0,0,-1,,-1183.6918440383215,11,
QAS,80,34510,1283,6010,0,0,0,0,0,-1,,-22532.51360019742,7,
QAS,81,48548,2286,8018,0,0,0,0,0,-1,,-3008.4188378149997,8,
QAS,82,28927,1324,5079,0,0,0,0,0,-1,,-43.73345205040217,9,
QAS,83,27627,989,10677,0,0,0,0,0,-1,,-9.419246298293151,1,
QAS,84,29778,1249,4137,0,0,0,0,0,-1,,-304590.39729056705,9,
QAS,85,31785,582,3094,0,0,0,0,0,-1,,-12.654456047438075,2,
QAS,86,42751,528,5673,0,0,0,0,0,-1,,-78958.84053673892,7,
QAS,87,26656,1153,5583,0,0,0,0,0,-1,,-6.0816066687020935,2,
QAS,88,26814,614,2517,0,0,0,0,0,-1,,-415.5051786208134,8,
QAS,89,27067,1284,4947,0,0,92,0,4,7,-10655264.438223386,-8611595.451764567,7,
QAS,90,30684,821,4090,0,0,114,0,5,7,-37299631.76379875,-26328653.63303393,7,
QAS,91,33124,2936,10202,0,0,119,0,10,9,-59431666728.92512,-59431666728.92512,9,
QAS,92,39485,2463,5097,0,0,0,0,0,-1,,-223.8617524552113,8,
QAS,93,33626,665,3821,0,0,0,0,0,-1,,-71.10904634763773,9,
QAS,94,32392,785,4101,0,0,0,0,0,-1,,-2.3875209290365396,2,
QAS,95,31663,992,5441,0,0,0,0,0,-1,,-22725.584364967868,9,
QAS,96,33677,874,5909,0,0,0,0,0,-1,,-0.19589127003582443,2563,
QAS,97,35125,796,5858,0,0,0,0,0,-1,,-183.7325850767787,9,
QAS,98,33371,400,1436,0,0,0,0,0,-1,,-32.04257073679209,2,
QAS,99,35410,538,5454,0,0,0,0,0,-1,,-517.4019446039437,9,
QAS,100,36090,788,4520,0,0,114,0,5,8,-42901394.641261786,-42901394.641261786,8,
QAS,101,38748,918,6250,0,0,0,0,0,-1,,-363.1945183017535,7,
QAS,102,41283,623,6230,0,0,0,0,0,-1,,-5256.825375237041,9,
QAS,103,60752,1231,5946,0,0,123,0,14,10,-3344640944098.287,-3344640944098.287,10,
QAS,104,29651,870,4548,0,0,0,0,0,-1,,-477.7145118767124,9,
QAS,105,32540,1034,5046,0,0,0,0,0,-1,,-70.75097245538873,3,
QAS,106,29404,799,6689,0,0,0,0,0,-1,,-52.14574035096574,2,
QAS,107,40663,1005,4425,0,0,162,0,7,10,-12646005130.645554,-12646005130.645554,10,
QAS,108,27818,660,4177,0,0,0,0,0,-1,,-136.34608786779674,6,
QAS,109,40704,1355,5776,0,0,0,0,0,-1,,-369.79012530305886,4,
QAS,110,28888,672,4042,0,0,115,0,6,8,-185829035.4206649,-185829035.4206649,8,
QAS,111,36178,898,3807,0,0,0,0,0,-1,,-941.5789346739017,7,
QAS,112,26906,575,2748,0,0,0,0,0,-1,,-4589.117942436487,12,
QAS,113,39436,1472,6380,0,0,14,0,1,10,-6992215.884513709,-6992215.884513709,10,
QAS,114,31193,911,4439,0,0,0,0,0,-1,,-58353.500870706666,5,
QAS,115,62372,4380,17115,0,0,8,0,1,6,-1349785.479236706,-1349785.479236706,6,
QAS,116,33715,1276,3820,0,0,0,0,0,-1,,-2688.391711761045,6,
QAS,117,33109,877,7017,0,0,0,0,0,-1,,-83.73039236528966,2,
QAS,118,32612,1266,4590,0,0,0,0,0,-1,,-174.27384402409965,9,
QAS,119,28652,1138,3926,0,0,0,0,0,-1,,-0.5971231653223518,3,
QAS,120,29667,285,422,0,0,0,0,0,-1,,-73.4390737682054,2,
QAS,121,41238,1856,5594,0,0,0,0,0,-1,,-170781.9313823724,9,
QAS,122,39780,703,1975,0,0,115,0,6,8,-128037684.54205735,-102330911.8147436,8,
QAS,123,62508,1408,8914,0,0,0,0,0,-1,,-9.504759788269553,9,
QAS,124,31254,800,3768,0,0,0,0,0,-1,,-119.70214603745868,9,
QAS,125,39910,1090,4965,0,0,119,0,10,9,-23806677824.61175,-9335185578.725826,9,
QAS,126,37421,661,6330,0,0,0,0,0,-1,,-134211.55784738754,9,
QAS,127,41955,1071,8843,0,0,0,0,0,-1,,-293.0167037519981,6,
QAS,128,32634,682,4944,0,0,0,0,0,-1,,-1.411920567617542,4,
QAS,129,28773,901,2959,0,0,109,0,4,8,-58469091.52041442,-58469091.52041442,8,
QAS,130,26851,1336,4081,0,0,121,0,12,10,-804738393233.3126,-804738393233.3126,10,
QAS,131,40119,1152,6481,0,0,1,0,1,7,-14688293.115519442,-14688293.115519442,7,
QAS,132,35296,732,5707,0,0,0,0,0,-1,,-16.15621793233178,8,
QAS,133,41592,986,7811,0,0,120,0,11,9,-145717122909.8437,-145717122909.8437,9,
QAS,134,31364,506,3954,0,0,0,0,0,-1,,-35129.74633646775,10,
QAS,135,27811,827,7157,0,0,0,0,0,-1,,-2945.2271062043906,7,
QAS,136,33411,832,5740,0,0,0,0,0,-1,,-58.18653709653689,5,
QAS,137,33339,943,5254,0,0,0,0,0,-1,,-117267.0602352689,8,
QAS,138,33511,928,5992,0,0,0,0,0,-1,,-6505.222087508911,8,
QAS,139,42635,876,4681,0,0,113,0,4,8,-150082228.13521692,-150082228.13521692,8,
QAS,140,34747,1025,5908,0,0,0,0,0,-1,,-1.5426638060633908,2,
QAS,141,36215,1538,5556,0,0,0,0,0,-1,,-0.4147102621648965,3,
QAS,142,42674,1123,6632,0,0,0,0,0,-1,,-212.00040404286557,11428,
QAS,143,40183,528,4137,0,0,0,0,0,-1,,-261.04562728773317,9,
QAS,144,31567,601,4408,0,0,0,0,0,-1,,-1.5172211524462604,2,
QAS,145,33451,956,5303,0,0,119,0,10,9,-33030869936.190365,-33030869936.190365,9,
QAS,146,41890,1220,3921,0,0,0,0,0,-1,,-121.22740116646705,2,
QAS,147,31104,1092,3884,0,0,119,0,6,7,-6392536111.906246,-6392536111.906246,7,
QAS,148,31560,1522,4259,0,0,0,0,0,-1,,-6140.414492265303,10,
QAS,149,29373,999,3232,0,0,0,0,0,-1,,-522.2847967044138,7,
QAS,150,29059,758,3661,0,0,0,0,0,-1,,-3.4198524937452017,7,
QAS,151,30174,1056,3627,0,0,0,0,0,-1,,-0.18778005293937522,11,
QAS,152,40653,1236,6473,0,0,114,0,5,8,-50505128.88473977,-45917734.55188216,8,
QAS,153,37825,800,5041,0,0,0,0,0,-1,,-2.040794184377329,10,
QAS,154,34311,1620,6603,0,0,0,0,0,-1,,-56.355053570420424,9,
QAS,155,50568,3375,10821,0,0,0,0,0,-1,,-2199.6298372980214,8,
QAS,156,30229,1053,5284,0,0,0,0,0,-1,,-20.802866619043048,2,
QAS,157,34164,558,5066,0,0,0,0,0,-1,,-5644.851060217955,8,
QAS,158,28208,688,3208,0,0,11,0,2,8,-2450772.1140451133,-2450772.1140451133,8,
QAS,159,50543,1448,4389,0,0,0,0,0,-1,,-0.15830221799568572,2197,
QAS,160,34985,960,4937,0,0,0,0,0,-1,,-26.467763303596232,9,
QAS,161,26893,596,1946,0,0,0,0,0,-1,,-452.3654622757447,6,
QAS,162,44257,1642,6077,0,0,116,0,7,8,-430943918.7344389,-430943918.7344389,8,
QAS,163,27514,222,402,0,0,112,0,3,10,-36613831.58986844,-36613831.58986844,10,
QAS,164,34897,1096,3392,0,0,0,0,0,-1,,-0.34424696265629307,4,
QAS,165,92992,2868,7189,0,0,2,0,2,10,-4967742.085330976,-965473.7787105279,8,
QAS,166,29741,1159,5219,0,0,0,0,0,-1,,-0.34717062289210887,2,
QAS,167,31565,828,5649,0,0,0,0,0,-1,,-141.6239251080597,3,
QAS,168,31192,723,4226,0,0,0,0,0,-1,,-3.015633626356984,5,
QAS,169,59864,1531,7949,0,0,0,0,0,-1,,-100.0253122768827,2,
QAS,170,29180,705,3776,0,0,0,0,0,-1,,-74.35572588137468,4,
QAS,171,27751,1362,4796,0,0,0,0,0,-1,,-45713.345222880336,7,
QAS,172,47058,1261,5488,0,0,0,0,0,-1,,-144.09694637418164,10,
QAS,173,41017,1693,5494,0,0,117,0,8,8,-4636454425.667055,-4636454425.667055,8,
QAS,174,30279,507,4495,0,0,0,0,0,-1,,-55.748308576528174,2,
QAS,175,45486,452,4305,0,0,0,0,0,-1,,-40.84169044646348,15196,
QAS,176,31966,1084,3510,0,0,114,0,5,8,-51867118.67231255,-29256713.274986375,8,
QAS,177,34935,1861,5380,0,0,0,0,0,-1,,-23.064631433182516,2,
QAS,178,38044,870,6272,0,0,0,0,0,-1,,-1286.1937967630345,9,
QAS,179,33411,420,6299,0,0,0,0,0,-1,,-118.97142077111127,10,
QAS,180,33782,1251,6259,0,0,0,0,0,-1,,-289997.7363344506,7,
QAS,181,58734,843,6699,0,0,110,0,4,9,-289109656.5664475,-289109656.5664475,9,
QAS,182,33276,1095,5030,0,0,0,0,0,-1,,-65.94646178308382,8,
QAS,183,28843,115,165,0,0,0,0,0,-1,,-72.05004462337052,10,
QAS,184,30304,417,2976,0,0,0,0,0,-1,,-3719.5732933152103,6,
QAS,185,30016,825,4997,0,0,0,0,0,-1,,-5483.248766350799,9,
QAS,186,35043,1741,3797,0,0,0,0,0,-1,,-1.5684490999981666,2,
QAS,187,32597,594,3066,0,0,0,0,0,-1,,-9.541868636443615,10054,
QAS,188,30990,1077,2445,0,0,0,0,0,-1,,-316.0072429900889,10,
QAS,189,32649,795,3990,0,0,0,0,0,-1,,-69.44327100834391,7,
QAS,190,26757,1255,3797,0,0,0,0,0,-1,,-911.6517387560764,8,
QAS,191,30402,226,463,0,0,0,0,0,-1,,-82.70615944455149,10,
QAS,192,37068,625,6487,0,0,117,0,8,9,-6123893240.0746565,-6123893240.0746565,9,
QAS,193,28539,1264,4208,0,0,117,0,8,9,-11912328284.384485,-11912328284.384485,9,
QAS,194,31438,734,2770,0,0,1,0,1,7,-2171126.2990912036,-2171126.2990912036,7,
QAS,195,27956,747,2879,0,0,0,0,0,-1,,-72.23841069466177,6,
QAS,196,28386,940,4384,0,0,0,0,0,-1,,-119929.48853129854,8,
QAS,197,29863,888,3100,0,0,118,0,9,8,-4434883991.69166,-3168187864.41753,8,
QAS,198,29810,855,4912,0,0,0,0,0,-1,,-12446.182805936132,9,
QAS,199,39407,689,4302,0,0,0,0,0,-1,,-0.13484274984331454,87,
QAS,200,33245,541,3940,0,0,0,0,0,-1,,-173.0609502956963,9,
QAS,201,98855,1310,11516,0,0,0,0,0,-1,,-1058.0953747179494,10,
QAS,202,40023,1191,5466,0,0,0,0,0,-1,,-65.57565959829685,1,
QAS,203,28266,1390,8050,0,0,0,0,0,-1,,-74.53800889730454,7,
QAS,204,38689,1176,7385,0,0,0,0,0,-1,,-4.481279144127274,3,
QAS,205,31041,980,3407,0,0,0,0,0,-1,,-366.5317370725655,9,
QAS,206,29293,760,3633,0,0,0,0,0,-1,,-17488.86486544855,8,
QAS,207,37624,1087,5042,0,0,0,0,0,-1,,-1.2157531042471965,1,
QAS,208,32873,342,1566,0,0,0,0,0,-1,,-1072.9885716665665,5,
QAS,209,31892,696,2638,0,0,115,0,6,8,-1287627140.5628939,-1287627140.5628939,8,
QAS,210,35881,649,4859,0,0,0,0,0,-1,,-0.27786462294796044,8291,
QAS,211,40560,1391,6303,0,0,0,0,0,-1,,-163.92205174082216,9,
QAS,212,27758,939,3054,0,0,0,0,0,-1,,-818.5414892670755,9,
QAS,213,27229,896,3584,0,0,116,0,6,8,-347261901.418265,-347261901.418265,8,
QAS,214,26896,1441,4771,0,0,0,0,0,-1,,-142.55984429993032,7,
QAS,215,55695,1244,8736,0,0,108,0,1,8,-1967646.6940947007,-1967646.6940947007,8,
QAS,216,30064,900,2863,0,0,0,0,0,-1,,-9257.740779897045,9,
QAS,217,29213,1039,4019,0,0,0,0,0,-1,,-107.43134014039968,9,
QAS,218,63169,1680,8129,0,0,0,0,0,-1,,-3.974097691493591,3,
QAS,219,29590,1553,3818,0,0,0,0,0,-1,,-176.17262247347074,9,
QAS,220,29261,1473,4038,0,0,0,0,0,-1,,-10.641356090600105,7385,
QAS,221,44023,1034,3938,0,0,0,0,0,-1,,-124.09613535372327,9,
QAS,222,31916,794,6064,0,0,0,0,0,-1,,-1.1642518067253607,2,
QAS,223,34349,819,5089,0,0,119,0,10,9,-104319734061.84581,-104319734061.84581,9,
QAS,224,32784,1032,4851,0,0,115,0,6,8,-160976719.9689551,-160976719.9689551,8,
QAS,225,29008,789,2099,0,0,109,0,3,8,-27950530.636800554,-27950530.636800554,8,
QAS,226,27072,812,2388,0,0,0,0,0,-1,,-1668.254005200413,5,
QAS,227,28438,290,1940,0,0,0,0,0,-1,,-365.7491296952989,3,
QAS,228,27169,1845,7278,0,0,0,0,0,-1,,-826.8729878790634,6,
QAS,229,30673,995,5220,0,0,0,0,0,-1,,-2.3807275751940966,2,
QAS,230,40486,743,4616,0,0,122,0,13,9,-718108939293.6384,-718108939293.6384,9,
QAS,231,37746,764,4008,0,0,5,0,1,8,-3003013.8580813245,-3003013.8580813245,8,
QAS,232,48785,1556,5104,0,0,0,0,0,-1,,-132.2467367452099,10,
QAS,233,42698,1349,7311,0,0,0,0,0,-1,,-2487.216145574413,5,
QAS,234,31377,1208,3475,0,0,114,0,5,8,-430712324.37200016,-430712324.37200016,8,
QAS,235,36336,824,4997,0,0,0,0,0,-1,,-0.5803775867498379,2,
QAS,236,38721,390,3221,0,0,0,0,0,-1,,-2908.1985511503794,8,
QAS,237,28652,741,5355,0,0,0,0,0,-1,,-0.10008684918311733,189,
QAS,238,30831,1149,5031,0,0,111,0,2,8,-2873471.149873024,-2873471.149873024,8,
QAS,239,31637,838,4422,0,0,29,0,6,9,-122688443.82707977,-97881180.99941504,9,
QAS,240,26836,908,3799,0,0,0,0,0,-1,,-0.08056981648121181,946,
QAS,241,31497,1362,5567,0,0,118,0,9,8,-5335446269.469248,-3373413709.133238,8,
QAS,242,34795,1222,6360,0,0,0,0,0,-1,,-370.37628735918275,9,
QAS,243,30644,735,4829,0,0,0,0,0,-1,,-0.3817607921419507,3,
QAS,244,33803,1130,3189,0,0,0,0,0,-1,,-8434.56154750054,14191,
QAS,245,26996,2865,8830,0,0,22,0,6,9,-177675635.61906052,-85615614.31723507,9,
QAS,246,30247,954,3569,0,0,0,0,0,-1,,-56.29495689021136,8,
QAS,247,37785,1182,3738,0,0,0,0,0,-1,,-11783.54942865845,9,
QAS,248,31772,1122,4226,0,0,0,0,0,-1,,-93.32737489789875,2,
QAS,249,60958,1944,8106,0,0,0,0,0,-1,,-3557.9662400512548,1,
QAS,250,30470,554,2517,0,0,0,0,0,-1,,-79700.13265039024,7,
QAS,251,42299,890,6232,0,0,0,0,0,-1,,-405.7703888744439,11,
QAS,252,38683,4381,11851,0,0,0,0,0,-1,,-3745.3943681032038,6,
QAS,253,32076,876,7624,0,0,0,0,0,-1,,-2.3882221113277518,9,
QAS,254,36828,756,5475,0,0,0,0,0,-1,,-1.1829027579535996,2,
QAS,255,28627,1724,6179,0,0,0,0,0,-1,,-65.08792956775778,9,
QAS,256,31529,966,3141,0,0,112,0,3,8,-6717130.352618101,-6588343.965489147,8,
QAS,257,42401,1211,7288,0,0,113,0,4,7,-49115360.82143694,-49115360.82143694,7,
QAS,258,30631,748,5554,0,0,0,0,0,-1,,-7.474323597683959,8,
QAS,259,34327,1154,4641,0,0,0,0,0,-1,,-3.7648945122817112,3,
QAS,260,51860,1894,6279,0,0,132,0,9,8,-38256711563.67435,-38256711563.67435,8,
QAS,261,26921,1189,5566,0,0,0,0,0,-1,,-14471.569411486607,4,
QAS,262,38320,679,5410,0,0,52,0,1,8,-5956344.833789247,-5956344.833789247,8,
QAS,263,26987,1013,1757,0,0,88,0,2,8,-3738628.166370086,-3738628.166370086,8,
QAS,264,28045,817,4419,0,0,0,0,0,-1,,-99.75079551293737,2,
QAS,265,28667,765,3785,0,0,0,0,0,-1,,-23320.57015742335,8,
QAS,266,29760,676,4976,0,0,112,0,3,8,-17300330.693914745,-17300330.693914745,8,
QAS,267,38363,675,5480,0,0,0,0,0,-1,,-452482.53120264655,7,
QAS,268,32170,450,5587,0,0,0,0,0,-1,,-128.44718739157634,10,
QAS,269,30434,178,836,0,0,0,0,0,-1,,-305.6373032326441,9,
QAS,270,35089,913,3304,0,0,9,0,1,7,-1621672.388251466,-1621672.388251466,7,
QAS,271,27656,603,4916,0,0,0,0,0,-1,,-161.9894897043691,9,
QAS,272,39083,1650,5899,0,0,0,0,0,-1,,-0.11195824833610214,10,
QAS,273,34937,1414,4150,0,0,0,0,0,-1,,-40.574869967778284,9,
QAS,274,34980,614,4603,0,0,113,0,4,8,-21360919.33046761,-21360919.33046761,8,
QAS,275,31029,1236,4239,0,0,114,0,5,8,-88803776.42372112,-73065444.06957269,8,
QAS,276,36677,2008,6820,0,0,0,0,0,-1,,-15.609341093922765,9,
QAS,277,27022,816,4464,0,0,0,0,0,-1,,-102.3552986148602,7,
QAS,278,32765,957,4969,0,0,115,0,6,8,-292035191.65707415,-292035191.65707415,8,
QAS,279,32229,855,4828,0,0,0,0,0,-1,,-8335.28681990457,10519,
QAS,280,33807,1019,2792,0,0,115,0,6,8,-201419034.9887775,-201419034.9887775,8,
QAS,281,42466,103,833,0,0,0,0,0,-1,,-131.97851304944194,10,
QAS,282,28004,2702,6764,0,0,0,0,0,-1,,-80194.63522963994,7,
QAS,283,42924,1427,15539,0,0,0,0,0,-1,,-7.1593095448750725,2,
QAS,284,41711,1134,6692,0,0,0,0,0,-1,,-474.29433851379986,7,
QAS,285,29237,1766,5382,0,0,116,0,7,8,-1160208756.5125682,-1160208756.5125682,8,
QAS,286,26764,481,3882,0,0,118,0,9,10,-7202993507.043902,-7202993507.043902,10,
QAS,287,30092,1455,3926,0,0,0,0,0,-1,,-2.2324134292538416,2,
QAS,288,37823,517,3709,0,0,115,0,6,8,-144209110.32057953,-91736797.04200459,8,
QAS,289,37690,1100,7665,0,0,120,0,11,9,-51581933241.237175,-16549351831.56318,9,
QAS,290,27387,1064,4285,0,0,0,0,0,-1,,-0.3900324942990102,1,
QAS,291,43541,376,2314,0,0,0,0,0,-1,,-34677.042782315286,7,
QAS,292,32760,962,2523,0,0,0,0,0,-1,,-153.1043470531086,8,
QAS,293,34484,1314,5446,0,0,0,0,0,-1,,-1.371931417414519,2,
QAS,294,28842,3416,7892,0,0,113,0,4,7,-21258901.036836654,-8383137.773365377,7,
QAS,295,28874,683,7124,0,0,0,0,0,-1,,-31917.73953332562,8,
QAS,296,34545,857,6506,0,0,0,0,0,-1,,-1.7384664960356138,2,
QAS,297,75754,881,10788,0,0,115,0,6,10,-173134271.2875692,-173134271.2875692,10,
QAS,298,37042,802,5839,0,0,0,0,0,-1,,-459.90049653397807,7,
QAS,299,36513,473,3647,0,0,0,0,0,-1,,-8.38979505300301,2,
QAS,300,27240,907,4249,0,0,0,0,0,-1,,-44.68177754714733,10,
QAS,301,37848,534,3502,0,0,0,0,0,-1,,-772.1852127656148,5,
QAS,302,34079,650,5117,0,0,0,0,0,-1,,-19.038641944486034,3,
QAS,303,27595,693,6416,0,0,0,0,0,-1,,-1827.798163963313,9,
QAS,304,29983,1380,3921,0,0,0,0,0,-1,,-361.3623634514482,8511,
QAS,305,70348,1372,7792,0,0,0,0,0,-1,,-1.0451728921625876,6,
QAS,306,38678,696,4228,0,0,113,0,4,8,-20704823.813381445,-4054516.504446267,8,
QAS,307,27812,709,3426,0,0,111,0,4,8,-68636487.03233932,-68636487.03233932,8,
QAS,308,31991,947,4672,0,0,123,0,14,10,-2347656203444.6387,-2347656203444.6387,10,
QAS,309,32965,1500,4456,0,0,0,0,0,-1,,-15.547067382814056,2,
QAS,310,28750,999,4670,0,0,0,0,0,-1,,-3052.4908734559317,9,
QAS,311,47356,1516,6106,0,0,116,0,7,9,-380260188.89181906,-164855879.63697013,9,
QAS,312,30938,920,4072,0,0,117,0,8,8,-1998056014.871059,-1493312904.9960124,8,
QAS,313,29280,1504,3785,0,0,0,0,0,-1,,-16.349286745243948,9,
QAS,314,36102,1125,4653,0,0,0,0,0,-1,,-0.9779157290630879,9,
QAS,315,36515,922,3956,0,0,0,0,0,-1,,-92286.25178744167,8,
QAS,316,33953,1142,5105,0,0,0,0,0,-1,,-578.517172398922,7,
QAS,317,35878,778,4205,0,0,112,0,3,8,-37024427.613610476,-37024427.613610476,8,
QAS,318,31967,872,3478,0,0,0,0,0,-1,,-3.9850437561219927,5,
QAS,319,30777,1316,6959,0,0,0,0,0,-1,,-32.44149053418743,2,
QAS,320,29622,970,4306,0,0,0,0,0,-1,,-412.02912801224517,9,
QAS,321,31603,954,5483,0,0,0,0,0,-1,,-245.70892359516952,13986,
QAS,322,27374,1089,3994,0,0,0,0,0,-1,,-30.325313049888837,9,
QAS,323,38027,1250,9607,0,0,0,0,0,-1,,-976.8966448134721,7,
QAS,324,32228,1226,4424,0,0,0,0,0,-1,,-38.619385070597744,11,
QAS,325,32644,968,5179,0,0,0,0,0,-1,,-359.6456534966335,9,
QAS,326,33215,650,3759,0,0,0,0,0,-1,,-466.86758210286683,7,
QAS,327,36099,959,3891,0,0,0,0,0,-1,,-28.164780416945394,10,
QAS,328,38531,1384,7094,0,0,116,0,5,8,-157809084.1771172,-157809084.1771172,8,
QAS,329,40403,786,5507,0,0,0,0,0,-1,,-26.560891497793325,7016,
QAS,330,40018,839,5509,0,0,0,0,0,-1,,-0.22524286520096382,13022,
QAS,331,55793,1491,8952,0,0,0,0,0,-1,,-36.0787897219827,9,
QAS,332,28302,1340,4800,0,0,0,0,0,-1,,-5519.1986338088755,7,
QAS,333,39196,595,3093,0,0,0,0,0,-1,,-245339.52225327404,7,
QAS,334,106621,7638,14854,0,0,0,0,0,-1,,-0.15095069430777627,2,
QAS,335,38519,0,0,0,0,0,0,0,-1,,-0.05487925130758172,18880,
QAS,336,36661,903,7101,0,0,0,0,0,-1,,-0.41412031791737186,1,
QAS,337,15968,0,0,0,0,0,0,0,-1,,-2.276720524823415,1159,
QAS,338,43259,0,0,0,0,0,0,0,-1,,-1.4989315093064428,4983,
QAS,339,31320,0,0,0,0,0,0,0,-1,,-0.23061689869582086,2228,
QAS,340,116641,0,0,0,0,0,0,0,-1,,-0.022933577282303677,32873,
QAS,341,27484,0,0,0,0,0,0,0,-1,,-1.1438362444665886,21053,
QAS,342,62897,0,0,0,0,0,0,0,-1,,-0.022152623769996056,8012,
QAS,343,28565,984,5185,0,0,0,0,0,-1,,-93179.6951915822,9,
QAS,344,64361,0,0,0,0,0,0,0,-1,,-0.028334971463436803,4857,
QAS,345,40006,3907,6222,0,0,0,0,0,-1,,-245.13724379390945,9,
QAS,346,31367,1140,9694,0,0,119,0,10,9,-21625879207.363888,-17779506843.40645,9,
QAS,347,116330,0,0,56,25,0,0,0,-1,,-0.2800244952651117,99411,
QAS,348,43178,1037,3891,0,0,1,0,1,5,-1100650.7077195612,-1100650.7077195612,5,
QAS,349,56379,0,0,0,0,0,0,0,-1,,-0.04060496957275017,158,
QAS,350,24122,0,0,0,0,0,0,0,-1,,-0.023286191657174823,582,
QAS,351,30342,0,0,0,0,0,0,0,-1,,-0.03813976634879989,12861,
QAS,352,60421,0,0,109,53,0,0,0,-1,,-3.3581295870756342,56696,
QAS,353,31483,693,4247,0,0,123,0,14,10,-5085330266786.128,-5085330266786.128,10,
QAS,354,39448,1453,5000,0,0,0,0,0,-1,,-26.366735559703983,2,
QAS,355,33458,773,2892,0,0,0,0,0,-1,,-984.8956992034057,6,
QAS,356,19622,0,0,0,0,0,0,0,-1,,-0.03294664759956244,19621,
QAS,357,61877,0,0,0,0,0,0,0,-1,,-0.04791787689787087,5082,
QAS,358,66559,0,0,12,1,0,0,0,-1,,-638.0066986508688,2317,
QAS,359,29246,0,0,0,0,0,0,0,-1,,-0.022970497710201182,5755,
QAS,360,34809,524,4120,0,0,0,0,0,-1,,-24919.45320986404,8,
QAS,361,27547,907,2747,0,0,41,0,1,8,-4049002.4685972496,-4049002.4685972496,8,
QAS,362,31041,1483,3904,0,0,0,0,0,-1,,-3931.2947337819182,7,
QAS,363,36247,0,0,0,0,0,0,0,-1,,-4.319124276395728,32683,
QAS,364,27782,1063,3452,0,0,0,0,0,-1,,-44545.475845340356,6,
QAS,365,16556,0,0,0,0,0,0,0,-1,,-0.2756206986418512,561,
QAS,366,38328,1727,5637,0,0,0,0,0,-1,,-20771.579347842187,4,
QAS,367,13423,0,0,0,0,0,0,0,-1,,-379.77362495526114,283,
QAS,368,50979,0,0,0,0,0,0,0,-1,,-0.2858132134833631,44760,
QAS,369,18729,0,0,121,121,0,0,0,-1,,-553.894223638484,12754,
QAS,370,20456,0,0,0,0,0,0,0,-1,,-12.860238872325914,873,
QAS,371,58300,0,0,0,0,0,0,0,-1,,-30.383195849589775,21296,
QAS,372,48882,0,0,0,0,0,0,0,-1,,-3.047648872577286,2702,
QAS,373,7548,0,0,0,0,0,0,0,-1,,-0.013071688242094143,200,
QAS,374,24991,0,0,0,0,0,0,0,-1,,-7.879906819216963,1284,
QAS,375,56253,718,6410,0,0,0,0,0,-1,,-11.372451054409765,9,
QAS,376,20744,0,0,0,0,0,0,0,-1,,-0.02282115073078252,591,
QAS,377,10980,0,0,0,0,0,0,0,-1,,-259.9316473057756,236,
QAS,378,22755,0,0,0,0,0,0,0,-1,,-0.018981757541368473,22398,
QAS,379,20621,0,0,0,0,0,0,0,-1,,-0.02341626219942616,18961,
QAS,380,15391,0,0,0,0,0,0,0,-1,,-248.8065336502355,10731,
QAS,381,21354,0,0,0,0,0,0,0,-1,,-152.01089339418183,2,
QAS,382,19120,0,0,0,0,0,0,0,-1,,-0.022887673163028758,5259,
QAS,383,67561,0,0,0,0,0,0,0,-1,,-0.14581752105239948,3959,
QAS,384,66384,0,0,0,0,0,0,0,-1,,-331.5999074032646,65078,
QAS,385,104623,0,0,0,0,0,0,0,-1,,-0.03665952931254657,82537,
QAS,386,72191,1457,11102,0,0,199,0,4,10,-1633006818.2105176,-1633006818.2105176,10,
QAS,387,29268,614,6775,0,0,0,0,0,-1,,-0.16331473000282276,2711,
QAS,388,64738,0,0,0,0,0,0,0,-1,,-0.06959862684562833,51128,
QAS,389,183585,0,0,135,135,0,0,0,-1,,-0.0680383461753773,3006,
QAS,390,26253,1071,2290,0,0,0,0,0,-1,,-19.428881246316145,4,
QAS,391,16259,0,0,0,0,0,0,0,-1,,-0.7293405485222023,598,
QAS,392,23309,0,0,0,0,0,0,0,-1,,-0.021920132793019537,23256,
