unit,value_id,variable_name,rows,rows_2030_on,time_min_raw,time_max_raw,time_min,time_max,rows_after_2023_04_01,value_min,value_max,value_median,median_spacing_s,years_2087
CUP1,15,ambient_air_temp,51637,6,2022-11-15 09:37:12.852,2087-03-07 15:46:35.678,2022-11-15 09:37:12.852,2023-04-13 22:27:22.959,5307,-10.5,19.5,6.0,10.008,2087
CUP1,4,vehicle_speed,2150504,223,2022-11-15 09:37:08.988,2087-03-07 15:46:37.899,2022-11-15 09:37:08.988,2023-04-24 15:10:02.483,452695,0.0,393.47,19.24,0.22,2087
CUP1,1200,hv_battery_voltage,5282082,467,2022-11-15 09:37:08.908,2087-03-07 15:46:37.885,2022-11-15 09:37:08.908,2023-04-24 15:10:02.500,962377,0.0,8588.0,406.8,0.124,2087
CUP1,1205,ptc1_current,0,0,,,,,0,,,,,
CUP1,1206,ptc2_current,0,0,,,,,0,,,,,
CUP1,1207,ptc_voltage,0,0,,,,,0,,,,,
CUP1,1208,hv_temp_min,2596,0,2022-11-15 09:37:13.721,2023-04-13 22:18:02.214,2022-11-15 09:37:13.721,2023-04-13 22:18:02.214,247,0.0,30.99,9.89,180.259,
CUP1,1209,hv_temp_max,2287,0,2022-11-15 09:54:06.518,2023-04-13 22:26:53.404,2022-11-15 09:54:06.518,2023-04-13 22:26:53.404,175,3.19,33.09,12.39,70.1315,
CUP1,43,interior_temp,0,0,,,,,0,,,,,
CUP1,56,hv_aux_power,512018,51,2022-11-15 09:37:08.870,2087-03-07 15:46:37.640,2022-11-15 09:37:08.870,2023-04-13 22:27:23.344,53477,0.0,25400.0,1100.0,1.02,2087
CUP1,961,temp_rear_motor_stator,104932,9,2022-11-15 09:37:08.846,2087-03-07 15:46:32.079,2022-11-15 09:37:08.846,2023-04-13 22:27:19.961,10991,-1.75,68.53,23.75,5.014,2087
CUP1,1265,rear_motor_rotor_temp,105039,10,2022-11-15 09:37:08.859,2087-03-07 15:46:37.043,2022-11-15 09:37:08.859,2023-04-13 22:27:14.697,10948,-1.63,101.34,29.35,5.014,2087
CUP1,1269,coolant_temp_inverter_inlet,104902,11,2022-11-15 09:37:08.935,2087-03-07 15:46:37.132,2022-11-15 09:37:08.935,2023-04-13 22:27:19.926,10986,-2.27,32.04,16.58,5.014,2087
CUP1,1272,hv_battery_temp_inlet,108803,15,2022-11-15 09:37:09.258,2087-03-07 15:46:37.376,2022-11-15 09:37:09.258,2023-04-13 22:27:19.630,7862,0.0,1023.98,8.0,5.019,2087
CUP1,1273,hv_battery_temp_outlet,107950,10,2022-11-15 09:37:09.754,2087-03-07 15:46:37.361,2022-11-15 09:37:09.754,2023-04-13 22:27:14.627,7525,0.0,1023.98,8.0,5.019,2087
CUP1,1289,hv_temp_delta,0,0,,,,,0,,,,,
CUP1,1290,hv_dod,0,0,,,,,0,,,,,
CUP1,1291,track_duration,0,0,,,,,0,,,,,
CUP1,1292,idle_period_duration,0,0,,,,,0,,,,,
CUP1,1293,cell_voltage_max,0,0,,,,,0,,,,,
CUP1,1294,cell_voltage_min,0,0,,,,,0,,,,,
CUP1,1295,cell_voltage_delta,0,0,,,,,0,,,,,
CUP1,1299,traveled_distance,0,0,,,,,0,,,,,
CUP1,1300,ptc1_power,0,0,,,,,0,,,,,
CUP1,1301,ptc2_power,0,0,,,,,0,,,,,
CUP1,1303,cell_c_rate_peak_freq,0,0,,,,,0,,,,,
CUP1,1302,cell_c_rate_peak_ampl,0,0,,,,,0,,,,,
CUP1,1288,cell_c_rate,0,0,,,,,0,,,,,
CUP1,900,hv_soc,126742,10,2022-11-15 09:37:09.118,2087-03-07 15:46:37.499,2022-11-15 09:37:09.118,2023-04-24 15:09:59.745,30100,3.6,97.2,59.6,5.01,2087
CUP2,15,ambient_air_temp,25437,0,2022-11-21 08:43:23.023,2023-04-21 16:01:34.978,2022-11-21 08:43:23.023,2023-04-21 16:01:34.978,437,-5.0,22.0,6.5,10.008,
CUP2,4,vehicle_speed,756739,0,2022-11-21 08:43:12.582,2023-04-21 16:01:39.117,2022-11-21 08:43:12.582,2023-04-21 16:01:39.117,20307,0.0,361.47,29.48,0.22,
CUP2,1200,hv_battery_voltage,2386969,0,2022-11-21 08:43:12.514,2023-04-21 16:01:39.017,2022-11-21 08:43:12.514,2023-04-21 16:01:39.017,41734,0.0,3701.8,413.0,0.113,
CUP2,1205,ptc1_current,0,0,,,,,0,,,,,
CUP2,1206,ptc2_current,0,0,,,,,0,,,,,
CUP2,1207,ptc_voltage,0,0,,,,,0,,,,,
CUP2,1208,hv_temp_min,1184,0,2022-11-21 08:43:13.446,2023-04-21 15:58:15.177,2022-11-21 08:43:13.446,2023-04-21 15:58:15.177,20,0.0,23.59,11.59,170.339,
CUP2,1209,hv_temp_max,2161,0,2022-11-21 12:29:17.479,2023-04-21 15:49:35.105,2022-11-21 12:29:17.479,2023-04-21 15:49:35.105,7,3.49,23.29,12.39,10.014,
CUP2,43,interior_temp,0,0,,,,,0,,,,,
CUP2,56,hv_aux_power,251621,0,2022-11-21 08:43:12.641,2023-04-21 16:01:38.516,2022-11-21 08:43:12.641,2023-04-21 16:01:38.516,4357,0.0,25400.0,900.0,1.02,
CUP2,961,temp_rear_motor_stator,51644,0,2022-11-21 08:43:12.570,2023-05-04 21:36:48.243,2022-11-21 08:43:12.570,2023-05-04 21:36:48.243,909,-4.47,52.54,22.79,5.014,
CUP2,1265,rear_motor_rotor_temp,51477,0,2022-11-21 08:43:12.530,2023-05-04 21:36:48.278,2022-11-21 08:43:12.530,2023-05-04 21:36:48.278,894,-4.47,94.23,25.39,5.014,
CUP2,1269,coolant_temp_inverter_inlet,51490,0,2022-11-21 08:43:12.540,2023-04-21 16:01:38.404,2022-11-21 08:43:12.540,2023-04-21 16:01:38.404,886,-24.22,30.96,17.47,5.014,
CUP2,1272,hv_battery_temp_inlet,55796,0,2022-11-21 08:43:12.755,2023-04-21 16:01:24.174,2022-11-21 08:43:12.755,2023-04-21 16:01:24.174,619,0.0,1023.84,8.0,5.019,
CUP2,1273,hv_battery_temp_outlet,55882,0,2022-11-21 08:43:12.756,2023-04-21 16:01:34.198,2022-11-21 08:43:12.756,2023-04-21 16:01:34.198,642,0.0,1023.98,8.0,5.019,
CUP2,1289,hv_temp_delta,0,0,,,,,0,,,,,
CUP2,1290,hv_dod,0,0,,,,,0,,,,,
CUP2,1291,track_duration,0,0,,,,,0,,,,,
CUP2,1292,idle_period_duration,0,0,,,,,0,,,,,
CUP2,1293,cell_voltage_max,0,0,,,,,0,,,,,
CUP2,1294,cell_voltage_min,0,0,,,,,0,,,,,
CUP2,1295,cell_voltage_delta,0,0,,,,,0,,,,,
CUP2,1299,traveled_distance,0,0,,,,,0,,,,,
CUP2,1300,ptc1_power,0,0,,,,,0,,,,,
CUP2,1301,ptc2_power,0,0,,,,,0,,,,,
CUP2,1303,cell_c_rate_peak_freq,0,0,,,,,0,,,,,
CUP2,1302,cell_c_rate_peak_ampl,0,0,,,,,0,,,,,
CUP2,1288,cell_c_rate,0,0,,,,,0,,,,,
CUP2,900,hv_soc,53088,0,2022-11-21 08:43:12.706,2023-04-21 16:01:34.233,2022-11-21 08:43:12.706,2023-04-21 16:01:34.233,921,5.2,96.4,64.4,5.01,
CUP3,15,ambient_air_temp,6434,0,2022-11-17 09:35:22.701,2023-04-06 15:29:04.577,2022-11-17 09:35:22.701,2023-04-06 15:29:04.577,297,0.0,19.5,8.0,10.008,
CUP3,4,vehicle_speed,217344,0,2022-11-17 09:35:16.957,2023-04-23 12:23:51.029,2022-11-17 09:35:16.957,2023-04-23 12:23:51.029,12986,0.0,375.45,33.69,0.22,
CUP3,1200,hv_battery_voltage,619997,0,2022-11-17 09:35:17.004,2023-04-23 12:23:51.025,2022-11-17 09:35:17.004,2023-04-23 12:23:51.025,33806,0.0,455.0,422.0,0.113,
CUP3,1205,ptc1_current,0,0,,,,,0,,,,,
CUP3,1206,ptc2_current,0,0,,,,,0,,,,,
CUP3,1207,ptc_voltage,0,0,,,,,0,,,,,
CUP3,1208,hv_temp_min,404,0,2022-11-17 09:35:22.908,2023-04-06 15:27:34.698,2022-11-17 09:35:22.908,2023-04-06 15:27:34.698,44,0.0,20.19,8.39,10.068,
CUP3,1209,hv_temp_max,326,0,2022-11-21 08:48:32.122,2023-04-06 15:20:04.162,2022-11-21 08:48:32.122,2023-04-06 15:20:04.162,3,5.99,18.39,15.14,10.064,
CUP3,43,interior_temp,0,0,,,,,0,,,,,
CUP3,56,hv_aux_power,64713,0,2022-11-17 09:35:18.063,2023-04-06 15:29:13.492,2022-11-17 09:35:18.063,2023-04-06 15:29:13.492,3429,0.0,25400.0,600.0,1.02,
CUP3,961,temp_rear_motor_stator,13252,0,2022-11-17 09:35:17.718,2023-04-06 15:29:11.319,2022-11-17 09:35:17.718,2023-04-06 15:29:11.319,689,0.0,44.11,22.71,5.014,
CUP3,1265,rear_motor_rotor_temp,13266,0,2022-11-17 09:35:17.730,2023-04-06 15:29:11.165,2022-11-17 09:35:17.730,2023-04-06 15:29:11.165,696,0.0,82.04,25.95,5.014,
CUP3,1269,coolant_temp_inverter_inlet,13256,0,2022-11-17 09:35:17.790,2023-04-06 15:29:11.015,2022-11-17 09:35:17.790,2023-04-06 15:29:11.015,705,0.0,31.4,17.4,5.014,
CUP3,1272,hv_battery_temp_inlet,11980,0,2022-11-17 09:35:17.909,2023-04-06 15:29:10.911,2022-11-17 09:35:17.909,2023-04-06 15:29:10.911,483,0.0,1021.03,8.0,5.018,
CUP3,1273,hv_battery_temp_outlet,12128,0,2022-11-17 09:35:17.848,2023-04-06 15:29:10.912,2022-11-17 09:35:17.848,2023-04-06 15:29:10.912,493,0.0,1023.95,8.0,5.017,
CUP3,1289,hv_temp_delta,0,0,,,,,0,,,,,
CUP3,1290,hv_dod,0,0,,,,,0,,,,,
CUP3,1291,track_duration,0,0,,,,,0,,,,,
CUP3,1292,idle_period_duration,0,0,,,,,0,,,,,
CUP3,1293,cell_voltage_max,0,0,,,,,0,,,,,
CUP3,1294,cell_voltage_min,0,0,,,,,0,,,,,
CUP3,1295,cell_voltage_delta,0,0,,,,,0,,,,,
CUP3,1299,traveled_distance,0,0,,,,,0,,,,,
CUP3,1300,ptc1_power,0,0,,,,,0,,,,,
CUP3,1301,ptc2_power,0,0,,,,,0,,,,,
CUP3,1303,cell_c_rate_peak_freq,0,0,,,,,0,,,,,
CUP3,1302,cell_c_rate_peak_ampl,0,0,,,,,0,,,,,
CUP3,1288,cell_c_rate,0,0,,,,,0,,,,,
CUP3,900,hv_soc,13764,0,2022-11-17 09:35:17.853,2023-04-23 12:23:48.036,2022-11-17 09:35:17.853,2023-04-23 12:23:48.036,775,5.2,98.4,73.2,5.01,
CUP4,15,ambient_air_temp,32869,0,2022-11-15 09:42:34.610,2023-04-06 17:57:29.948,2022-11-15 09:42:34.610,2023-04-06 17:57:29.948,3302,-6.5,20.5,6.5,10.008,
CUP4,4,vehicle_speed,1079914,0,2022-11-15 09:42:31.978,2023-04-14 14:23:20.269,2022-11-15 09:42:31.978,2023-04-14 14:23:20.269,67973,0.0,425.98,27.73,0.22,
CUP4,1200,hv_battery_voltage,3085181,0,2022-11-15 09:42:32.037,2023-04-14 14:23:20.259,2022-11-15 09:42:32.037,2023-04-14 14:23:20.259,312694,0.0,3706.3,413.3,0.113,
CUP4,1205,ptc1_current,0,0,,,,,0,,,,,
CUP4,1206,ptc2_current,0,0,,,,,0,,,,,
CUP4,1207,ptc_voltage,0,0,,,,,0,,,,,
CUP4,1208,hv_temp_min,1957,0,2022-11-15 09:42:35.001,2023-04-06 17:54:00.108,2022-11-15 09:42:35.001,2023-04-06 17:54:00.108,112,0.0,27.59,10.59,80.31700000000001,
CUP4,1209,hv_temp_max,1231,0,2022-11-23 17:10:49.814,2023-04-06 17:50:16.555,2022-11-23 17:10:49.814,2023-04-06 17:50:16.555,100,5.19,27.59,12.19,171.0165,
CUP4,43,interior_temp,0,0,,,,,0,,,,,
CUP4,56,hv_aux_power,324957,0,2022-11-15 09:42:31.880,2023-04-06 17:57:31.974,2022-11-15 09:42:31.880,2023-04-06 17:57:31.974,32890,0.0,25400.0,1000.0,1.02,
CUP4,961,temp_rear_motor_stator,66362,0,2022-11-15 09:42:31.896,2023-04-06 17:57:31.012,2022-11-15 09:42:31.896,2023-04-06 17:57:31.012,6693,-1.55,45.6,20.89,5.014,
CUP4,1265,rear_motor_rotor_temp,66406,0,2022-11-15 09:42:31.915,2023-04-06 17:57:30.977,2022-11-15 09:42:31.915,2023-04-06 17:57:30.977,6717,-11.82,85.67,24.85,5.014,
CUP4,1269,coolant_temp_inverter_inlet,66413,0,2022-11-15 09:42:32.043,2023-04-06 17:57:30.897,2022-11-15 09:42:32.043,2023-04-06 17:57:30.897,6738,0.0,31.05,17.69,5.014,
CUP4,1272,hv_battery_temp_inlet,74921,0,2022-11-15 09:42:31.908,2023-04-06 17:57:31.886,2022-11-15 09:42:31.908,2023-04-06 17:57:31.886,7625,0.0,1023.0,8.0,5.019,
CUP4,1273,hv_battery_temp_outlet,74934,0,2022-11-15 09:42:31.907,2023-04-06 17:57:31.885,2022-11-15 09:42:31.907,2023-04-06 17:57:31.885,7587,0.0,1023.0,8.0,5.019,
CUP4,1289,hv_temp_delta,0,0,,,,,0,,,,,
CUP4,1290,hv_dod,0,0,,,,,0,,,,,
CUP4,1291,track_duration,0,0,,,,,0,,,,,
CUP4,1292,idle_period_duration,0,0,,,,,0,,,,,
CUP4,1293,cell_voltage_max,0,0,,,,,0,,,,,
CUP4,1294,cell_voltage_min,0,0,,,,,0,,,,,
CUP4,1295,cell_voltage_delta,0,0,,,,,0,,,,,
CUP4,1299,traveled_distance,0,0,,,,,0,,,,,
CUP4,1300,ptc1_power,0,0,,,,,0,,,,,
CUP4,1301,ptc2_power,0,0,,,,,0,,,,,
CUP4,1303,cell_c_rate_peak_freq,0,0,,,,,0,,,,,
CUP4,1302,cell_c_rate_peak_ampl,0,0,,,,,0,,,,,
CUP4,1288,cell_c_rate,0,0,,,,,0,,,,,
CUP4,900,hv_soc,68326,0,2022-11-15 09:42:32.130,2023-04-14 14:23:16.993,2022-11-15 09:42:32.130,2023-04-14 14:23:16.993,6927,5.2,97.6,65.6,5.01,
CUP5,15,ambient_air_temp,20288,0,2022-11-10 17:06:19.348,2023-04-14 14:09:13.876,2022-11-10 17:06:19.348,2023-04-14 14:09:13.876,2299,-11.0,19.5,5.5,10.008,
CUP5,4,vehicle_speed,841741,0,2022-11-10 17:06:10.188,2023-04-23 16:47:12.319,2022-11-10 17:06:10.188,2023-04-23 16:47:12.319,145227,0.0,327.68,16.97,0.22,
CUP5,1200,hv_battery_voltage,1978897,0,2022-11-10 17:06:10.156,2023-04-23 18:38:08.398,2022-11-10 17:06:10.156,2023-04-23 18:38:08.398,286818,0.0,3693.1,415.0,0.118,
CUP5,1205,ptc1_current,0,0,,,,,0,,,,,
CUP5,1206,ptc2_current,0,0,,,,,0,,,,,
CUP5,1207,ptc_voltage,0,0,,,,,0,,,,,
CUP5,1208,hv_temp_min,1418,0,2022-11-10 17:06:30.432,2023-04-14 14:04:54.230,2022-11-10 17:06:30.432,2023-04-14 14:04:54.230,106,0.0,20.99,10.29,60.719,
CUP5,1209,hv_temp_max,1161,0,2022-11-10 19:09:35.975,2023-04-14 13:13:38.818,2022-11-10 19:09:35.975,2023-04-14 13:13:38.818,98,4.69,21.89,11.59,20.0195,
CUP5,43,interior_temp,0,0,,,,,0,,,,,
CUP5,56,hv_aux_power,200807,0,2022-11-10 17:06:11.048,2023-04-14 14:09:15.289,2022-11-10 17:06:11.048,2023-04-14 14:09:15.289,22590,0.0,25400.0,1500.0,1.02,
CUP5,961,temp_rear_motor_stator,41139,0,2022-11-10 17:06:14.577,2023-04-14 14:09:14.332,2022-11-10 17:06:14.577,2023-04-14 14:09:14.332,4632,-2.48,41.58,20.14,5.014,
CUP5,1265,rear_motor_rotor_temp,41105,0,2022-11-10 17:06:14.676,2023-04-14 14:09:14.622,2022-11-10 17:06:14.676,2023-04-14 14:09:14.622,4603,-2.4,74.38,24.62,5.014,
CUP5,1269,coolant_temp_inverter_inlet,41142,0,2022-11-10 17:06:14.612,2023-04-14 14:09:14.547,2022-11-10 17:06:14.612,2023-04-14 14:09:14.547,4615,-1.53,30.95,16.7,5.014,
CUP5,1272,hv_battery_temp_inlet,46696,0,2022-11-10 17:06:10.605,2023-04-14 14:09:10.849,2022-11-10 17:06:10.605,2023-04-14 14:09:10.849,5242,0.0,1023.0,8.0,5.019,
CUP5,1273,hv_battery_temp_outlet,46442,0,2022-11-10 17:06:10.604,2023-04-14 14:09:10.826,2022-11-10 17:06:10.604,2023-04-14 14:09:10.826,5262,0.0,1023.0,8.0,5.019,
CUP5,1289,hv_temp_delta,0,0,,,,,0,,,,,
CUP5,1290,hv_dod,0,0,,,,,0,,,,,
CUP5,1291,track_duration,0,0,,,,,0,,,,,
CUP5,1292,idle_period_duration,0,0,,,,,0,,,,,
CUP5,1293,cell_voltage_max,0,0,,,,,0,,,,,
CUP5,1294,cell_voltage_min,0,0,,,,,0,,,,,
CUP5,1295,cell_voltage_delta,0,0,,,,,0,,,,,
CUP5,1299,traveled_distance,0,0,,,,,0,,,,,
CUP5,1300,ptc1_power,0,0,,,,,0,,,,,
CUP5,1301,ptc2_power,0,0,,,,,0,,,,,
CUP5,1303,cell_c_rate_peak_freq,0,0,,,,,0,,,,,
CUP5,1302,cell_c_rate_peak_ampl,0,0,,,,,0,,,,,
CUP5,1288,cell_c_rate,0,0,,,,,0,,,,,
CUP5,900,hv_soc,45145,0,2022-11-10 17:06:14.413,2023-04-23 18:38:06.908,2022-11-10 17:06:14.413,2023-04-23 18:38:06.908,7767,4.4,96.8,66.4,5.01,
ID1,15,ambient_air_temp,283059,0,2021-03-03 14:12:50.277,2023-06-13 07:49:58.801,2021-03-03 14:12:50.277,2023-06-13 07:49:58.801,13374,-9.5,39.5,8.5,10.008,
ID1,4,vehicle_speed,4537006,0,2021-02-01 20:20:34.554,2023-06-13 07:50:10.788,2021-02-01 20:20:34.554,2023-06-13 07:50:10.788,359578,0.0,356.85,25.96,0.22,
ID1,1200,hv_battery_voltage,29383790,0,2021-02-01 20:20:34.114,2023-06-13 07:50:10.952,2021-02-01 20:20:34.114,2023-06-13 07:50:10.952,1241110,0.0,8642.5,439.25,0.142,
ID1,1205,ptc1_current,273222,0,2021-02-22 12:54:35.177,2021-07-02 14:05:49.446,2021-02-22 12:54:35.177,2021-07-02 14:05:49.446,0,0.0,63.5,0.0,1.041,
ID1,1206,ptc2_current,0,0,,,,,0,,,,,
ID1,1207,ptc_voltage,267237,0,2021-02-22 12:54:34.877,2021-07-02 14:05:49.447,2021-02-22 12:54:34.877,2021-07-02 14:05:49.447,0,0.0,652.78,407.95,1.043,
ID1,1208,hv_temp_min,25450,0,2021-02-01 20:20:38.068,2023-06-07 10:41:43.171,2021-02-01 20:20:38.068,2023-06-07 10:41:43.171,887,0.0,44.0,19.8,10.026,
ID1,1209,hv_temp_max,21908,0,2021-02-04 11:49:50.898,2023-06-07 10:42:05.058,2021-02-04 11:49:50.898,2023-06-07 10:42:05.058,834,0.0,75.2,17.9,10.065,
ID1,43,interior_temp,45696,0,2021-02-04 11:58:25.751,2021-07-01 11:07:29.353,2021-02-04 11:58:25.751,2021-07-01 11:07:29.353,0,-0.2,61.2,22.4,10.012,
ID1,56,hv_aux_power,2548507,0,2021-03-03 14:12:44.330,2023-06-13 07:50:10.759,2021-03-03 14:12:44.330,2023-06-13 07:50:10.759,131147,0.0,25400.0,100.0,1.02,
ID1,961,temp_rear_motor_stator,436873,0,2021-08-03 15:31:14.617,2023-06-13 07:50:08.953,2021-08-03 15:31:14.617,2023-06-13 07:50:08.953,26802,-6.14,88.04,20.82,5.014,
ID1,1265,rear_motor_rotor_temp,461016,0,2021-06-29 16:52:31.594,2023-06-13 07:50:09.004,2021-06-29 16:52:31.594,2023-06-13 07:50:09.004,26808,-6.04,111.57,25.01,5.014,
ID1,1269,coolant_temp_inverter_inlet,547130,0,2021-06-30 13:02:23.599,2023-06-13 07:50:08.869,2021-06-30 13:02:23.599,2023-06-13 07:50:08.869,26784,-30.68,48.13,21.79,5.013,
ID1,1272,hv_battery_temp_inlet,376303,0,2021-08-03 15:31:15.577,2023-06-13 07:50:09.912,2021-08-03 15:31:15.577,2023-06-13 07:50:09.912,31316,0.0,1023.98,12.0,5.015,
ID1,1273,hv_battery_temp_outlet,372630,0,2021-08-03 15:31:15.578,2023-06-13 07:50:09.934,2021-08-03 15:31:15.578,2023-06-13 07:50:09.934,31348,0.0,1023.98,12.0,5.015,
ID1,1289,hv_temp_delta,0,0,,,,,0,,,,,
ID1,1290,hv_dod,0,0,,,,,0,,,,,
ID1,1291,track_duration,0,0,,,,,0,,,,,
ID1,1292,idle_period_duration,0,0,,,,,0,,,,,
ID1,1293,cell_voltage_max,0,0,,,,,0,,,,,
ID1,1294,cell_voltage_min,0,0,,,,,0,,,,,
ID1,1295,cell_voltage_delta,0,0,,,,,0,,,,,
ID1,1299,traveled_distance,0,0,,,,,0,,,,,
ID1,1300,ptc1_power,0,0,,,,,0,,,,,
ID1,1301,ptc2_power,0,0,,,,,0,,,,,
ID1,1303,cell_c_rate_peak_freq,0,0,,,,,0,,,,,
ID1,1302,cell_c_rate_peak_ampl,0,0,,,,,0,,,,,
ID1,1288,cell_c_rate,0,0,,,,,0,,,,,
ID1,900,hv_soc,821873,0,2021-02-01 20:20:37.584,2023-06-13 07:50:09.462,2021-02-01 20:20:37.584,2023-06-13 07:50:09.462,27285,0.0,101.6,86.4,5.013,
ID2,15,ambient_air_temp,197214,0,2021-07-26 14:16:12.699,2023-10-10 10:55:02.556,2021-07-26 14:16:12.699,2023-10-10 10:55:02.556,546,-9.5,37.5,10.0,10.008,
ID2,4,vehicle_speed,7689927,0,2021-07-26 17:03:41.169,2023-10-10 10:55:11.204,2021-07-26 17:03:41.169,2023-10-10 10:55:11.204,25475,0.0,428.68,9.35,0.22,
ID2,1200,hv_battery_voltage,23318912,0,2021-07-26 14:16:10.139,2023-10-10 10:55:11.233,2021-07-26 14:16:10.139,2023-10-10 10:55:11.233,52266,0.0,8628.25,408.5,0.12,
ID2,1205,ptc1_current,0,0,,,,,0,,,,,
ID2,1206,ptc2_current,0,0,,,,,0,,,,,
ID2,1207,ptc_voltage,0,0,,,,,0,,,,,
ID2,1208,hv_temp_min,23055,0,2021-07-26 14:16:42.749,2023-10-10 10:46:33.570,2021-07-26 14:16:42.749,2023-10-10 10:46:33.570,18,-0.2,43.4,16.2,50.0285,
ID2,1209,hv_temp_max,25815,0,2021-07-26 14:16:42.837,2023-10-10 10:54:43.801,2021-07-26 14:16:42.837,2023-10-10 10:54:43.801,12,0.0,45.0,18.5,30.071,
ID2,43,interior_temp,0,0,,,,,0,,,,,
ID2,56,hv_aux_power,1821868,0,2021-07-26 17:03:41.078,2023-10-10 10:55:11.084,2021-07-26 17:03:41.078,2023-10-10 10:55:11.084,5407,0.0,25400.0,600.0,1.02,
ID2,961,temp_rear_motor_stator,487870,0,2021-07-26 14:16:12.880,2023-10-10 10:55:09.266,2021-07-26 14:16:12.880,2023-10-10 10:55:09.266,1088,-6.42,65.82,23.82,5.014,
ID2,1265,rear_motor_rotor_temp,487691,0,2021-07-26 14:16:12.894,2023-10-10 10:55:10.115,2021-07-26 14:16:12.894,2023-10-10 10:55:10.115,1099,-6.36,108.94,27.58,5.014,
ID2,1269,coolant_temp_inverter_inlet,487632,0,2021-07-26 14:16:13.034,2023-10-10 10:55:04.862,2021-07-26 14:16:13.034,2023-10-10 10:55:04.862,1086,-17.22,51.25,21.55,5.014,
ID2,1272,hv_battery_temp_inlet,470411,0,2021-07-26 14:16:13.004,2023-10-10 10:55:03.369,2021-07-26 14:16:13.004,2023-10-10 10:55:03.369,1301,0.0,1023.98,14.0,5.016,
ID2,1273,hv_battery_temp_outlet,470302,0,2021-07-26 14:16:13.068,2023-10-10 10:55:08.372,2021-07-26 14:16:13.068,2023-10-10 10:55:08.372,1315,0.0,1023.97,14.0,5.016,
ID2,1289,hv_temp_delta,0,0,,,,,0,,,,,
ID2,1290,hv_dod,0,0,,,,,0,,,,,
ID2,1291,track_duration,0,0,,,,,0,,,,,
ID2,1292,idle_period_duration,0,0,,,,,0,,,,,
ID2,1293,cell_voltage_max,0,0,,,,,0,,,,,
ID2,1294,cell_voltage_min,0,0,,,,,0,,,,,
ID2,1295,cell_voltage_delta,0,0,,,,,0,,,,,
ID2,1299,traveled_distance,0,0,,,,,0,,,,,
ID2,1300,ptc1_power,0,0,,,,,0,,,,,
ID2,1301,ptc2_power,0,0,,,,,0,,,,,
ID2,1303,cell_c_rate_peak_freq,0,0,,,,,0,,,,,
ID2,1302,cell_c_rate_peak_ampl,0,0,,,,,0,,,,,
ID2,1288,cell_c_rate,0,0,,,,,0,,,,,
ID2,900,hv_soc,539521,0,2021-07-26 14:16:13.058,2023-10-10 10:55:08.412,2021-07-26 14:16:13.058,2023-10-10 10:55:08.412,1164,6.0,98.0,59.6,5.01,
