brand,vehicle,rows,kwh
GIS,0,5168,
GIS,1,5913,
GIS,2,7255,
GIS,3,6757,
GIS,4,4109,
GIS,5,24936,
GIS,6,25163,
GIS,7,28811,
GIS,8,18458,
GIS,9,4983,
GIS,10,6910,
GIS,11,1785,
GIS,12,8827,
GIS,13,9388,
GIS,14,2464,
GIS,15,4741,
GIS,16,705,
GIS,17,5395,
GIS,18,6078,
GIS,19,19013,
GIS,20,30005,
GIS,21,19319,
GIS,22,17546,
GIS,23,5053,
GIS,24,6753,
GIS,25,8457,
GIS,26,6741,
GIS,27,6104,
GIS,28,2039,
GIS,29,45186,
GIS,30,34235,
GIS,31,14957,
GIS,32,8767,
GIS,33,6520,
GIS,34,6271,
GIS,35,5262,
GIS,36,45357,
GIS,37,28560,
GIS,38,33605,
GIS,39,32534,
GIS,40,11555,
DTI,0,74,
DTI,1,55320,44.94488761646165
DTI,2,53738,43.46068215019801
DTI,3,60448,43.62771709178614
DTI,4,70,
DTI,5,60,
DTI,6,521,
DTI,7,54366,45.757524911685216
DTI,8,59338,45.15109405477558
DTI,9,56580,42.67528075632833
DTI,10,62469,43.84336964471958
DTI,11,52125,42.97680490290843
DTI,12,54008,41.21664809349956
DTI,13,7227,41.726561509991015
DTI,14,37473,43.65495992855268
DTI,15,51298,44.90355601506136
DTI,16,52316,44.90507000086811
DTI,17,62922,45.236050213432335
DTI,18,51875,43.96408580642735
DTI,19,36478,45.02016881824863
DTI,20,58445,45.11350236980404
DTI,21,48397,40.56409755477923
DTI,22,24148,41.95239267602418
DTI,23,17812,38.611589018014456
DTI,24,11431,37.61261000395146
DTI,25,46381,45.17436669869928
DTI,26,36484,44.19009012367344
DTI,27,62501,43.00929168985261
DTI,28,20,
DTI,29,6540,42.28795689936648
DTI,30,48095,42.42095095824906
DTI,31,56873,45.28624188422223
DTI,32,60048,44.72971060876403
DTI,33,59690,44.224370721096456
DTI,34,61228,37.94807609671343
DTI,35,61341,31.877437392515144
DTI,36,62592,45.90056971153873
DTI,37,64399,45.867881839025806
DTI,38,71449,45.89374255296205
DTI,39,73711,46.53769563291191
DTI,40,63768,45.78060022261089
DTI,41,63363,45.87138997874982
DTI,42,40305,44.531441459865206
DTI,43,52869,45.22722377426212
DTI,44,48026,43.80928122076082
DTI,45,56956,41.989839425867295
DTI,46,16752,46.57713826888252
DTI,47,56128,45.4190631679073
DTI,48,66542,45.0940178779524
DTI,49,61842,45.325414601818366
DTI,50,53700,45.410110312880825
DTI,51,60716,45.12829013359118
DTI,52,66890,47.37357801477057
DTI,53,58813,46.69913468732219
DTI,54,56057,41.82944969237612
DTI,55,10210,43.69400441404602
DTI,56,32375,43.93247819789239
DTI,57,52083,43.89229576966835
DTI,58,16,
DTI,59,4,
DTI,60,2112,44.78269583390721
DTI,61,47605,44.2996087509264
DTI,62,30432,43.64490405785944
DTI,63,27803,45.67319959916304
DTI,64,46625,45.47760065131804
DTI,65,27171,42.74794121161234
DTI,66,34142,43.038273118062165
DTI,67,35166,43.50048868045714
DTI,68,33589,45.19217696894765
DTI,69,36172,45.84809407100958
DTI,70,28365,44.54558905286601
DTI,71,37692,45.620715045428085
DTI,72,34093,44.50467358665346
DTI,73,46461,45.91641795371353
DTI,74,39152,46.55885084023658
DTI,75,45145,45.69147427628402
DTI,76,48179,46.3489877423379
DTI,77,12891,40.575292085100514
DTI,78,8983,41.188668312737136
DTI,79,57789,47.12598663700351
QAS,0,43546,29.08797697328265
QAS,1,37203,29.6324044639356
QAS,2,26608,28.29159864600343
QAS,3,28475,30.81021697436432
QAS,4,29874,32.044450027139234
QAS,5,46310,26.023875971615627
QAS,6,40735,26.571185103446425
QAS,7,27273,22.716509487992543
QAS,8,29444,28.67883839080816
QAS,9,27174,31.41872154822106
QAS,10,33059,28.62934769299416
QAS,11,33908,29.53325378232753
QAS,12,34202,30.691266962849205
QAS,13,36656,29.420579198878023
QAS,14,26891,31.94253283671236
QAS,15,28435,29.00384248352504
QAS,16,35973,28.38173562848172
QAS,17,26609,29.37332765722073
QAS,18,34611,31.47899954739385
QAS,19,34181,30.821772387054523
QAS,20,36882,32.150763587081215
QAS,21,36578,28.13376632700582
QAS,22,32774,32.14213048284615
QAS,23,27671,28.86899910063828
QAS,24,33215,26.446544120839988
QAS,25,29393,30.96950895707368
QAS,26,27811,27.938690761345967
QAS,27,35925,28.837866855095648
QAS,28,39894,31.29107267795045
QAS,29,38133,29.36920273731516
QAS,30,26648,29.41056468943399
QAS,31,30549,29.98226640016038
QAS,32,29556,29.38944921470465
QAS,33,43373,29.23956004530394
QAS,34,36707,31.97217386963969
QAS,35,34612,29.68058300717001
QAS,36,29995,29.65708372825536
QAS,37,26705,28.669138732970254
QAS,38,28332,30.1334107290565
QAS,39,26948,29.447189369808022
QAS,40,27200,30.465508484219413
QAS,41,28199,32.3759598038381
QAS,42,39716,29.512316854805288
QAS,43,41306,29.3241008310004
QAS,44,29017,30.43999182282546
QAS,45,29318,29.88526132939966
QAS,46,44517,27.207040342744826
QAS,47,31874,29.360591494631706
QAS,48,28123,32.45998296216351
QAS,49,34126,29.824525897279827
QAS,50,27397,29.76845435629232
QAS,51,29335,29.0643502130522
QAS,52,30399,27.859942118185675
QAS,53,35374,28.655451607322345
QAS,54,28951,29.286973393397314
QAS,55,32554,30.02056685820136
QAS,56,30723,31.001477306631703
QAS,57,34138,30.00946456514085
QAS,58,30422,27.511762036985253
QAS,59,47357,30.50451119782592
QAS,60,39238,30.4087568072702
QAS,61,31699,28.76101674910725
QAS,62,27434,28.075967298349862
QAS,63,29842,28.959101963907884
QAS,64,43827,27.607173027056284
QAS,65,83584,31.09514077578547
QAS,66,32545,28.95170572452068
QAS,67,38841,31.31461538298077
QAS,68,36821,29.547064244323305
QAS,69,29095,31.12170399187321
QAS,70,28410,28.31899735378713
QAS,71,30776,27.526711643662725
QAS,72,30360,28.866143953432207
QAS,73,38927,28.924079253157643
QAS,74,30709,28.9617415088412
QAS,75,31006,32.43593259606344
QAS,76,50142,31.578655116521222
QAS,77,84840,30.881412774290176
QAS,78,30733,29.21042469769248
QAS,79,32578,28.2105919899184
QAS,80,34510,30.729017392156848
QAS,81,48548,30.16418210568981
QAS,82,28927,28.94032389440904
QAS,83,27627,28.335301954711404
QAS,84,29778,30.59351399571734
QAS,85,31785,30.8252508997998
QAS,86,42751,30.102126231614708
QAS,87,26656,31.290678181117368
QAS,88,26814,30.29250320508288
QAS,89,27067,31.02751830134892
QAS,90,30684,28.54521093533348
QAS,91,33124,31.3052357500678
QAS,92,39485,27.1934290044695
QAS,93,33626,29.776954889293265
QAS,94,32392,28.45844938779287
QAS,95,31663,28.32556013617038
QAS,96,33677,27.46377024188051
QAS,97,35125,29.255973644526392
QAS,98,33371,25.36232020052008
QAS,99,35410,29.53658177906309
QAS,100,36090,30.66967009965482
QAS,101,38748,27.63305240790585
QAS,102,41283,28.75795160902303
QAS,103,60752,30.014081900472966
QAS,104,29651,31.98697251574072
QAS,105,32540,28.60568081302709
QAS,106,29404,29.33614017714953
QAS,107,40663,31.95866615558171
QAS,108,27818,29.48009425023045
QAS,109,40704,28.580146000584048
QAS,110,28888,28.96592214145376
QAS,111,36178,28.74286729692985
QAS,112,26906,28.75398488687334
QAS,113,39436,29.24823543652153
QAS,114,31193,29.848389639832792
QAS,115,62372,29.429321205685103
QAS,116,33715,30.10520932166983
QAS,117,33109,28.01025961250144
QAS,118,32612,29.787558595846704
QAS,119,28652,30.22691443978712
QAS,120,29667,30.624215731995903
QAS,121,41238,31.03507625267289
QAS,122,39780,29.670021609491016
QAS,123,62508,26.34078289108044
QAS,124,31254,28.39957893807842
QAS,125,39910,28.928102782121584
QAS,126,37421,29.16352496696624
QAS,127,41955,28.25305570117795
QAS,128,32634,31.545180739393903
QAS,129,28773,30.144743321917808
QAS,130,26851,29.11350184457525
QAS,131,40119,28.921346999751755
QAS,132,35296,32.68998586743841
QAS,133,41592,27.6733188611506
QAS,134,31364,29.0188336613534
QAS,135,27811,30.34557627327832
QAS,136,33411,29.11644820551692
QAS,137,33339,29.040055559395046
QAS,138,33511,29.747528733902165
QAS,139,42635,27.692280353814983
QAS,140,34747,29.92445822706577
QAS,141,36215,31.703553119650948
QAS,142,42674,30.958068997872665
QAS,143,40183,29.529428327548075
QAS,144,31567,28.912704396231376
QAS,145,33451,29.616823923886493
QAS,146,41890,29.075551241240383
QAS,147,31104,29.53683685165232
QAS,148,31560,30.76849884141657
QAS,149,29373,29.47700530861256
QAS,150,29059,30.38025231555616
QAS,151,30174,29.146013231232686
QAS,152,40653,28.77048635857366
QAS,153,37825,31.273214116898124
QAS,154,34311,30.788172569461526
QAS,155,50568,28.58762196028058
QAS,156,30229,28.70549070034573
QAS,157,34164,29.694929859456643
QAS,158,28208,28.94681421279004
QAS,159,50543,28.6705166365026
QAS,160,34985,27.926917798538028
QAS,161,26893,29.431706310001616
QAS,162,44257,31.393552504250657
QAS,163,27514,27.967580547117247
QAS,164,34897,28.559279813762306
QAS,165,92992,31.933344147368608
QAS,166,29741,29.226496252032696
QAS,167,31565,29.978055933871502
QAS,168,31192,28.628062163163285
QAS,169,59864,30.76727763514375
QAS,170,29180,32.12124553105184
QAS,171,27751,29.81912464042708
QAS,172,47058,29.8031212429487
QAS,173,41017,28.372294747908896
QAS,174,30279,28.724793255498177
QAS,175,45486,30.64378017872962
QAS,176,31966,27.138669752997416
QAS,177,34935,28.903501130161057
QAS,178,38044,32.12468379249084
QAS,179,33411,28.782658539319364
QAS,180,33782,28.373466995843287
QAS,181,58734,29.144558592129258
QAS,182,33276,32.4788553010592
QAS,183,28843,29.25276376877101
QAS,184,30304,29.76224352263878
QAS,185,30016,29.23594458269485
QAS,186,35043,27.32349850052492
QAS,187,32597,30.81803527853693
QAS,188,30990,29.016763140198968
QAS,189,32649,30.164079206787363
QAS,190,26757,30.51894599202466
QAS,191,30402,29.2279525037475
QAS,192,37068,31.21911569873281
QAS,193,28539,28.159248083170944
QAS,194,31438,29.806413014538943
QAS,195,27956,28.48149067771967
QAS,196,28386,28.360805175020488
QAS,197,29863,27.01582171752741
QAS,198,29810,27.909374246581265
QAS,199,39407,28.787870828856704
QAS,200,33245,29.42846539954943
QAS,201,98855,31.87834535509616
QAS,202,40023,29.766485759920705
QAS,203,28266,29.91203045705
QAS,204,38689,30.615529939165903
QAS,205,31041,28.489588122204403
QAS,206,29293,28.200963866799142
QAS,207,37624,29.33018652280745
QAS,208,32873,30.367676084511068
QAS,209,31892,29.385294099788005
QAS,210,35881,29.18591607502877
QAS,211,40560,29.439853065881067
QAS,212,27758,29.45593399990528
QAS,213,27229,30.00907546775001
QAS,214,26896,29.86829153812776
QAS,215,55695,30.85837946801101
QAS,216,30064,30.48328228985931
QAS,217,29213,30.819756486732025
QAS,218,63169,28.205584459435777
QAS,219,29590,28.79804419809122
QAS,220,29261,28.86049927720056
QAS,221,44023,29.759100334839346
QAS,222,31916,30.176063538934866
QAS,223,34349,29.40651450114316
QAS,224,32784,29.06129423074825
QAS,225,29008,28.38773181261023
QAS,226,27072,28.374543484446715
QAS,227,28438,29.98563730627378
QAS,228,27169,28.78500192807288
QAS,229,30673,27.912953801171845
QAS,230,40486,31.36690584337376
QAS,231,37746,30.83528839445008
QAS,232,48785,28.90387587266317
QAS,233,42698,28.50441838870868
QAS,234,31377,28.58498155289026
QAS,235,36336,29.444595595072
QAS,236,38721,29.4580473484163
QAS,237,28652,28.839729377444733
QAS,238,30831,29.147768009292143
QAS,239,31637,31.87009424985652
QAS,240,26836,28.39224299141729
QAS,241,31497,31.30345529139044
QAS,242,34795,29.181579949404945
QAS,243,30644,29.336000996357075
QAS,244,33803,30.415940953788173
QAS,245,26996,28.875573280178404
QAS,246,30247,31.521267229744808
QAS,247,37785,30.20274614644264
QAS,248,31772,30.9073145375801
QAS,249,60958,26.448365154197088
QAS,250,30470,29.68778629229851
QAS,251,42299,31.012420960384222
QAS,252,38683,31.307612918094563
QAS,253,32076,31.21507513159476
QAS,254,36828,29.48391641991612
QAS,255,28627,29.538012763440907
QAS,256,31529,31.599241360299704
QAS,257,42401,29.46292319951427
QAS,258,30631,29.86624100235714
QAS,259,34327,29.10175183424772
QAS,260,51860,29.689886264745105
QAS,261,26921,30.74484842381521
QAS,262,38320,28.8277902526834
QAS,263,26987,29.77953650940376
QAS,264,28045,29.70812436731053
QAS,265,28667,30.706396331510007
QAS,266,29760,29.057834145345904
QAS,267,38363,31.69226991744804
QAS,268,32170,28.620796814530543
QAS,269,30434,28.31867986309895
QAS,270,35089,28.6583122543618
QAS,271,27656,29.597247273023815
QAS,272,39083,28.76964493699001
QAS,273,34937,29.822917881964628
QAS,274,34980,32.40020189163667
QAS,275,31029,30.28155475450316
QAS,276,36677,27.651300138419327
QAS,277,27022,29.151316764119443
QAS,278,32765,30.77442854057917
QAS,279,32229,30.16090997023017
QAS,280,33807,31.202070982762397
QAS,281,42466,29.491255740918938
QAS,282,28004,30.44209388538622
QAS,283,42924,29.5864769167874
QAS,284,41711,29.973272143653908
QAS,285,29237,29.78831442487743
QAS,286,26764,28.853174351911232
QAS,287,30092,28.782857777536485
QAS,288,37823,29.8636912482557
QAS,289,37690,27.00892449915985
QAS,290,27387,28.043245072506032
QAS,291,43541,28.78563121695391
QAS,292,32760,29.604077074903127
QAS,293,34484,27.946001753216965
QAS,294,28842,29.49596288426889
QAS,295,28874,28.74956954056342
QAS,296,34545,28.88498782113108
QAS,297,75754,30.35935715185565
QAS,298,37042,28.89966986067574
QAS,299,36513,31.486548416693147
QAS,300,27240,32.080500940735426
QAS,301,37848,27.89356496690021
QAS,302,34079,28.72619062359827
QAS,303,27595,25.527415032555485
QAS,304,29983,29.04923592774724
QAS,305,70348,30.01456139892943
QAS,306,38678,31.41905498030055
QAS,307,27812,30.659513777907215
QAS,308,31991,28.102582709483134
QAS,309,32965,30.429167469878493
QAS,310,28750,28.8126632666447
QAS,311,47356,28.16805103225797
QAS,312,30938,30.184795780104388
QAS,313,29280,29.461449752215287
QAS,314,36102,30.259378698876496
QAS,315,36515,27.70781716130019
QAS,316,33953,29.105374489043754
QAS,317,35878,29.394874527641413
QAS,318,31967,29.50183273265321
QAS,319,30777,30.360812576329025
QAS,320,29622,29.392708481776403
QAS,321,31603,32.29757851523964
QAS,322,27374,29.245751934418998
QAS,323,38027,28.447197971753504
QAS,324,32228,28.168350236298416
QAS,325,32644,30.051888643427837
QAS,326,33215,30.14201592248581
QAS,327,36099,30.04187771299985
QAS,328,38531,28.18716742235424
QAS,329,40403,28.422580752904807
QAS,330,40018,30.723966233405648
QAS,331,55793,30.881963657324285
QAS,332,28302,28.77639166482293
QAS,333,39196,28.28145267977065
QAS,334,106621,30.32707984830418
QAS,335,38519,14.152482744251284
QAS,336,36661,32.498780911512284
QAS,337,15968,14.201481637605884
QAS,338,43259,15.474974945789697
QAS,339,31320,14.919693319460473
QAS,340,116641,14.371827654884244
QAS,341,27484,13.909898812209835
QAS,342,62897,14.572211838270404
QAS,343,28565,30.3585146568638
QAS,344,64361,15.890193913404255
QAS,345,40006,32.49790449223724
QAS,346,31367,29.963288269444444
QAS,347,116330,14.29551380034756
QAS,348,43178,29.75719097109954
QAS,349,56379,15.456839702215555
QAS,350,24122,14.18301918856044
QAS,351,30342,13.544120874031009
QAS,352,60421,14.325587011680453
QAS,353,31483,30.707525724239897
QAS,354,39448,29.80901650049169
QAS,355,33458,28.91392563486889
QAS,356,19622,13.202289596521336
QAS,357,61877,15.231495290047892
QAS,358,66559,15.957522406968504
QAS,359,29246,15.12454025862521
QAS,360,34809,31.607302068569183
QAS,361,27547,30.46453525525275
QAS,362,31041,28.39881756086581
QAS,363,36247,14.755256436347317
QAS,364,27782,30.123899431369622
QAS,365,16556,14.084205076517808
QAS,366,38328,23.799774786289937
QAS,367,13423,13.476736665993547
QAS,368,50979,14.885673893324476
QAS,369,18729,14.432745885342817
QAS,370,20456,15.460824375249675
QAS,371,58300,15.290779403955872
QAS,372,48882,15.153831523413889
QAS,373,7548,13.833687693759956
QAS,374,24991,14.784683845185093
QAS,375,56253,31.2912399570008
QAS,376,20744,15.214394928631416
QAS,377,10980,14.288773607462714
QAS,378,22755,14.980260809150517
QAS,379,20621,14.07348936840962
QAS,380,15391,14.653976739613618
QAS,381,21354,14.216439158896868
QAS,382,19120,15.5258935363835
QAS,383,67561,15.710531751676468
QAS,384,66384,13.19286039847817
QAS,385,104623,14.288226838775795
QAS,386,72191,30.430611900077505
QAS,387,29268,30.7356645610098
QAS,388,64738,14.830303421029951
QAS,389,183585,15.512886123066425
QAS,390,26253,28.91569494515168
QAS,391,16259,15.859959733568786
QAS,392,23309,13.712594399007438
