source,year,column,n_rows,n_nonnull,n_eq_2345,n_eq_2356,n_eq_65535,min,max,n_distinct,top_value,top_share
bms,2017,power_dc_W_bms,19465084,19465084,0,0,0,-608.0,2450.0,4735,0.0,0.605124
bms,2017,current_A_bms,19465084,19465012,0,0,0,-934.0,1998.0,7002,0.0,0.595581
bms,2017,voltage_bat_V_bms,19465084,19461771,0,0,0,510.0,800.0,1220,603.0,0.077637
bms,2017,soc_pct_bms,19465084,19465010,0,0,0,0.0,100.0,372,34.0,0.14046
bms,2017,energy_charge_Wh_bms,19465084,19465084,13,14,17,2314.0,4292018176.0,72298,73494.0,0.131394
bms,2017,energy_discharge_Wh_bms,19465084,19465084,1127,995,8,2029.0,4294311925.0,64650,65624.0,0.129765
bms,2017,flag_imbalance_voltage_bms,19465084,19465084,0,0,0,0.0,1.0,2,0.0,0.999993
bms,2017,flag_alarm_voltage_imbalance_bms,19465084,19465084,0,0,0,0.0,1.0,2,0.0,0.999992
bms,2018,power_dc_W_bms,31120741,31120741,0,0,0,-608.0,2383.0,7389,0.0,0.624332
bms,2018,current_A_bms,31120741,31120693,0,0,0,-932.0,1993.0,10695,0.0,0.592857
bms,2018,voltage_bat_V_bms,31120741,31120686,0,0,0,297.0,778.0,1798,674.0,0.077689
bms,2018,soc_pct_bms,31120741,31120686,0,0,0,0.0,100.0,866,99.0,0.151508
bms,2018,energy_charge_Wh_bms,31120741,31120741,0,0,0,16896.0,4294901761.0,186704,188943.0,0.042145
bms,2018,energy_discharge_Wh_bms,31120741,31120741,0,0,0,65624.0,4279566337.0,159227,164839.0,0.044738
bms,2018,flag_imbalance_voltage_bms,31120741,31120741,0,0,0,0.0,1.0,2,0.0,0.999994
bms,2018,flag_alarm_voltage_imbalance_bms,31120741,31120741,0,0,0,0.0,1.0,2,0.0,0.999993
bms,2019,power_dc_W_bms,30698196,30698196,0,0,0,-606.0,2191.0,5639,0.0,0.660018
bms,2019,current_A_bms,30698196,30698187,0,0,0,-912.0,1965.0,8612,0.0,0.650842
bms,2019,voltage_bat_V_bms,30698196,30698186,0,0,0,513.0,789.0,1598,619.0,0.051795
bms,2019,soc_pct_bms,30698196,30698186,0,0,0,0.0,100.0,449,56.0,0.052304
bms,2019,energy_charge_Wh_bms,30698196,30698196,0,0,0,8192.0,4291493834.0,182352,285420.0,0.041844
bms,2019,energy_discharge_Wh_bms,30698196,30698196,0,0,0,25088.0,4288348163.0,161142,247551.0,0.041691
bms,2019,flag_imbalance_voltage_bms,30698196,30698196,0,0,0,0.0,1.0,2,0.0,0.999997
bms,2019,flag_alarm_voltage_imbalance_bms,30698196,30698196,0,0,0,0.0,1.0,2,0.0,0.999997
bms,2020,power_dc_W_bms,29881725,29881725,0,0,0,-604.0,2405.0,5083,0.0,0.696896
bms,2020,current_A_bms,29881725,29881677,0,0,0,-902.0,2000.0,7629,0.0,0.69539
bms,2020,voltage_bat_V_bms,29881725,29881674,0,0,0,514.0,785.0,1389,605.0,0.039198
bms,2020,soc_pct_bms,29881725,29881674,0,0,0,0.0,100.0,420,50.0,0.052164
bms,2020,energy_charge_Wh_bms,29881725,29881725,0,0,0,23552.0,4287496199.0,126636,527421.0,0.03451
bms,2020,energy_discharge_Wh_bms,29881725,29881725,0,0,0,61696.0,4285267819.0,109585,398780.0,0.052908
bms,2020,flag_imbalance_voltage_bms,29881725,29881725,0,0,0,0.0,1.0,2,0.0,0.999994
bms,2020,flag_alarm_voltage_imbalance_bms,29881725,29881725,0,0,0,0.0,1.0,2,0.0,0.999994
bms,2021,power_dc_W_bms,29310466,29310464,0,0,0,-602.0,2546.0,4067,0.0,0.784722
bms,2021,current_A_bms,29310466,29310044,0,0,0,-857.0,1988.0,6112,0.0,0.782744
bms,2021,voltage_bat_V_bms,29310466,29310029,0,0,0,521.0,774.0,1083,615.0,0.044146
bms,2021,soc_pct_bms,29310466,29310029,0,0,0,0.0,100.0,380,45.0,0.193724
bms,2021,energy_charge_Wh_bms,29310466,29310466,0,0,0,19968.0,4293787657.0,137945,567720.0,0.017012
bms,2021,energy_discharge_Wh_bms,29310466,29310466,0,0,0,68865.0,4290248631.0,116914,569685.0,0.022842
bms,2021,flag_imbalance_voltage_bms,29310466,29310466,0,0,0,0.0,1.0,2,0.0,0.999997
bms,2021,flag_alarm_voltage_imbalance_bms,29310466,29310466,0,0,0,0.0,1.0,2,0.0,0.999997
bms,2022,power_dc_W_bms,31347165,31346865,0,0,0,-432.0,472.0,897,0.0,0.845428
bms,2022,current_A_bms,31347165,31346864,0,0,0,-651.0,867.0,1503,0.0,0.844327
bms,2022,voltage_bat_V_bms,31347165,31346990,0,0,0,0.0,755.0,236,623.0,0.053749
bms,2022,soc_pct_bms,31347165,31346865,0,0,0,0.0,100.0,101,45.0,0.197725
bms,2022,energy_charge_Wh_bms,31347165,31347165,0,0,0,0.0,4294574073.0,113832,746249.0,0.016881
bms,2022,energy_discharge_Wh_bms,31347165,31347165,0,0,0,0.0,4288282633.0,95345,647830.0,0.016944
bms,2022,flag_imbalance_voltage_bms,31347165,31346866,0,0,0,0.0,0.0,1,0.0,1.0
bms,2022,flag_alarm_voltage_imbalance_bms,31347165,31346864,0,0,0,0.0,0.0,1,0.0,1.0
bms,2023,power_dc_W_bms,31532531,31532517,0,0,0,-431.0,476.0,889,0.0,0.917534
bms,2023,current_A_bms,31532531,31532517,0,0,0,-646.0,838.0,1460,0.0,0.916765
bms,2023,voltage_bat_V_bms,31532531,31532517,0,0,0,0.0,734.0,206,623.0,0.071514
bms,2023,soc_pct_bms,31532531,31532517,0,0,0,0.0,100.0,101,69.0,0.068974
bms,2023,energy_charge_Wh_bms,31532531,31532531,0,0,0,0.0,4294901772.0,51784,864982.0,0.024724
bms,2023,energy_discharge_Wh_bms,31532531,31532531,0,0,0,0.0,4288216984.0,41963,743895.0,0.016354
bms,2023,flag_imbalance_voltage_bms,31532531,31532517,0,0,0,0.0,0.0,1,0.0,1.0
bms,2023,flag_alarm_voltage_imbalance_bms,31532531,31532517,0,0,0,0.0,0.0,1,0.0,1.0
bms,2024,power_dc_W_bms,31621510,31621502,0,0,0,-430.0,454.0,883,0.0,0.93318
bms,2024,current_A_bms,31621510,31621502,0,0,0,-615.0,820.0,1431,0.0,0.932719
bms,2024,voltage_bat_V_bms,31621510,31621502,0,0,0,0.0,733.0,197,625.0,0.125512
bms,2024,soc_pct_bms,31621510,31621502,0,0,0,0.0,100.0,101,69.0,0.107629
bms,2024,energy_charge_Wh_bms,31621510,31621510,0,0,0,0.0,2601556752.0,27304,890854.0,0.026803
bms,2024,energy_discharge_Wh_bms,31621510,31621510,0,0,0,0.0,2879040410.0,20370,764151.0,0.0287
bms,2024,flag_imbalance_voltage_bms,31621510,31621502,0,0,0,0.0,0.0,1,0.0,1.0
bms,2024,flag_alarm_voltage_imbalance_bms,31621510,31621502,0,0,0,0.0,0.0,1,0.0,1.0
bms,2025,power_dc_W_bms,14445851,14445848,0,0,0,-370.0,456.0,773,0.0,0.915259
bms,2025,current_A_bms,14445851,14445848,0,0,0,-525.0,813.0,1231,0.0,0.914969
bms,2025,voltage_bat_V_bms,14445851,14445848,0,0,0,0.0,732.0,184,629.0,0.111901
bms,2025,soc_pct_bms,14445851,14445848,0,0,0,0.0,100.0,101,69.0,0.103525
bms,2025,energy_charge_Wh_bms,14445851,14445851,0,0,0,0.0,3519140289.0,14664,899734.0,0.089665
bms,2025,energy_discharge_Wh_bms,14445851,14445851,0,0,0,0.0,3574453517.0,11175,770708.0,0.10495
bms,2025,flag_imbalance_voltage_bms,14445851,14445848,0,0,0,0.0,0.0,1,0.0,1.0
bms,2025,flag_alarm_voltage_imbalance_bms,14445851,14445848,0,0,0,0.0,0.0,1,0.0,1.0
bsc,2017,power_ac_kW_bsc,19874271,16790867,0,0,0,-633.0,632.0,4690,0.0,0.748097
bsc,2017,frequency_Hz_bsc,19874271,19436654,0,0,0,49.56700134277344,50.29199981689453,2099,49.99100112915039,0.011826
bsc,2017,temperature_degC_bsc,19874271,16790867,0,0,0,15.899999618530273,32.900001525878906,696,20.399999618530273,0.037988
bsc,2017,energy_charge_kWh_bsc,19874271,19874271,0,0,0,0.0,4294967295.0,2,4294967295.0,0.844854
bsc,2017,energy_discharge_kWh_bsc,19874271,19874271,0,0,0,0.0,4294902760.0,2,4294902760.0,0.844854
bsc,2017,flag_fcr_active_bsc,19874271,16790867,0,0,0,0.0,1.0,2,0.0,0.597241
bsc,2017,flag_standby_bsc,19874271,16790867,0,0,0,0.0,0.0,1,0.0,1.0
bsc,2017,flag_stop_bsc,19874271,16790867,0,0,0,0.0,1.0,2,1.0,0.596893
bsc,2017,flag_failure_bsc,19874271,16790867,0,0,0,0.0,1.0,2,0.0,0.930075
bsc,2017,flag_const_bsc,19874271,16790867,0,0,0,0.0,0.0,1,0.0,1.0
bsc,2017,flag_qod_bsc,19874271,16790867,0,0,0,0.0,0.0,1,0.0,1.0
bsc,2017,flag_wait_bsc,19874271,16790867,0,0,0,0.0,1.0,2,0.0,0.999648
bsc,2017,power_ac_setpoint_kW_bsc,19874271,18372208,0,0,0,-631.0,630.0,4259,0.0,0.768397
bsc,2017,power_reactive_kvar_bsc,19874271,16790867,0,0,0,-119.0,199.0,975,0.0,0.790816
bsc,2017,power_reactive_setpoint_kvar_bsc,19874271,18372208,0,0,0,-169.0,213.0,892,0.0,0.839184
bsc,2017,power_apparent_kVA_bsc,19874271,16790867,0,0,0,0.0,655.3333129882812,2688,0.0,0.735203
bsc,2017,current_ac_A_bsc,19874271,16790867,0,0,0,0.0,118.0999984741211,4559,0.0,0.636073
bsc,2017,voltage_bat_V_bsc,19874271,16787665,0,0,0,510.3999938964844,800.0,8194,603.2000122070312,0.03351
bsc,2017,voltage_inv_V_bsc,19874271,16781830,0,0,0,0.0,800.0,10416,0.0,0.597562
bsc,2017,current_A_bsc,19874271,16790867,0,0,0,-933.7999877929688,1247.800048828125,20353,0.0,0.604221
bsc,2017,flag_cmd_fullcharge_bsc,19874271,18372208,0,0,0,0.0,1.0,2,0.0,0.98416
bsc,2017,energy_charge_recon_kWh_bsc,19874271,19874271,0,0,0,0.0,62671.66499536102,2136790,62671.66499536102,0.131462
bsc,2017,energy_discharge_recon_kWh_bsc,19874271,19874271,0,0,0,0.0,49559.78948148525,2092880,49559.78948148525,0.131438
bsc,2018,power_ac_kW_bsc,31465462,27261049,0,0,0,-633.0,637.3333129882812,6800,0.0,0.617553
bsc,2018,frequency_Hz_bsc,31465462,31236245,0,0,0,49.26900100708008,50.3489990234375,2410,50.0,0.011632
bsc,2018,temperature_degC_bsc,31465462,27261049,0,0,0,15.600000381469727,38.5,1298,19.100000381469727,0.040307
bsc,2018,energy_charge_kWh_bsc,31465462,31465462,0,0,0,0.0,4294967295.0,2,4294967295.0,0.86638
bsc,2018,energy_discharge_kWh_bsc,31465462,31465462,0,0,0,0.0,4294902760.0,2,4294902760.0,0.86638
bsc,2018,flag_fcr_active_bsc,31465462,27261049,0,0,0,0.0,1.0,2,0.0,0.58245
bsc,2018,flag_standby_bsc,31465462,27261049,0,0,0,0.0,1.0,2,0.0,0.622658
bsc,2018,flag_stop_bsc,31465462,27261049,0,0,0,0.0,1.0,2,0.0,0.794564
bsc,2018,flag_failure_bsc,31465462,27261049,0,0,0,0.0,1.0,2,0.0,0.997297
bsc,2018,flag_const_bsc,31465462,27261049,0,0,0,0.0,0.0,1,0.0,1.0
bsc,2018,flag_qod_bsc,31465462,27261049,0,0,0,0.0,0.0,1,0.0,1.0
bsc,2018,flag_wait_bsc,31465462,27261049,0,0,0,0.0,1.0,2,0.0,0.999656
bsc,2018,power_ac_setpoint_kW_bsc,31465462,29372795,0,0,0,-631.0,630.0,5224,0.0,0.631297
bsc,2018,power_reactive_kvar_bsc,31465462,27261049,0,0,0,-345.0,250.5,3066,0.0,0.32013
bsc,2018,power_reactive_setpoint_kvar_bsc,31465462,29372795,0,0,0,-338.0,250.0,2846,0.0,0.803051
bsc,2018,power_apparent_kVA_bsc,31465462,27261049,0,0,0,0.0,679.0,4342,28.0,0.268225
bsc,2018,current_ac_A_bsc,31465462,27261049,0,0,0,0.0,123.19999694824219,6844,5.099999904632568,0.232191
bsc,2018,voltage_bat_V_bsc,31465462,27261049,0,0,0,297.29998779296875,778.2999877929688,10338,674.2000122070312,0.020154
bsc,2018,voltage_inv_V_bsc,31465462,27261049,0,0,0,0.0,785.2999877929688,13678,0.0,0.205691
bsc,2018,current_A_bsc,31465462,27261049,0,0,0,-932.0,1255.5,30816,0.0,0.583384
bsc,2018,flag_cmd_fullcharge_bsc,31465462,29372795,0,0,0,0.0,1.0,2,0.0,0.973148
bsc,2018,energy_charge_recon_kWh_bsc,31465462,31465462,0,0,0,62671.66499536102,234976.9990175425,6973243,234976.9990175425,0.041494
bsc,2018,energy_discharge_recon_kWh_bsc,31465462,31465462,0,0,0,49559.78948148525,183841.78002215372,3452658,133314.9327741396,0.068514
bsc,2019,power_ac_kW_bsc,30855576,28184014,0,0,0,-633.0,647.0,5656,0.0,0.667255
bsc,2019,frequency_Hz_bsc,30855576,30767192,0,0,0,49.801998138427734,50.17449951171875,2067,50.00899887084961,0.01193
bsc,2019,temperature_degC_bsc,30855576,28184014,0,0,0,14.199999809265137,34.70000076293945,751,19.100000381469727,0.028508
bsc,2019,energy_charge_kWh_bsc,30855576,30855576,0,0,0,0.0,4294967295.0,2,4294967295.0,0.913417
bsc,2019,energy_discharge_kWh_bsc,30855576,30855576,0,0,0,0.0,4294902760.0,2,4294902760.0,0.913417
bsc,2019,flag_fcr_active_bsc,30855576,28184014,0,0,0,0.0,1.0,2,0.0,0.651215
bsc,2019,flag_standby_bsc,30855576,28184014,0,0,0,0.0,1.0,2,1.0,0.597323
bsc,2019,flag_stop_bsc,30855576,28184014,0,0,0,0.0,1.0,2,0.0,0.944778
bsc,2019,flag_failure_bsc,30855576,28184014,0,0,0,0.0,1.0,2,0.0,0.99961
bsc,2019,flag_const_bsc,30855576,28184014,0,0,0,0.0,0.0,1,0.0,1.0
bsc,2019,flag_qod_bsc,30855576,28184014,0,0,0,0.0,0.0,1,0.0,1.0
bsc,2019,flag_wait_bsc,30855576,28184014,0,0,0,0.0,1.0,2,0.0,0.999686
bsc,2019,power_ac_setpoint_kW_bsc,30855576,29189079,0,0,0,-631.0,630.0,4969,0.0,0.673849
bsc,2019,power_reactive_kvar_bsc,30855576,28184014,0,0,0,-311.0,248.0,2114,28.0,0.42286
bsc,2019,power_reactive_setpoint_kvar_bsc,30855576,29189079,0,0,0,-309.0,250.0,1890,0.0,0.829909
bsc,2019,power_apparent_kVA_bsc,30855576,28184014,0,0,0,0.0,691.0,3453,28.0,0.417314
bsc,2019,current_ac_A_bsc,30855576,28184014,0,0,0,0.0,122.30000305175781,5770,5.099999904632568,0.35353
bsc,2019,voltage_bat_V_bsc,30855576,28184014,0,0,0,513.9000244140625,789.2999877929688,9787,619.2999877929688,0.009935
bsc,2019,voltage_inv_V_bsc,30855576,28184014,0,0,0,0.0,796.0999755859375,14187,0.0,0.055349
bsc,2019,current_A_bsc,30855576,28184014,0,0,0,-911.7999877929688,1237.9000244140625,31480,0.0,0.646203
bsc,2019,flag_cmd_fullcharge_bsc,30855576,29189079,0,0,0,0.0,1.0,2,0.0,0.952904
bsc,2019,energy_charge_recon_kWh_bsc,30855576,30855576,0,0,0,234976.9990175425,408404.03281643015,5180280,234976.9990175425,0.043744
bsc,2019,energy_discharge_recon_kWh_bsc,30855576,30855576,0,0,0,183841.78002215372,326510.38733236835,4197818,183841.78002215372,0.043745
bsc,2020,power_ac_kW_bsc,30234506,27101355,0,0,0,-632.0,631.0,4818,0.0,0.706951
bsc,2020,frequency_Hz_bsc,30234506,29859689,0,0,0,49.82400131225586,50.5,1936,50.00899887084961,0.013045
bsc,2020,temperature_degC_bsc,30234506,27101355,0,0,0,16.700000762939453,28.700000762939453,595,18.100000381469727,0.074069
bsc,2020,energy_charge_kWh_bsc,30234506,30234506,0,0,0,0.0,4294967295.0,2,4294967295.0,0.896372
bsc,2020,energy_discharge_kWh_bsc,30234506,30234506,0,0,0,0.0,4294902760.0,2,4294902760.0,0.896372
bsc,2020,flag_fcr_active_bsc,30234506,27101355,0,0,0,0.0,1.0,2,0.0,0.694414
bsc,2020,flag_standby_bsc,30234506,27101355,0,0,0,0.0,1.0,2,1.0,0.563073
bsc,2020,flag_stop_bsc,30234506,27101355,0,0,0,0.0,1.0,2,0.0,0.877429
bsc,2020,flag_failure_bsc,30234506,27101355,0,0,0,0.0,1.0,2,0.0,0.986864
bsc,2020,flag_const_bsc,30234506,27101355,0,0,0,0.0,0.0,1,0.0,1.0
bsc,2020,flag_qod_bsc,30234506,27101355,0,0,0,0.0,0.0,1,0.0,1.0
bsc,2020,flag_wait_bsc,30234506,27101355,0,0,0,0.0,1.0,2,0.0,0.989926
bsc,2020,power_ac_setpoint_kW_bsc,30234506,28529916,0,0,0,-630.0,630.0,4525,0.0,0.710079
bsc,2020,power_reactive_kvar_bsc,30234506,27101355,0,0,0,-307.5,225.5,1869,28.0,0.374332
bsc,2020,power_reactive_setpoint_kvar_bsc,30234506,28529916,0,0,0,-296.0,226.0,1801,0.0,0.804017
bsc,2020,power_apparent_kVA_bsc,30234506,27101355,0,0,0,0.0,669.5,2873,28.0,0.374429
bsc,2020,current_ac_A_bsc,30234506,27101355,0,0,0,0.0,120.0999984741211,4809,5.099999904632568,0.331789
bsc,2020,voltage_bat_V_bsc,30234506,27101355,0,0,0,514.5999755859375,785.4000244140625,8885,605.2000122070312,0.021276
bsc,2020,voltage_inv_V_bsc,30234506,27101355,0,0,0,0.0,791.75,12838,0.0,0.13228
bsc,2020,current_A_bsc,30234506,27101355,0,0,0,-902.2000122070312,1238.800048828125,23862,0.0,0.691713
bsc,2020,flag_cmd_fullcharge_bsc,30234506,28529916,0,0,0,0.0,1.0,2,0.0,0.967242
bsc,2020,energy_charge_recon_kWh_bsc,30234506,30234506,0,0,0,408404.03281643015,524974.4340617768,3454666,423786.140321046,0.023782
bsc,2020,energy_discharge_recon_kWh_bsc,30234506,30234506,0,0,0,326510.38733236835,419058.5624018102,4487359,334871.5383925687,0.036898
bsc,2021,power_ac_kW_bsc,30285828,25783967,0,0,0,-631.0,549.0,4451,0.0,0.797282
bsc,2021,frequency_Hz_bsc,30285828,28216076,0,0,0,49.74150085449219,50.236000061035156,1748,49.99800109863281,0.195216
bsc,2021,temperature_degC_bsc,30285828,25783967,0,0,0,16.799999237060547,31.200000762939453,603,20.600000381469727,0.024203
bsc,2021,energy_charge_kWh_bsc,30285828,30285828,0,0,0,0.0,4294967295.0,2,4294967295.0,0.851354
bsc,2021,energy_discharge_kWh_bsc,30285828,30285828,0,0,0,0.0,4294902760.0,3,4294902760.0,0.851354
bsc,2021,flag_fcr_active_bsc,30285828,25783967,0,0,0,0.0,1.0,2,0.0,0.787154
bsc,2021,flag_standby_bsc,30285828,25783967,0,0,0,0.0,1.0,2,1.0,0.755774
bsc,2021,flag_stop_bsc,30285828,25783967,0,0,0,0.0,1.0,2,0.0,0.968029
bsc,2021,flag_failure_bsc,30285828,25783967,0,0,0,0.0,1.0,2,0.0,0.989923
bsc,2021,flag_const_bsc,30285828,25783967,0,0,0,0.0,0.0,1,0.0,1.0
bsc,2021,flag_qod_bsc,30285828,25783967,0,0,0,0.0,0.0,1,0.0,1.0
bsc,2021,flag_wait_bsc,30285828,25783967,0,0,0,0.0,1.0,2,0.0,0.999509
bsc,2021,power_ac_setpoint_kW_bsc,30285828,27610247,0,0,0,-630.0,555.0,3829,0.0,0.796477
bsc,2021,power_reactive_kvar_bsc,30285828,25783967,0,0,0,-332.0,93.0,1707,29.0,0.563297
bsc,2021,power_reactive_setpoint_kvar_bsc,30285828,27610247,0,0,0,-280.0,95.0,1374,0.0,0.859948
bsc,2021,power_apparent_kVA_bsc,30285828,25783967,0,0,0,0.0,653.0,2708,29.0,0.563483
bsc,2021,current_ac_A_bsc,30285828,25783967,0,0,0,0.0,121.9000015258789,4605,5.199999809265137,0.477016
bsc,2021,voltage_bat_V_bsc,30285828,25783967,0,0,0,521.2000122070312,774.5,8361,614.5,0.012873
bsc,2021,voltage_inv_V_bsc,30285828,25783967,0,0,0,0.0,781.0,11632,0.0,0.032353
bsc,2021,current_A_bsc,30285828,25783967,0,0,0,-857.2000122070312,902.7000122070312,24613,0.0,0.783712
bsc,2021,flag_cmd_fullcharge_bsc,30285828,27610247,0,0,0,0.0,1.0,2,0.0,0.973251
bsc,2021,energy_charge_recon_kWh_bsc,30285828,30285828,0,0,0,524974.4340617768,644623.9933997238,2770538,644579.3826126868,0.01199
bsc,2021,energy_discharge_recon_kWh_bsc,30285828,30285828,0,0,0,419058.5624018102,513968.37905921263,2456339,474897.7578508812,0.01277
bsc,2022,power_ac_kW_bsc,31347165,31346907,0,0,0,-453.0,452.0,906,0.0,0.851042
bsc,2022,frequency_Hz_bsc,31347165,5823660,0,0,0,49.8849983215332,50.1150016784668,229,50.00899887084961,0.020418
bsc,2022,temperature_degC_bsc,31347165,31346894,0,0,0,18.700000762939453,30.799999237060547,122,20.399999618530273,0.04061
bsc,2022,energy_charge_kWh_bsc,31347165,31346891,0,0,0,7382.0,8556.0,1168,7953.0,0.020695
bsc,2022,energy_discharge_kWh_bsc,31347165,31346894,0,0,0,5927.0,6847.0,919,6384.0,0.022144
bsc,2022,flag_fcr_active_bsc,31347165,31346894,0,0,0,0.0,1.0,2,0.0,0.845059
bsc,2022,flag_standby_bsc,31347165,31346894,0,0,0,0.0,1.0,2,1.0,0.833575
bsc,2022,flag_stop_bsc,31347165,31346900,0,0,0,0.0,1.0,2,0.0,0.98886
bsc,2022,flag_failure_bsc,31347165,31346894,0,0,0,0.0,1.0,2,0.0,0.996199
bsc,2022,flag_const_bsc,31347165,31346894,0,0,0,0.0,0.0,1,0.0,1.0
bsc,2022,flag_qod_bsc,31347165,31346894,0,0,0,0.0,0.0,1,0.0,1.0
bsc,2022,flag_wait_bsc,31347165,31346903,0,0,0,0.0,1.0,2,0.0,0.999656
bsc,2022,power_ac_setpoint_kW_bsc,31347165,31346901,0,0,0,-450.0,450.0,901,0.0,0.851368
bsc,2022,power_reactive_kvar_bsc,31347165,31347020,0,0,0,-320.0,271.0,400,29.0,0.637784
bsc,2022,power_reactive_setpoint_kvar_bsc,31347165,31346898,0,0,0,-511.0,244.0,362,0.0,0.913445
bsc,2022,power_apparent_kVA_bsc,31347165,31347019,0,0,0,0.0,527.0,523,29.0,0.638164
bsc,2022,current_ac_A_bsc,31347165,31347165,0,0,0,0.0,96.80000305175781,969,5.199999809265137,0.580832
bsc,2022,voltage_bat_V_bsc,31347165,31347165,0,0,0,521.9000244140625,755.4000244140625,2195,623.7999877929688,0.00896
bsc,2022,voltage_inv_V_bsc,31347165,31347164,0,0,0,0.0,761.7000122070312,2375,0.0,0.011484
bsc,2022,current_A_bsc,31347165,31346901,0,0,0,-651.5999755859375,867.0999755859375,3336,0.0,0.84255
bsc,2022,flag_cmd_fullcharge_bsc,31347165,31346894,0,0,0,0.0,1.0,2,0.0,0.970982
bsc,2022,energy_charge_recon_kWh_bsc,31347165,31347165,0,0,0,644623.9933997238,761500.0192330702,2746618,689021.5678441732,0.014782
bsc,2022,energy_discharge_recon_kWh_bsc,31347165,31347165,0,0,0,513968.37905921263,605856.8946147674,1922750,549364.4612814356,0.014703
bsc,2023,power_ac_kW_bsc,31532531,31532531,0,0,0,-452.0,453.0,906,0.0,0.920599
bsc,2023,frequency_Hz_bsc,31532531,31356368,0,0,0,49.83700180053711,50.31100082397461,321,50.0099983215332,0.018889
bsc,2023,temperature_degC_bsc,31532531,31532531,0,0,0,18.600000381469727,30.799999237060547,123,20.100000381469727,0.044719
bsc,2023,energy_charge_kWh_bsc,31532531,31532531,0,0,0,8556.0,9077.0,522,8967.0,0.033343
bsc,2023,energy_discharge_kWh_bsc,31532531,31532531,0,0,0,6847.0,7241.0,395,7235.0,0.035929
bsc,2023,flag_fcr_active_bsc,31532531,31532531,0,0,0,0.0,1.0,2,0.0,0.917438
bsc,2023,flag_standby_bsc,31532531,31532531,0,0,0,0.0,1.0,2,1.0,0.892303
bsc,2023,flag_stop_bsc,31532531,31532531,0,0,0,0.0,1.0,2,0.0,0.97693
bsc,2023,flag_failure_bsc,31532531,31532531,0,0,0,0.0,1.0,2,0.0,0.997014
bsc,2023,flag_const_bsc,31532531,31532531,0,0,0,0.0,0.0,1,0.0,1.0
bsc,2023,flag_qod_bsc,31532531,31532531,0,0,0,0.0,0.0,1,0.0,1.0
bsc,2023,flag_wait_bsc,31532531,31532531,0,0,0,0.0,1.0,2,0.0,0.997936
bsc,2023,power_ac_setpoint_kW_bsc,31532531,31532531,0,0,0,-450.0,450.0,901,0.0,0.92058
bsc,2023,power_reactive_kvar_bsc,31532531,31532531,0,0,0,-328.0,252.0,415,29.0,0.625354
bsc,2023,power_reactive_setpoint_kvar_bsc,31532531,31532531,0,0,0,-573.0,250.0,443,0.0,0.973123
bsc,2023,power_apparent_kVA_bsc,31532531,31532531,0,0,0,0.0,530.0,531,29.0,0.625797
bsc,2023,current_ac_A_bsc,31532531,31532531,0,0,0,0.0,98.9000015258789,979,5.199999809265137,0.567459
bsc,2023,voltage_bat_V_bsc,31532531,31532531,0,0,0,312.6000061035156,734.7999877929688,1833,623.2000122070312,0.01111
bsc,2023,voltage_inv_V_bsc,31532531,31532531,0,0,0,0.0,741.0,1940,0.0,0.025134
bsc,2023,current_A_bsc,31532531,31532531,0,0,0,-646.5999755859375,838.7999877929688,3223,0.0,0.915529
bsc,2023,flag_cmd_fullcharge_bsc,31532531,31532531,0,0,0,0.0,1.0,2,0.0,0.980119
bsc,2023,energy_charge_recon_kWh_bsc,31532531,31532531,0,0,0,761500.0192330702,813886.0817330711,1436930,811414.1775664045,0.016349
bsc,2023,energy_discharge_recon_kWh_bsc,31532531,31532531,0,0,0,605856.8946147674,645413.9812814371,1066783,643611.641281437,0.016349
bsc,2024,power_ac_kW_bsc,31621510,31621510,0,0,0,-451.0,452.0,904,0.0,0.935144
bsc,2024,frequency_Hz_bsc,31621510,31581701,0,0,0,49.82500076293945,50.143001556396484,319,50.0099983215332,0.018974
bsc,2024,temperature_degC_bsc,31621510,31621510,0,0,0,19.299999237060547,31.0,118,22.899999618530273,0.043867
bsc,2024,energy_charge_kWh_bsc,31621510,31621510,0,0,0,9077.0,9349.0,273,9347.0,0.041818
bsc,2024,energy_discharge_kWh_bsc,31621510,31621510,0,0,0,7241.0,7426.0,186,7330.0,0.054651
bsc,2024,flag_fcr_active_bsc,31621510,31621510,0,0,0,0.0,1.0,2,0.0,0.933136
bsc,2024,flag_standby_bsc,31621510,31621509,0,0,0,0.0,1.0,2,1.0,0.900996
bsc,2024,flag_stop_bsc,31621510,31621510,0,0,0,0.0,1.0,2,0.0,0.969199
bsc,2024,flag_failure_bsc,31621510,31621510,0,0,0,0.0,1.0,2,0.0,0.998738
bsc,2024,flag_const_bsc,31621510,31621510,0,0,0,0.0,0.0,1,0.0,1.0
bsc,2024,flag_qod_bsc,31621510,31621510,0,0,0,0.0,0.0,1,0.0,1.0
bsc,2024,flag_wait_bsc,31621510,31621510,0,0,0,0.0,1.0,2,0.0,0.998666
bsc,2024,power_ac_setpoint_kW_bsc,31621510,31621510,0,0,0,-450.0,450.0,901,0.0,0.935127
bsc,2024,power_reactive_kvar_bsc,31621510,31621510,0,0,0,-318.0,316.0,390,29.0,0.667908
bsc,2024,power_reactive_setpoint_kvar_bsc,31621510,31621510,0,0,0,-301.0,611.0,374,0.0,0.987204
bsc,2024,power_apparent_kVA_bsc,31621510,31621509,0,0,0,0.0,522.0,523,29.0,0.668545
bsc,2024,current_ac_A_bsc,31621510,31621510,0,0,0,0.0,97.5,971,5.199999809265137,0.567388
bsc,2024,voltage_bat_V_bsc,31621510,31621510,0,0,0,538.0,733.0,1780,625.2000122070312,0.019968
bsc,2024,voltage_inv_V_bsc,31621510,31621510,0,0,0,0.0,738.2999877929688,1903,0.0,0.032138
bsc,2024,current_A_bsc,31621510,31621510,0,0,0,-615.5999755859375,820.2999877929688,3147,0.0,0.931864
bsc,2024,flag_cmd_fullcharge_bsc,31621510,31621510,0,0,0,0.0,1.0,2,0.0,0.975503
bsc,2024,energy_charge_recon_kWh_bsc,31621510,31621510,0,0,0,813886.0817330711,841254.5197886291,1317959,827061.7203441821,0.010782
bsc,2024,energy_discharge_recon_kWh_bsc,31621510,31621510,0,0,0,645413.9812814371,664066.3337814297,732884,663405.2665592075,0.024551
bsc,2025,power_ac_kW_bsc,14445851,14445851,0,0,0,-390.0,452.0,827,0.0,0.927699
bsc,2025,frequency_Hz_bsc,14445851,14433790,0,0,0,49.8129997253418,50.150001525878906,333,50.0099983215332,0.01831
bsc,2025,temperature_degC_bsc,14445851,14445851,0,0,0,19.399999618530273,29.799999237060547,105,22.0,0.036817
bsc,2025,energy_charge_kWh_bsc,14445851,14445851,0,0,0,9349.0,9497.0,148,9434.0,0.089906
bsc,2025,energy_discharge_kWh_bsc,14445851,14445851,0,0,0,7426.0,7529.0,104,7484.0,0.108539
bsc,2025,flag_fcr_active_bsc,14445851,14445851,0,0,0,0.0,1.0,2,0.0,0.91523
bsc,2025,flag_standby_bsc,14445851,14445851,0,0,0,0.0,1.0,2,1.0,0.709651
bsc,2025,flag_stop_bsc,14445851,14445851,0,0,0,0.0,1.0,2,0.0,0.795312
bsc,2025,flag_failure_bsc,14445851,14445851,0,0,0,0.0,1.0,2,0.0,0.993214
bsc,2025,flag_const_bsc,14445851,14445851,0,0,0,0.0,0.0,1,0.0,1.0
bsc,2025,flag_qod_bsc,14445851,14445851,0,0,0,0.0,0.0,1,0.0,1.0
bsc,2025,flag_wait_bsc,14445851,14445851,0,0,0,0.0,1.0,2,0.0,0.999112
bsc,2025,power_ac_setpoint_kW_bsc,14445851,14445851,0,0,0,-389.0,450.0,819,0.0,0.927768
bsc,2025,power_reactive_kvar_bsc,14445851,14445851,0,0,0,-312.0,176.0,369,29.0,0.530416
bsc,2025,power_reactive_setpoint_kvar_bsc,14445851,14445851,0,0,0,-275.0,178.0,341,0.0,0.991897
bsc,2025,power_apparent_kVA_bsc,14445851,14445851,0,0,0,0.0,510.0,504,29.0,0.530767
bsc,2025,current_ac_A_bsc,14445851,14445851,0,0,0,0.0,93.69999694824219,915,5.199999809265137,0.491379
bsc,2025,voltage_bat_V_bsc,14445851,14445851,0,0,0,312.0,732.4000244140625,1613,628.9000244140625,0.026975
bsc,2025,voltage_inv_V_bsc,14445851,14445851,0,0,0,0.0,738.2999877929688,1706,0.0,0.205577
bsc,2025,current_A_bsc,14445851,14445851,0,0,0,-525.5999755859375,813.5999755859375,2630,0.0,0.914462
bsc,2025,flag_cmd_fullcharge_bsc,14445851,14445851,0,0,0,0.0,1.0,2,0.0,0.962116
bsc,2025,energy_charge_recon_kWh_bsc,14445851,14445851,0,0,0,841254.5197886291,855891.2667330959,697477,849768.0758997456,0.089664
bsc,2025,energy_discharge_recon_kWh_bsc,14445851,14445851,0,0,0,664066.3337814297,674383.3435036523,346976,669868.1412814298,0.091611
