source,year,rows,step_1s,step_2s,step_3s,step_4s,step_5s,step_6s,step_7_10s,step_gt_10s
bms,2017,19465084,19068850,383015,12064,929,90,14,33,88
bms,2018,31120741,30771507,333237,13068,2231,210,121,202,164
bms,2019,30698196,30532769,150156,9118,4865,382,227,374,304
bms,2020,29881725,29520071,322420,20423,9980,1542,951,1947,4390
bms,2021,29310466,28451765,709979,92057,31574,12977,5557,4356,2200
bms,2022,31347165,31347087,0,0,0,1,11,36,29
bms,2023,31532531,31532512,0,0,0,0,0,7,11
bms,2024,31621510,31621503,0,0,0,0,0,2,4
bms,2025,14445851,14445828,0,0,1,0,4,14,3
bsc,2017,19874271,19867975,3601,2534,72,15,9,24,40
bsc,2018,31465462,31448166,8657,7776,438,145,79,127,73
bsc,2019,30855576,30838799,4005,10552,1350,255,165,271,178
bsc,2020,30234506,30186830,11389,21154,4381,1521,1118,2566,5546
bsc,2021,30285828,30182503,78675,14103,3900,2544,961,1167,1974
bsc,2022,31347165,31347087,0,0,0,1,11,36,29
bsc,2023,31532531,31532512,0,0,0,0,0,7,11
bsc,2024,31621510,31621503,0,0,0,0,0,2,4
bsc,2025,14445851,14445828,0,0,1,0,4,14,3
