pack,archive,csv,bytes,rows,first,last,span_days,median_cadence_s,soc_min,soc_max,available_capacity_median
#1,#1.rar,#1.csv,12238871,854591,2019-07-26 20:02:35,2021-11-15 16:46:40,842,8.0,1.2,100.0,85.04
#2,#2.rar,#2.csv,12088035,841810,2019-07-25 15:14:26,2021-11-15 14:12:56,843,8.0,0.4,100.0,85.48
#3,#3.rar,#3.csv,11451253,802918,2019-07-26 19:08:05,2021-11-15 22:20:40,843,8.0,0.8,100.0,85.43
#4,#4.rar,#4.csv,12084749,844537,2019-07-25 15:58:38,2021-11-15 17:57:51,844,8.0,0.0,100.0,85.56
#5,#5.rar,#5.csv,11888317,832189,2019-07-26 00:22:51,2021-11-15 17:44:04,843,8.0,0.0,100.0,84.88
#6,#6.rar,#6.csv,11663814,815202,2019-07-25 18:35:34,2021-11-15 15:59:52,843,8.0,0.8,100.0,86.29
#7,#7.rar,#7.csv,11606222,808770,2019-07-26 09:00:02,2021-11-15 15:54:48,843,10.0,1.2,100.0,85.97
#8,#8.rar,#8.csv,11507641,798496,2019-07-26 10:26:45,2021-11-15 21:01:06,843,8.0,0.8,100.0,85.78
#9,#9.rar,#9.csv,11232824,792060,2019-07-23 21:27:55,2021-11-15 19:19:13,845,10.0,0.0,100.0,85.48
#10,#10.rar,#10.csv,10508142,728849,2019-07-24 23:00:08,2021-11-15 14:07:37,844,8.0,0.0,100.0,87.61
#11,#11.rar,#11.csv,11539660,809470,2019-07-26 06:21:45,2021-11-15 22:53:06,843,10.0,2.0,100.0,85.66
#12,#12.rar,#12.csv,11883835,825533,2019-07-22 16:35:17,2021-11-16 01:05:42,847,8.0,0.4,100.0,86.18999
#13,#13.rar,#13.csv,11474175,818352,2019-07-26 11:17:42,2021-11-15 17:47:13,843,8.0,0.4,100.0,88.7
#14,#14.rar,#14.csv,11377770,793132,2019-07-26 01:07:17,2021-11-15 18:58:44,843,8.0,0.8,100.0,84.25
#15,#15.rar,#15.csv,10013220,704958,2019-07-25 12:11:45,2021-11-15 21:21:31,844,8.0,2.8,100.0,86.04
#16,#16.rar,#16.csv,11805417,819567,2019-07-23 08:46:14,2021-11-15 21:24:27,846,8.0,1.6,100.0,85.04
#17,#17.rar,#17.csv,10922855,767868,2019-07-25 21:53:04,2021-11-15 20:03:29,843,8.0,0.0,100.0,85.6
#18,#18.rar,#18.csv,12046848,856192,2019-07-26 02:53:18,2021-11-15 18:01:41,843,10.0,0.4,100.0,84.25
#19,#19.rar,#19.csv,11188518,778745,2019-07-24 13:10:55,2021-11-15 22:26:25,845,10.0,0.0,100.0,85.71
#20,#20.rar,#20.csv,11502515,807489,2019-07-26 11:03:04,2021-11-15 10:20:28,842,8.0,0.0,100.0,84.63
