system,record_start,record_end,duration_days,rows,median_cadence_seconds,cell_voltage_min_V,cell_voltage_max_V,maximum_cell_spread_mV,current_min_A,current_max_A,soc_min_pct,soc_max_pct,temperature_min_degC,temperature_max_degC
1,2016-02-17 15:03:03,2019-12-20 15:37:00,1402.0235763888888,6453508,5.0,1.91,4.083,1142.0000000000002,-247.679321289063,83.9745941162109,0.0,100.0,-4.0,39.0
2,2013-10-30 07:53:05,2016-07-09 06:27:32,982.9405902777778,2528603,5.0,0.0,3.707,1331.0000000000002,-200.854034423828,26.2062339782715,37.1,100.0,-2.0,30.0
3,2013-03-07 11:15:05,2013-08-14 11:16:00,160.00063657407406,937123,5.0,0.11,5.949,4640.0,-1047.54064941406,inf,0.0,100.0,-25.0,40.0
4,2015-02-09 21:22:22,2016-07-22 10:21:15,528.5408912037037,4695793,5.0,1.752,4.934,1629.0,-6696.39208984375,15879.939453125,0.0,100.0,8.0,47.0
5,2013-03-25 05:08:05,2019-02-28 10:36:36,2166.228136574074,9763491,5.0,0.19,3.92,3117.0,-201.519989013672,31.7405834197998,25.1,100.0,-25.0,34.0
6,2018-04-28 18:45:05,2022-01-10 17:06:00,1352.9311921296296,19248213,5.0,2.484,3.957,621.9999999999999,-211.720397949219,153.269088745117,28.4,100.0,2.0,53.0
7,2015-04-18 09:58:58,2016-06-19 13:44:59,428.15695601851854,2142191,5.0,0.259,4.203,3238.0,-201.301849365234,129.373306274414,17.3,100.0,-25.0,34.0
8,2016-11-26 15:14:14,2022-03-03 19:04:00,1923.1595601851852,24153489,5.0,1.979,3.824,757.0000000000001,-392.000610351563,111.234375,4.0,100.0,0.0,84.0
9,2015-04-18 12:06:06,2016-10-03 15:24:24,534.1377083333333,5001702,5.0,0.8,3.804,2271.0,-207.498657226563,124.128662109375,0.0,100.0,-25.0,45.0
10,2015-06-04 08:09:09,2016-07-25 16:14:24,417.33697916666665,4058574,5.0,2.336,4.013,901.0000000000002,-201.653701782227,125.296913146973,0.0,100.0,-25.0,120.0
11,2014-03-09 13:37:37,2016-11-30 16:07:07,997.1038194444444,3353531,5.0,0.265,4.55,4285.0,-200.693313598633,104.438949584961,0.0,100.0,1.0,34.0
12,2015-06-24 02:04:04,2016-05-09 13:45:45,320.4872800925926,1337643,5.0,0.131,3.863,3301.0,-204.450225830078,105.505767822266,0.0,100.0,-25.0,93.0
13,2014-12-07 08:40:05,2016-11-30 15:27:27,724.2828935185186,5030866,5.0,2.643,3.732,276.9999999999997,-201.017883300781,93.9264984130859,41.6,100.0,2.0,28.0
14,2017-08-05 03:58:30,2018-08-16 15:14:00,376.4690972222222,2275804,5.0,0.649,3.694,2693.0,-200.492706298828,85.01416015625,29.5,100.0,0.0,33.0
15,2016-03-18 13:31:31,2019-07-19 04:07:52,1217.6085763888889,5434847,5.0,2.659,3.85,189.99999999999994,-295.601226806641,70.3637771606445,16.1,100.0,0.0,41.0
16,2013-01-25 09:38:54,2014-03-10 09:18:00,408.98548611111113,3112126,5.0,0.0,4.421,3307.0,-352.564208984375,196.998733520508,0.0,100.0,-25.0,39.0
17,2013-11-19 23:18:05,2016-04-27 12:17:00,889.5409143518518,5119679,5.0,0.401,4.257,2196.0,-201.887054443359,66.0850143432617,0.0,100.0,1.0,32.0
18,2013-08-21 14:01:05,2014-06-19 07:23:20,301.7237847222222,3328859,5.0,1.986,4.151,198.99999999999983,-282.271148681641,165.686370849609,0.0,100.0,4.0,51.0
19,2014-12-19 15:02:05,2016-11-30 16:02:02,712.0416319444445,5035011,5.0,2.643,3.823,356.9999999999998,-201.31494140625,95.625,37.3,100.0,5.0,29.0
20,2014-12-07 09:34:05,2016-11-30 16:05:05,724.2715277777778,5014944,5.0,2.649,3.833,399.9999999999999,-200.952972412109,173.140274047852,44.0,100.0,2.0,28.0
21,2014-03-24 03:55:05,2016-05-11 14:21:10,779.4347800925926,6869160,5.0,2.279,3.859,877.0000000000002,-222.369201660156,139.013107299805,15.9,100.0,1.0,50.0
22,2013-04-17 09:14:05,2016-06-13 15:44:00,1153.270775462963,2825107,5.0,0.126,4.458,3139.0000000000005,-200.86767578125,68.9162368774414,42.2,100.0,-25.0,31.0
23,2013-08-07 13:33:05,2014-08-24 01:26:45,381.49560185185186,1497833,5.0,0.132,4.155,3191.9999999999995,-1008.14208984375,52.1544799804688,0.3,100.0,-25.0,34.0
24,2014-03-24 07:53:05,2015-10-01 07:10:10,555.9701967592592,1008804,60.0,0.304,3.648,2475.0,-201.599578857422,26.2855167388916,0.0,100.0,0.0,34.0
25,2013-10-23 04:04:05,2014-07-07 10:09:00,257.25341435185186,444940,60.0,2.696,6.566,2925.9999999999995,-198.179946899414,193.184112548828,98.5,100.0,3.0,29.0
26,2015-08-22 06:30:30,2016-02-15 16:50:50,177.43078703703705,523961,61.0,0.997,3.478,1136.0000000000002,-305.221160888672,11.9475593566895,16.2,100.0,-1.0,33.0
27,2013-04-14 02:44:05,2015-03-17 15:28:33,702.5308796296297,1315190,10.0,0.267,3.672,3067.0,-201.750885009766,122.719512939453,69.0,100.0,4.0,54.0
28,2014-08-21 08:43:04,2015-02-26 11:22:22,189.110625,266067,61.0,2.679,3.626,147.9999999999997,-201.173324584961,31.7312431335449,40.6,100.0,-4.0,32.0
