package,year,year_source
tsukuba,2019,paper: Vink et al. Sci. Data 2019 (10.1038/sdata.2019.20)
cloverleaf,2022,data record: Zenodo 6373656 published 2022-03-21 (no paper)
evbattery,2022,paper: arXiv:2201.12358 (January 2022)
zhang2023,2023,paper: Nat. Commun. 2023 (10.1038/s41467-023-41226-5)
deng,2023,paper: Appl. Energy 2023 (10.1016/j.apenergy.2023.120954)
flashbattery-agv,2023,paper: IEEE CCNC 2023 (10.1109/CCNC51644.2023.10060391)
bilfinger2024,2024,paper: eTransportation 2024 (10.1016/j.etran.2024.100356)
schaeffer,2024,paper: Cell Rep. Phys. Sci. 2024 (10.1016/j.xcrp.2024.102258)
rwth-home,2024,paper: Nat. Energy 2024 (10.1038/s41560-024-01620-9)
m5bat-2023-04,2024,report: RWTH Publications 2024 (10.18154/RWTH-2024-04895)
fei_bus,2024,data record: Mendeley Data j9ky68gnd3 version 1 published 2024-12-26 (no paper; version 3 held, 2025-09-03)
cao,2025,paper: Nat. Commun. 2025 (10.1038/s41467-025-56832-8)
changan,2025,paper: Nat. Commun. 2025 (10.1038/s41467-025-56485-7)
ku_leuven_bev,2025,paper: Sci. Data 2025 (10.1038/s41597-025-06148-5)
rwth-android,2026,data paper (10.18154/RWTH-2025-00754) covers 14.01 to 15.04.2026; the held export is dated 2026-04
tumftm,2025,paper: eTransportation 2025 (10.1016/j.etran.2025.100518)
bilfinger2026,2026,paper: eTransportation 2026 (10.1016/j.etran.2026.100589)
li2026,2026,paper: Cell Rep. Phys. Sci. 2026 (10.1016/j.xcrp.2026.103210)
xie,2026,paper: Cell Rep. Phys. Sci. 2026 (10.1016/j.xcrp.2026.103154)
zhou2026,2026,paper: Nat. Energy 2026 (10.1038/s41560-026-02131-5)
ppl,2026,paper: IEEE Access 2026 (10.1109/ACCESS.2026.3693606)
m5bat-pbacid,2026,paper: Energies 2026 (10.3390/en19174141)
