key,authors,year,title,venue,volume,number_or_pages,doi_or_url,source,notes
bilfinger2024,"Bilfinger, P.; Rosner, P.; Schreiber, M.; Kröger, T.; Abo Gamra, K.; Ank, M.; Wassiliadis, N.; Dietermann, B.; Lienkamp, M.",2024,"Battery pack diagnostics for electric vehicles: Transfer of differential voltage and incremental capacity analysis from cell to vehicle level",eTransportation,22,100356,https://doi.org/10.1016/j.etran.2024.100356,Crossref,"Crossref writes Gamra, K.A.; Abo Gamra used for consistency"
bilfinger2026,"Bilfinger, P.; Rosner, P.; Schreiber, M.; Brehler, T.; Grosu, C.; Schöberl, J.; Abo Gamra, K.; Lienkamp, M.",2026,"Battery pack diagnostics for electric vehicles: Robustness of the state of health measurement and differential voltage analysis at the vehicle level",eTransportation,28,100589,https://doi.org/10.1016/j.etran.2026.100589,Crossref,
cao,"Cao, R.; Zhang, Z.; Shi, R.; Lu, J.; Zheng, Y.; Sun, Y.; Liu, X.; Yang, S.",2025,"Model-constrained deep learning for online fault diagnosis in Li-ion batteries over stochastic conditions",Nature Communications,16,1651,https://doi.org/10.1038/s41467-025-56832-8,Crossref,
changan,"Liu, H.; Li, C.; Hu, X.; Li, J.; Zhang, K.; Xie, Y.; Wu, R.; Song, Z.",2025,"Multi-modal framework for battery state of health evaluation using open-source electric vehicle data",Nature Communications,16,1137,https://doi.org/10.1038/s41467-025-56485-7,publisher page,
deng,"Deng, Z.; Xu, L.; Liu, H.; Hu, X.; Duan, Z.; Xu, Y.",2023,"Prognostics of battery capacity based on charging data and data-driven methods for on-road vehicles",Applied Energy,339,120954,https://doi.org/10.1016/j.apenergy.2023.120954,Crossref,
evbattery,"He, H.; Zhang, J.; Wang, Y.; Jiang, B.; Huang, S.; Wang, C.; Zhang, Y.; Xiong, G.; Han, X.; Guo, D.; He, G.; Ouyang, M.",2022,"EVBattery: A Large-Scale Electric Vehicle Dataset for Battery Health and Capacity Estimation",arXiv preprint,,arXiv:2201.12358,https://arxiv.org/abs/2201.12358,DataCite,"v1 2022-01-28; later versions 2023"
flashbattery-agv,"Zarfati, E.; Bedogni, L.",2023,"Automated Battery Power Fade Estimation for Fast Charge and Discharge Operations",2023 IEEE 20th Consumer Communications & Networking Conference (CCNC),,1-6,https://doi.org/10.1109/CCNC51644.2023.10060391,Crossref,
ku_leuven_bev,"Yasko, M.; Issaka, A.M.; Tian, F.; Kazmi, H.; Driesen, J.; Martinez, W.",2025,"Unveiling Energy Dynamics of Battery Electric Vehicle Using High-Resolution Data",Scientific Data,12,1878,https://doi.org/10.1038/s41597-025-06148-5,Crossref,
li2026,"Li, J.; Shang, Y.; Gu, X.; Geng, H.; Liu, K.; Li, X.; Bi, F.; Zhang, C.",2026,"Large language model-based fault diagnosis for lithium-ion batteries in cloud-edge systems",Cell Reports Physical Science,7(4),103210,https://doi.org/10.1016/j.xcrp.2026.103210,Crossref,
m5bat-pbacid,"Zurmühlen, S.; Koltermann, L.; Sauer, D.U.",2026,"Operational Degradation of Flooded Lead-Acid Storage Under Frequency Containment Reserve: Long-Term Evidence from a Hybrid Multi-Technology BESS",Energies,19(17),4141,https://doi.org/10.3390/en19174141,Crossref,
ppl,"Kyeremeh, K.A.; Lavin, S.E.; Fischer, G.M.; Ionel, D.M.; Patrick, A.",2026,"Utility-Scale Battery Energy Storage Systems: Field Pilot Unit Experience, Analysis, and Review of Technological Advancements",IEEE Access,14,74274-74288,https://doi.org/10.1109/ACCESS.2026.3693606,Crossref,"original title has a dash where the colon is"
rwth-android,"Laufen, H.L.; Falkenstein, T.K.; Hempen, E.J.; Giesen, J.; Steffens, M.; Vogler, M.; Fries, D.P.; Barbers, E.M.; Berger, F.; Decker, B.; Sonnet, M.; Stahl, G.K.; Sauer, D.U.",2026,"Battery Cell Field Data of Multiple Mobile Android Devices",RWTH Aachen University (dataset),,,https://doi.org/10.18154/RWTH-2025-00754,DataCite,"DataCite year 2026; the repo uses 2025 (DOI year). Check."
rwth-home,"Figgener, J.; van Ouwerkerk, J.; Haberschusz, D.; Bors, J.; Woerner, P.; Mennekes, M.; Hildenbrand, F.; Hecht, C.; Kairies, K.-P.; Wessels, O.; Sauer, D.U.",2024,"Multi-year field measurements of home storage systems and their use in capacity estimation",Nature Energy,9(11),1438-1447,https://doi.org/10.1038/s41560-024-01620-9,publisher page,
schaeffer,"Schaeffer, J.; Lenz, E.; Gulla, D.; Bazant, M.Z.; Braatz, R.D.; Findeisen, R.",2024,"Gaussian process-based online health monitoring and fault analysis of lithium-ion battery systems from field data",Cell Reports Physical Science,5(11),102258,https://doi.org/10.1016/j.xcrp.2024.102258,Crossref,
tsukuba,"Vink, K.; Ankyu, E.; Koyama, M.",2019,"Multiyear microgrid data from a research building in Tsukuba, Japan",Scientific Data,6,190020,https://doi.org/10.1038/sdata.2019.20,publisher page,
tumftm,"Schreiber, M.; König, L.L.; Balke, G.; Abo Gamra, K.; Kayl, J.; Dietermann, B.; Urban, R.; Grosu, C.; Lienkamp, M.",2026,"Lab-to-field gap in battery aging studies: Mismatch of operating conditions between laboratory environments and real-world automotive applications",eTransportation,27,100518,https://doi.org/10.1016/j.etran.2025.100518,Crossref,"issue dated Jan 2026, online Nov 2025; the repo uses 2025. Check."
xie,"Xie, S.; Dong, G.; Chen, H.; Lou, Y.",2026,"Realistic multi-fault diagnostics of millions-scale Li-ion batteries with rapid unsupervised learning",Cell Reports Physical Science,7(3),103154,https://doi.org/10.1016/j.xcrp.2026.103154,Crossref,
zhang2023,"Zhang, J.; Wang, Y.; Jiang, B.; He, H.; Huang, S.; Wang, C.; Zhang, Y.; Han, X.; Guo, D.; He, G.; Ouyang, M.",2023,"Realistic fault detection of li-ion battery via dynamical deep learning",Nature Communications,14,5940,https://doi.org/10.1038/s41467-023-41226-5,Crossref,
zhou2026,"Zhou, L.; Bian, X.; Zhang, Y.; Wang, Z.; Chen, Z.; Mao, Z.; Zou, C.",2026,"Quantifying the impact of cell-to-cell inconsistency on electric vehicle battery degradation and utilization",Nature Energy,,,https://doi.org/10.1038/s41560-026-02131-5,publisher page,"online first 25 Aug 2026; volume not yet assigned"
m5bat-2023-04,"Koltermann, L.; Celi Cortés, M.E.; Zurmühlen, S.; van Ouwerkerk, J.; Sauer, D.U.",2024,"M5BAT Large-Scale Battery Storage System Dataset: Evaluation Operation Report 04/2023",RWTH Aachen University (dataset),,,https://doi.org/10.18154/RWTH-2024-04895,DataCite,
cloverleaf,"Gaukema, K.; Ben-Al-Lal, I.; Voets, T.",2022,"Monitoring data second-life battery at Cloverleaf",Zenodo (dataset),,,https://doi.org/10.5281/zenodo.6373656,Zenodo record and DataCite,"license CC BY 4.0"
fei_bus,"Fei, Z.",2025,"Real EV dataset",Mendeley Data (dataset),,version 3,https://doi.org/10.17632/j9ky68gnd3.3,DataCite,"version 1 Dec 2024; license CC BY 4.0"
catalog,"Astrolabe Analytics",2026,"Astrolabe Battery Dataset Catalog",website,,,https://catalog.astrolabe-analytics.com/,,
