system,rows,first,last,i_min,i_max,i_below_-1000,i_above_1000,backward_steps,zero_cell_values,cr_nonzero_rows,median_dt_s,share_dt_5s,inf_counts,nan_counts,windows_used,sign_agree_share,corr_imean_dsoc
1,6453508,2016-02-17 15:03:03,2019-12-20 15:37:00,-247.679321289063,83.9745941162109,0,0,0,0,1182676,5,0.6029138885260371,none,none,1223,0.9959116925592805,0.5375834837839641
2,2528603,2013-10-30 07:53:05,2016-07-09 06:27:32,-200.854034423828,26.2062339782715,0,0,0,7,151162,5,0.5232076855115989,none,none,470,1.0,0.9060520898454801
3,937123,2013-03-07 11:15:05,2013-08-14 11:16:00,-1047.54064941406,21854.0703125,17,1,0,0,57127,5,0.7803327635035779,I_Battery:1,none,803,0.9975093399750934,0.9415615854953575
4,4695793,2015-02-09 21:22:22,2016-07-22 10:21:15,-6696.39208984375,15879.939453125,10,2,1,0,45769,5,0.8091657381757965,none,none,1680,0.9958333333333333,0.7592220374892789
5,9763491,2013-03-25 05:08:05,2019-02-28 10:36:36,-201.519989013672,31.7405834197998,0,0,0,0,218663,5,0.6921350869412475,none,none,3804,0.9994742376445847,0.9175164741493592
6,19248213,2018-04-28 18:45:05,2022-01-10 17:06:00,-211.720397949219,153.269088745117,0,0,0,0,422686,5,0.9802760900596897,none,none,42084,0.9845784621233723,0.988519942194649
7,2142191,2015-04-18 09:58:58,2016-06-19 13:44:59,-201.301849365234,129.373306274414,0,0,0,0,367967,5,0.6850386753742665,none,none,1560,0.9935897435897436,0.7056612944719938
8,24153489,2016-11-26 15:14:14,2022-03-03 19:04:00,-392.000610351563,111.234375,0,0,1,0,490395,5,0.9608779071577571,none,none,46850,0.9879188900747065,0.9909040795438059
9,5001702,2015-04-18 12:06:06,2016-10-03 15:24:24,-207.498657226563,124.128662109375,0,0,1,0,57330,5,0.817193390808447,none,none,15392,0.9831730769230769,0.9831169257546284
10,4058574,2015-06-04 08:09:09,2016-07-25 16:14:24,-201.653701782227,125.296913146973,0,0,1,0,207845,5,0.8228783860731346,none,none,6170,0.9962722852512156,0.9695996824472171
11,3353531,2014-03-09 13:37:37,2016-11-30 16:07:07,-200.693313598633,104.438949584961,0,0,0,0,20838,5,0.7179598810805331,none,none,1314,1.0,0.49362562593609177
12,1337643,2015-06-24 02:04:04,2016-05-09 13:45:45,-204.450225830078,105.505767822266,0,0,0,0,242612,5,0.6257384262754907,none,none,2575,0.9809708737864078,0.8928478948532568
13,5030866,2014-12-07 08:40:05,2016-11-30 15:27:27,-201.017883300781,93.9264984130859,0,0,0,0,36605,5,0.7654993723743332,none,none,1796,0.9994432071269488,0.9099281776771029
14,2275804,2017-08-05 03:58:30,2018-08-16 15:14:00,-200.492706298828,85.01416015625,0,0,0,0,29178,5,0.8521603144033117,none,none,1724,1.0,0.9716828524860847
15,5434847,2016-03-18 13:31:31,2019-07-19 04:07:52,-295.601226806641,70.3637771606445,0,0,0,0,61672,5,0.6093433006197416,none,none,1329,0.9984951091045899,0.6975065283235906
16,3112126,2013-01-25 09:38:54,2014-03-10 09:18:00,-352.564208984375,196.998733520508,0,0,0,4,97610,5,0.8768285335582601,none,none,1923,0.999479979199168,0.9357231050865388
17,5119679,2013-11-19 23:18:05,2016-04-27 12:17:00,-201.887054443359,66.0850143432617,0,0,0,0,410836,5,0.8092046023206928,none,none,1553,0.9948486799742434,0.8670392045317513
18,3328859,2013-08-21 14:01:05,2014-06-19 07:23:20,-282.271148681641,165.686370849609,0,0,0,0,192782,5,0.9481951468040992,none,none,15087,0.9576456551998409,0.9722772523179711
19,5035011,2014-12-19 15:02:05,2016-11-30 16:02:02,-201.31494140625,95.625,0,0,0,0,50870,5,0.7697875475917625,none,none,2458,0.9987794955248169,0.8614584171349242
20,5014944,2014-12-07 09:34:05,2016-11-30 16:05:05,-200.952972412109,173.140274047852,0,0,0,0,42152,5,0.7647714041814633,none,none,1709,0.9994148624926857,0.7726578077514366
21,6869160,2014-03-24 03:55:05,2016-05-11 14:21:10,-222.369201660156,139.013107299805,0,0,1,0,1459018,5,0.8199578725721737,none,none,28597,0.9766758750917929,0.9821914125991262
22,2825107,2013-04-17 09:14:05,2016-06-13 15:44:00,-200.86767578125,68.9162368774414,0,0,0,0,58390,5,0.812327395857005,none,none,1093,0.9990850869167429,0.6468066342112843
23,1497833,2013-08-07 13:33:05,2014-08-24 01:26:45,-1008.14208984375,52.1544799804688,9,0,0,0,164100,5,0.8895991005666857,none,none,167,0.9880239520958084,0.47392041337498353
24,1008804,2014-03-24 07:53:05,2015-10-01 07:10:10,-201.599578857422,26.2855167388916,0,0,0,0,7381,60,0.24296121244683055,none,none,46,1.0,0.13303914821176055
25,444940,2013-10-23 04:04:05,2014-07-07 10:09:00,-198.179946899414,193.184112548828,0,0,0,0,2035,60,0.15452904780205826,none,none,3,0.6666666666666666,0.6906448948639778
26,523961,2015-08-22 06:30:30,2016-02-15 16:50:50,-305.221160888672,11.9475593566895,0,0,0,0,1253,5,0.4967802885716467,none,none,86,0.9883720930232558,0.7809369991780366
27,1315190,2013-04-14 02:44:05,2015-03-17 15:28:33,-201.750885009766,122.719512939453,0,0,0,0,38344,7,0.442036847935924,none,none,101,0.9306930693069307,0.8024433119169172
28,266067,2014-08-21 08:43:04,2015-02-26 11:22:22,-201.173324584961,31.7312431335449,0,0,0,0,1162,60,0.03295047093578285,none,none,8,1.0,0.889499231411513
