unit,csv_members,matching,not_matching,first,last,months_missing_inside_range
01,80,80,,2015-07,2022-12,2017-01;2020-10;2020-11;2021-02;2021-03;2021-04;2021-05;2021-06;2021-07;2021-08
02,76,76,,2015-12,2022-12,2020-10;2020-11;2021-02;2021-03;2021-04;2021-05;2021-06;2021-07;2021-08
03,71,71,,2016-05,2022-12,2020-10;2020-11;2021-02;2021-03;2021-04;2021-05;2021-06;2021-07;2021-08
04,69,69,,2016-06,2022-12,2020-10;2020-11;2021-01;2021-02;2021-03;2021-04;2021-05;2021-06;2021-07;2021-08
05,57,57,,2016-08,2022-09,2020-10;2020-11;2020-12;2021-01;2021-02;2021-03;2021-04;2021-05;2021-06;2021-07;2021-08;2021-09;2021-10;2021-11;2021-12;2022-01;2022-02
06,66,66,,2016-09,2022-12,2020-10;2020-11;2021-01;2021-02;2021-03;2021-04;2021-05;2021-06;2021-07;2021-08
07,76,76,,2015-11,2022-12,2020-10;2020-11;2021-01;2021-02;2021-03;2021-04;2021-05;2021-06;2021-07;2021-08
08,72,72,,2015-10,2022-12,2019-11;2019-12;2020-10;2020-11;2021-02;2021-03;2021-04;2021-05;2021-06;2021-07;2021-08;2021-10;2021-11;2022-01;2022-02
09,70,70,,2015-07,2022-12,2015-08;2015-09;2019-07;2019-08;2019-09;2019-10;2019-12;2020-10;2020-11;2021-01;2021-02;2021-03;2021-04;2021-05;2021-06;2021-07;2021-08;2021-11;2022-01;2022-02
10,66,66,,2016-10,2022-12,2020-10;2020-11;2021-02;2021-03;2021-04;2021-05;2021-06;2021-07;2021-08
11,47,47,,2019-02,2022-12,
12,43,43,,2019-03,2022-12,2020-10;2020-11;2021-10
13,42,42,,2019-07,2022-12,
14,60,60,,2015-07,2020-09,2016-04;2016-05;2016-06
15,66,66,,2016-07,2022-12,2017-02;2019-08;2019-09;2020-10;2020-11;2021-02;2021-03;2021-04;2021-05;2021-06;2021-07;2021-08
16,47,47,,2019-02,2022-12,
17,46,46,,2019-03,2022-12,
18,34,34,,2016-08,2019-07,2017-01;2017-02
19,72,72,,2015-07,2022-03,2020-10;2020-11;2021-02;2021-03;2021-04;2021-05;2021-06;2021-07;2021-08
20,57,57,,2016-07,2022-04,2020-04;2020-05;2020-10;2020-11;2021-01;2021-02;2021-03;2021-04;2021-05;2021-06;2021-07;2021-08;2022-02
21,52,52,,2015-10,2020-12,2016-05;2016-11;2016-12;2017-02;2019-01;2019-02;2019-04;2019-05;2019-06;2020-10;2020-11
