unit,manufacturer,model,rows,dtype,tz,first,last,rows_before_2026_01_14,rows_after_2026_04_15,step_median_s,step_p95_s,cell_id_nunique,cell_id_is_unit,nominal_capacity_zero_rows,nominal_capacity_median,current_chg_median,current_chg_share_pos,current_chg_n,current_dis_median,current_dis_share_pos,current_dis_n,current_avg_chg_median,current_avg_chg_share_pos,current_avg_chg_n,current_avg_dis_median,current_avg_dis_share_pos,current_avg_dis_n,abs_current_median,voltage_cell_median,charge_counter_median,temperature_cell_median,intmin_current_avg
03b3c5a4a5d9a7a3d9829afa52b734c1,OnePlus,OPD2415,32038,datetime64[ns],None,2026-01-15 19:28:06.173,2026-03-27 15:55:56.950,0,0,17.508,899.968,1,True,0,12.14,-3.5955000000000004,0.0017561465127947818,3986,0.416,0.9999637142131427,27559,,,0,,,0,0.491,3.919,6.296,21.1,32038.0
0b75470017e5dbf7e220b7188d1a2e87,Xiaomi,M2012K11AG,111010,datetime64[ns],None,2026-02-28 14:42:49.655,2026-03-31 23:59:56.093,0,0,10.997,11.021,1,True,0,4.52,-1.020507,0.0,4407,0.028808,1.0,102533,,,0,,,0,0.028808,3.969,2.515695,20.0,111010.0
1055dbb7913311043669bcabe84d9116,Google,Pixel 8,414698,datetime64[ns],None,2026-02-10 08:34:16.904,2026-03-31 23:59:58.268,0,0,10.028,10.662,1,True,414698,0.0,0.0075,0.762122131844118,82370,-0.249375,3.7014828140152945e-05,270162,0.000937,0.7716401602525191,82370,-0.164062,0.0006514609752666918,270162,0.18625,3.953,2.404,29.7,
1f1363c2d67caf52b72fe5bf0e978546,samsung,SM-A536B,590861,datetime64[ns],None,2026-01-21 12:17:34.847,2026-03-31 23:59:58.048,0,0,10.011,10.98,1,True,0,4.86,0.589,0.9889957631970686,87330,-0.102,0.0,385631,0.613,0.9917783121493187,87330,-0.087,0.0,385631,0.101,4.049,4.295,25.1,
21db317b6cd07be1c7d7f73cb05baba1,Google,Pixel 7,420513,datetime64[ns],None,2026-02-10 21:49:30.504,2026-03-31 23:59:50.995,0,0,10.02,10.646,1,True,0,4.356,1.75125,0.9596695658014037,29779,-0.141875,0.0001815254451319611,380112,1.750937,0.9456664092145471,29779,-0.050312,0.00044460580039567285,380112,0.154062,3.941,2.268,24.7,
291f11d813007e1313f8048a581368b4,samsung,SM-G990B2,324456,datetime64[ns],None,2026-02-19 00:00:04.741,2026-03-31 23:59:51.761,0,0,10.033,11.037,1,True,0,4.37,0.998,0.9669255104975554,38247,-0.171,0.005004377006127808,205620,0.979,0.9921823933903313,38247,-0.097,0.00018480692539636222,205620,0.14,4.041,3.206432,27.3,
335eb00df9414c3eaba55b7db9d277c6,OnePlus,ONEPLUS A6013,1877,datetime64[ns],None,2026-03-04 08:17:55.055,2026-03-04 13:59:58.686,0,0,10.998,11.022,1,True,0,3.7,-0.6545000000000001,0.15625,32,0.06,1.0,1845,,,0,,,0,0.06,4.075,2.116251,23.8,1877.0
389c1b7085e11ef2a4e6a5c9c5806fcf,samsung,SM-F936B,5025,datetime64[ns],None,2026-01-15 12:00:06.836,2026-01-16 01:59:50.894,0,0,10.029,10.035,1,True,0,4.275,1.7865,1.0,506,-0.246,0.0,1,1.778,1.0,506,0.533,1.0,1,0.011,4.32,3.955,26.4,
3d0a4f3588b408cf277a4057e01deab8,Xiaomi,25010PN30G,468,datetime64[ns],None,2026-02-17 11:03:06.270,2026-03-04 06:48:16.788,0,0,10.017,299.9824,1,True,0,5.41,-1.917,0.011627906976744186,86,0.61,1.0,9,,,0,,,0,0.008,4.354,4.719,25.9,468.0
3f40ab45fbdcbe7fad5687d81912b266,Google,Pixel 9,593007,datetime64[ns],None,2026-01-21 11:40:29.594,2026-03-31 23:59:57.596,0,0,10.024,10.872,1,True,593007,0.0,0.007812,0.7537555939316287,53853,-0.244531,0.0,485519,0.000781,0.5487345180398492,53853,-0.069531,0.00013387735598400886,485519,0.221093,3.912,2.3125,25.6,
469f71d3e46f1bcf22b6a228a32ed077,Google,Pixel 5,4762,datetime64[ns],None,2025-10-24 08:52:25.581,2026-01-21 13:59:54.199,1746,0,10.055,11.024,1,True,0,4.0,0.100097,0.9855555555555555,900,-0.066528,0.0003808073115003808,2626,0.098266,0.9766666666666667,900,-0.030212,0.0011424219345011425,2626,0.059204,4.406,4.030543,25.3,
6f05cbd523e2887919d32ae657ec6bbb,Xiaomi,M2012K11AG,70830,datetime64[ns],None,2026-03-15 14:48:43.205,2026-03-27 17:59:54.691,0,0,10.998,11.023,1,True,0,4.52,-0.7888175,0.0,1532,0.021972,1.0,67886,,,0,,,0,0.021972,3.938,2.1882845,20.5,70830.0
6fc95d56eb34ae2510a5307d795d9d7c,HUAWEI,ELS-NX9,43,datetime64[ns],None,2026-01-22 13:40:31.638,2026-01-22 13:47:46.218,0,0,10.013,10.0228,1,True,0,4.2,,,0,,,0,,,0,,,0,0.033,4.388,3.949,28.0,43.0
74aa21e022907091a98048f7a11aa30c,Google,Pixel 8 Pro,217393,datetime64[ns],None,2025-10-24 13:11:57.777,2026-01-15 05:59:53.413,209116,0,10.069,10.843,1,True,0,,1.5248434999999998,0.9876478775226165,11496,-0.128125,1.9512290303855142e-05,204999,1.513437,0.9869519832985386,11496,-0.065937,0.00031707471743764606,204999,0.139375,4.047,3.314,25.7,
74b86b04a9d72e3491508ffb951354d7,samsung,SM-M356B,110,datetime64[ns],None,2026-03-27 06:20:24.895,2026-03-31 23:02:42.283,0,0,3599.768,5403.638599999996,1,True,0,5.88,1.459,1.0,23,-0.45,0.0,81,1.489,1.0,23,-0.211,0.0,81,0.517,3.862,2.4725,20.0,
8107eb2abb5c2a383dce0ea8fb0a21b3,Sony,XQ-ES54,7015,datetime64[ns],None,2026-02-10 09:50:45.372,2026-03-31 23:20:37.315,0,0,10.016,3600.805,1,True,0,5.0,1.0978845,0.9848484848484849,2112,-0.163271,0.0,3885,,,0,,,0,0.227969,4.022,3.23466,27.0,7015.0
94a4e9f4bf4a4fca6634fe867151c0a4,Xiaomi,2406APNFAG,409924,datetime64[ns],None,2026-02-10 12:29:42.770,2026-03-31 23:59:53.803,0,0,10.017,11.07,1,True,0,5.0,-0.515,0.04599447715617375,68443,0.147,0.9999810884719107,264389,9.0,0.9075581140511082,68443,9.0,0.8389002568185514,264389,0.103,4.108,3.1595,26.3,
a2f9d3a5b3fdef0640852ccd525a320f,Google,Pixel 10 Pro,637272,datetime64[ns],None,2026-01-15 12:50:11.216,2026-03-31 23:59:57.693,0,0,10.038,10.844,1,True,637272,0.0,1.503125,0.9181851445298207,40995,-0.204687,0.0,586520,1.511718,0.8570313452860104,40995,-0.061718,0.00011423310373047808,586520,0.210156,3.975,2.72,23.1,
a98b038a684ffe914b31c81e29cb2474,samsung,SM-P610,13211,datetime64[ns],None,2026-01-13 18:58:17.113,2026-01-15 07:59:55.349,1795,0,10.031,10.669,1,True,0,,,,0,-0.08,0.0,13211,,,0,-0.043,0.0,13211,0.08,3.887,4.30848,16.4,
abb7aad623baaba477853423c686a2bb,Google,Pixel 10 Pro,12952,datetime64[ns],None,2026-01-13 19:30:35.716,2026-01-15 07:59:56.538,1596,0,10.071,10.662500000000001,1,True,0,,0.9644525,1.0,712,-0.198437,0.0,9377,0.960156,0.9985955056179775,712,-0.063281,0.00021328783192918843,9377,0.160156,4.321,4.18,23.0,
bcff6a530558f28127cffe93d740da5c,OnePlus,CPH2581,119664,datetime64[ns],None,2026-02-10 09:50:43.828,2026-03-31 19:57:42.667,0,0,10.029,299.304,1,True,0,5.4,-1.683,0.0008859536082474227,12416,0.085,0.9996260284218399,8022,,,0,,,0,0.0,4.419,4.73,19.8,119664.0
c4c6342ae45bc2c21bb0f7afe299c977,samsung,SM-F936B,190355,datetime64[ns],None,2026-01-21 10:02:46.161,2026-02-17 01:59:54.010,0,0,10.994,11.141,1,True,0,4.275,1.685,0.9967741935483871,1860,-0.05,0.05114888091867903,187922,1.702,0.9962365591397849,1860,-0.025,1.0642713466225348e-05,187922,0.05,3.868,2.068465,22.2,
c9b5179725268c9e0498449b9f426e80,OnePlus,OPD2415,408,datetime64[ns],None,2026-01-13 18:54:39.077,2026-01-15 09:57:39.451,98,0,299.998,899.999,1,True,0,12.14,,,0,0.015,1.0,408,,,0,,,0,0.015,4.148,8.343,17.0,408.0
d0fb02f20f8cb3198cd808bab7176c62,Google,Pixel 8 Pro,346346,datetime64[ns],None,2026-01-15 14:38:54.973,2026-02-25 09:59:52.582,0,0,10.039,10.875,1,True,346346,0.0,1.652187,0.9921671018276762,18767,-0.133125,2.4454960077277675e-05,327132,1.6325,0.9940320775829914,18767,-0.068437,0.00038822249122678307,327132,0.144375,4.054,3.326,26.3,
d398d3ad0289eb13c32ceba3c82f884c,samsung,SM-S938B,407588,datetime64[ns],None,2026-02-10 12:14:32.406,2026-03-31 23:59:58.297,0,0,10.012,11.01,1,True,0,4.855,0.632812,0.9927299867315347,72352,-0.109375,0.004660525792357972,291598,0.622656,0.9933657673595754,72352,-0.091406,0.0004458192443020871,291598,0.145312,4.072,3.61495,29.3,
d7bbde7a4951c982f39b37eb3db381db,samsung,SM-G780G,259927,datetime64[ns],None,2026-02-18 10:49:51.020,2026-03-25 03:59:52.668,0,0,10.039,14.528,1,True,0,4.37,1.612,0.9386790349195023,22423,-0.156,0.00991677212109413,164368,1.676,0.9771663024572983,22423,-0.101,0.0016061520490606444,164368,0.108,4.051,3.287674,28.7,
dc8be7197cd6506e4d4d7c74ca5757fe,Google,Pixel 8 Pro,407759,datetime64[ns],None,2026-02-10 08:36:13.322,2026-03-31 23:59:51.237,0,0,10.033,10.789,1,True,407759,0.0,0.8725,0.90791700839339,57307,-0.181562,3.5597745476119845e-05,337100,0.885,0.8632104280454395,57307,-0.0775,0.0003025808365470187,337100,0.20125,3.843,1.936,24.4,
e16e53d6c8efadc51316c2a026f21f83,Google,Pixel 8a,181216,datetime64[ns],None,2026-03-08 14:16:06.198,2026-03-31 23:59:52.595,0,0,10.032,10.265,1,True,181216,0.0,1.009375,0.9950871557466107,21169,-0.1425,6.857487690809595e-06,145826,0.98875,0.9972601445509944,21169,-0.1,0.00036344684761290853,145826,0.155625,3.908,2.22,26.9,
f23cbd336a363b3866b273665996a243,samsung,SM-G970F,540437,datetime64[ns],None,2026-01-21 19:48:27.534,2026-03-31 23:59:51.196,0,0,10.016,10.839,1,True,0,3.0,0.3,0.9941829719725013,13237,-0.084,1.0251951971655403e-05,487712,0.313,0.9947873385208129,13237,-0.012,2.0503903943310806e-06,487712,0.081,3.941,1.872,21.4,
f5e4e5013428567b4f18d365055d5cd2,samsung,SM-S918B,557950,datetime64[ns],None,2026-01-21 10:11:36.023,2026-03-31 23:59:56.539,0,0,10.033,11.028,1,True,0,4.855,0.827,0.9725170981412328,71499,-0.102,0.05496199050411229,385430,0.835,0.983272493321585,71499,-0.069,7.005163064629115e-05,385430,0.101,4.02,3.31716,25.1,
f624c6aa58b45957cf02d0b3a0b345ce,samsung,SM-P610,93158,datetime64[ns],None,2026-01-15 19:33:20.279,2026-01-26 15:59:57.171,0,0,10.02,10.64,1,True,0,7.04,2.298,1.0,533,-0.081,0.0,92321,2.296,1.0,533,-0.045,0.0,92321,0.081,3.846,3.9424,16.0,
f73645dcf4f57c995b1f736895b17aea,Google,Pixel 10,415238,datetime64[ns],None,2026-02-10 20:41:54.855,2026-03-31 23:59:53.862,0,0,10.038,10.639,1,True,415238,0.0,2.409375,0.9897431242625034,22034,-0.236718,7.655482856822057e-06,391876,2.413281,0.984932377235182,22034,-0.076562,0.00019904255427737345,391876,0.242968,3.855,2.225,24.4,
fe369d67a72f50b4f6c5e91cb7d003bc,OnePlus,CPH2581,20423,datetime64[ns],None,2026-02-04 09:08:23.271,2026-03-31 07:58:32.428,0,0,10.024,899.35865,1,True,0,5.4,-1.443,0.002312902692879564,6053,0.071,0.9996213555471413,7923,,,0,,,0,0.075,4.243,4.106,25.5,20423.0
