unit,archive,car,label,snippets
battery_brand1:1,battery_brand1.tar.gz,1,0,2736
battery_brand1:2,battery_brand1.tar.gz,2,0,84
battery_brand1:3,battery_brand1.tar.gz,3,0,4319
battery_brand1:4,battery_brand1.tar.gz,4,0,597
battery_brand1:5,battery_brand1.tar.gz,5,0,1065
battery_brand1:6,battery_brand1.tar.gz,6,0,758
battery_brand1:7,battery_brand1.tar.gz,7,0,2296
battery_brand1:8,battery_brand1.tar.gz,8,0,865
battery_brand1:9,battery_brand1.tar.gz,9,0,3402
battery_brand1:10,battery_brand1.tar.gz,10,0,3398
battery_brand1:11,battery_brand1.tar.gz,11,0,4380
battery_brand1:12,battery_brand1.tar.gz,12,0,1166
battery_brand1:13,battery_brand1.tar.gz,13,0,6
battery_brand1:14,battery_brand1.tar.gz,14,0,1348
battery_brand1:15,battery_brand1.tar.gz,15,0,1554
battery_brand1:16,battery_brand1.tar.gz,16,0,3839
battery_brand1:17,battery_brand1.tar.gz,17,0,877
battery_brand1:18,battery_brand1.tar.gz,18,0,82
battery_brand1:19,battery_brand1.tar.gz,19,0,3343
battery_brand1:20,battery_brand1.tar.gz,20,0,3622
battery_brand1:21,battery_brand1.tar.gz,21,1,58
battery_brand1:22,battery_brand1.tar.gz,22,0,2021
battery_brand1:23,battery_brand1.tar.gz,23,0,573
battery_brand1:24,battery_brand1.tar.gz,24,0,744
battery_brand1:25,battery_brand1.tar.gz,25,0,847
battery_brand1:26,battery_brand1.tar.gz,26,0,857
battery_brand1:27,battery_brand1.tar.gz,27,0,8341
battery_brand1:28,battery_brand1.tar.gz,28,0,2905
battery_brand1:29,battery_brand1.tar.gz,29,0,731
battery_brand1:30,battery_brand1.tar.gz,30,0,4659
battery_brand1:31,battery_brand1.tar.gz,31,0,3865
battery_brand1:32,battery_brand1.tar.gz,32,0,3551
battery_brand1:33,battery_brand1.tar.gz,33,0,28
battery_brand1:34,battery_brand1.tar.gz,34,0,135
battery_brand1:35,battery_brand1.tar.gz,35,0,708
battery_brand1:36,battery_brand1.tar.gz,36,0,330
battery_brand1:37,battery_brand1.tar.gz,37,0,611
battery_brand1:38,battery_brand1.tar.gz,38,0,4150
battery_brand1:39,battery_brand1.tar.gz,39,0,1969
battery_brand1:40,battery_brand1.tar.gz,40,0,7139
battery_brand1:41,battery_brand1.tar.gz,41,0,1414
battery_brand1:42,battery_brand1.tar.gz,42,0,6956
battery_brand1:43,battery_brand1.tar.gz,43,0,2419
battery_brand1:44,battery_brand1.tar.gz,44,0,1506
battery_brand1:45,battery_brand1.tar.gz,45,0,2093
battery_brand1:46,battery_brand1.tar.gz,46,0,71
battery_brand1:47,battery_brand1.tar.gz,47,0,3250
battery_brand1:48,battery_brand1.tar.gz,48,0,3166
battery_brand1:49,battery_brand1.tar.gz,49,1,56
battery_brand1:50,battery_brand1.tar.gz,50,0,7211
battery_brand1:51,battery_brand1.tar.gz,51,0,6516
battery_brand1:52,battery_brand1.tar.gz,52,0,3591
battery_brand1:53,battery_brand1.tar.gz,53,0,4044
battery_brand1:54,battery_brand1.tar.gz,54,0,3774
battery_brand1:55,battery_brand1.tar.gz,55,0,1047
battery_brand1:56,battery_brand1.tar.gz,56,0,583
battery_brand1:57,battery_brand1.tar.gz,57,0,6940
battery_brand1:58,battery_brand1.tar.gz,58,0,3865
battery_brand1:59,battery_brand1.tar.gz,59,0,3973
battery_brand1:60,battery_brand1.tar.gz,60,0,873
battery_brand1:61,battery_brand1.tar.gz,61,0,1909
battery_brand1:62,battery_brand1.tar.gz,62,0,7738
battery_brand1:63,battery_brand1.tar.gz,63,0,11
battery_brand1:64,battery_brand1.tar.gz,64,0,5279
battery_brand1:65,battery_brand1.tar.gz,65,0,4570
battery_brand1:66,battery_brand1.tar.gz,66,0,5143
battery_brand1:67,battery_brand1.tar.gz,67,0,2588
battery_brand1:68,battery_brand1.tar.gz,68,1,1849
battery_brand1:69,battery_brand1.tar.gz,69,0,5456
battery_brand1:70,battery_brand1.tar.gz,70,0,646
battery_brand1:71,battery_brand1.tar.gz,71,0,971
battery_brand1:72,battery_brand1.tar.gz,72,0,4293
battery_brand1:73,battery_brand1.tar.gz,73,0,6483
battery_brand1:74,battery_brand1.tar.gz,74,0,567
battery_brand1:75,battery_brand1.tar.gz,75,0,6895
battery_brand1:76,battery_brand1.tar.gz,76,0,688
battery_brand1:77,battery_brand1.tar.gz,77,0,1128
battery_brand1:78,battery_brand1.tar.gz,78,1,398
battery_brand1:79,battery_brand1.tar.gz,79,0,363
battery_brand1:80,battery_brand1.tar.gz,80,0,4404
battery_brand1:81,battery_brand1.tar.gz,81,0,1229
battery_brand1:82,battery_brand1.tar.gz,82,0,5870
battery_brand1:83,battery_brand1.tar.gz,83,0,3129
battery_brand1:84,battery_brand1.tar.gz,84,0,4364
battery_brand1:85,battery_brand1.tar.gz,85,0,4542
battery_brand1:86,battery_brand1.tar.gz,86,0,4812
battery_brand1:87,battery_brand1.tar.gz,87,0,502
battery_brand1:88,battery_brand1.tar.gz,88,0,3997
battery_brand1:89,battery_brand1.tar.gz,89,0,244
battery_brand1:90,battery_brand1.tar.gz,90,0,6363
battery_brand1:91,battery_brand1.tar.gz,91,1,2248
battery_brand1:92,battery_brand1.tar.gz,92,0,2290
battery_brand1:93,battery_brand1.tar.gz,93,0,1026
battery_brand1:94,battery_brand1.tar.gz,94,0,51
battery_brand1:95,battery_brand1.tar.gz,95,0,4024
battery_brand1:96,battery_brand1.tar.gz,96,0,3943
battery_brand1:97,battery_brand1.tar.gz,97,0,699
battery_brand1:98,battery_brand1.tar.gz,98,1,296
battery_brand1:99,battery_brand1.tar.gz,99,0,3834
battery_brand1:100,battery_brand1.tar.gz,100,0,2045
battery_brand1:101,battery_brand1.tar.gz,101,0,703
battery_brand1:102,battery_brand1.tar.gz,102,0,4838
battery_brand1:103,battery_brand1.tar.gz,103,0,1506
battery_brand1:104,battery_brand1.tar.gz,104,0,781
battery_brand1:105,battery_brand1.tar.gz,105,1,184
battery_brand1:106,battery_brand1.tar.gz,106,0,3040
battery_brand1:107,battery_brand1.tar.gz,107,1,316
battery_brand1:108,battery_brand1.tar.gz,108,1,956
battery_brand1:109,battery_brand1.tar.gz,109,0,2713
battery_brand1:110,battery_brand1.tar.gz,110,0,1077
battery_brand1:111,battery_brand1.tar.gz,111,0,5831
battery_brand1:112,battery_brand1.tar.gz,112,0,5164
battery_brand1:113,battery_brand1.tar.gz,113,0,6039
battery_brand1:114,battery_brand1.tar.gz,114,0,40
battery_brand1:115,battery_brand1.tar.gz,115,0,4921
battery_brand1:116,battery_brand1.tar.gz,116,0,762
battery_brand1:117,battery_brand1.tar.gz,117,0,810
battery_brand1:118,battery_brand1.tar.gz,118,0,631
battery_brand1:119,battery_brand1.tar.gz,119,1,1267
battery_brand1:120,battery_brand1.tar.gz,120,0,3788
battery_brand1:121,battery_brand1.tar.gz,121,0,498
battery_brand1:122,battery_brand1.tar.gz,122,0,1505
battery_brand1:123,battery_brand1.tar.gz,123,0,931
battery_brand1:124,battery_brand1.tar.gz,124,0,854
battery_brand1:125,battery_brand1.tar.gz,125,0,5704
battery_brand1:126,battery_brand1.tar.gz,126,0,799
battery_brand1:127,battery_brand1.tar.gz,127,0,852
battery_brand1:128,battery_brand1.tar.gz,128,0,1415
battery_brand1:129,battery_brand1.tar.gz,129,0,437
battery_brand1:130,battery_brand1.tar.gz,130,1,312
battery_brand1:131,battery_brand1.tar.gz,131,0,4399
battery_brand1:132,battery_brand1.tar.gz,132,0,3385
battery_brand1:133,battery_brand1.tar.gz,133,0,1966
battery_brand1:134,battery_brand1.tar.gz,134,0,3445
battery_brand1:135,battery_brand1.tar.gz,135,0,3767
battery_brand1:136,battery_brand1.tar.gz,136,1,245
battery_brand1:137,battery_brand1.tar.gz,137,0,197
battery_brand1:138,battery_brand1.tar.gz,138,0,4291
battery_brand1:139,battery_brand1.tar.gz,139,0,659
battery_brand1:140,battery_brand1.tar.gz,140,1,1188
battery_brand1:141,battery_brand1.tar.gz,141,0,1015
battery_brand1:142,battery_brand1.tar.gz,142,0,708
battery_brand1:143,battery_brand1.tar.gz,143,0,3214
battery_brand1:144,battery_brand1.tar.gz,144,0,2660
battery_brand1:145,battery_brand1.tar.gz,145,0,880
battery_brand1:146,battery_brand1.tar.gz,146,0,8368
battery_brand1:147,battery_brand1.tar.gz,147,0,84
battery_brand1:148,battery_brand1.tar.gz,148,0,687
battery_brand1:149,battery_brand1.tar.gz,149,0,5249
battery_brand1:150,battery_brand1.tar.gz,150,1,52
battery_brand1:151,battery_brand1.tar.gz,151,0,2063
battery_brand1:152,battery_brand1.tar.gz,152,0,3055
battery_brand1:153,battery_brand1.tar.gz,153,0,1809
battery_brand1:154,battery_brand1.tar.gz,154,0,6153
battery_brand1:155,battery_brand1.tar.gz,155,0,3956
battery_brand1:156,battery_brand1.tar.gz,156,0,5380
battery_brand1:157,battery_brand1.tar.gz,157,1,261
battery_brand1:158,battery_brand1.tar.gz,158,0,2610
battery_brand1:159,battery_brand1.tar.gz,159,0,4272
battery_brand1:160,battery_brand1.tar.gz,160,0,841
battery_brand1:161,battery_brand1.tar.gz,161,0,1977
battery_brand1:162,battery_brand1.tar.gz,162,0,3579
battery_brand1:163,battery_brand1.tar.gz,163,0,6167
battery_brand1:164,battery_brand1.tar.gz,164,0,1153
battery_brand1:165,battery_brand1.tar.gz,165,0,3309
battery_brand1:166,battery_brand1.tar.gz,166,0,727
battery_brand1:167,battery_brand1.tar.gz,167,0,3329
battery_brand1:168,battery_brand1.tar.gz,168,0,1022
battery_brand1:169,battery_brand1.tar.gz,169,1,549
battery_brand1:170,battery_brand1.tar.gz,170,0,5450
battery_brand1:171,battery_brand1.tar.gz,171,1,97
battery_brand1:172,battery_brand1.tar.gz,172,0,2456
battery_brand1:173,battery_brand1.tar.gz,173,0,5535
battery_brand1:174,battery_brand1.tar.gz,174,1,278
battery_brand1:175,battery_brand1.tar.gz,175,0,4028
battery_brand1:176,battery_brand1.tar.gz,176,0,1020
battery_brand1:177,battery_brand1.tar.gz,177,0,740
battery_brand1:178,battery_brand1.tar.gz,178,0,727
battery_brand1:179,battery_brand1.tar.gz,179,0,6858
battery_brand1:180,battery_brand1.tar.gz,180,0,4217
battery_brand1:181,battery_brand1.tar.gz,181,1,418
battery_brand1:182,battery_brand1.tar.gz,182,1,117
battery_brand1:183,battery_brand1.tar.gz,183,1,797
battery_brand1:184,battery_brand1.tar.gz,184,1,155
battery_brand1:185,battery_brand1.tar.gz,185,1,1127
battery_brand1:186,battery_brand1.tar.gz,186,1,748
battery_brand1:187,battery_brand1.tar.gz,187,0,5057
battery_brand1:188,battery_brand1.tar.gz,188,0,2074
battery_brand1:189,battery_brand1.tar.gz,189,0,659
battery_brand1:190,battery_brand1.tar.gz,190,1,534
battery_brand1:191,battery_brand1.tar.gz,191,1,1015
battery_brand1:192,battery_brand1.tar.gz,192,1,681
battery_brand1:193,battery_brand1.tar.gz,193,0,1042
battery_brand1:194,battery_brand1.tar.gz,194,1,270
battery_brand1:195,battery_brand1.tar.gz,195,0,4660
battery_brand1:196,battery_brand1.tar.gz,196,1,34
battery_brand1:197,battery_brand1.tar.gz,197,1,525
battery_brand1:198,battery_brand1.tar.gz,198,0,3881
battery_brand2:201,battery_brand2.tar.gz,201,0,541
battery_brand2:202,battery_brand2.tar.gz,202,0,1553
battery_brand2:203,battery_brand2.tar.gz,203,0,296
battery_brand2:204,battery_brand2.tar.gz,204,1,19423
battery_brand2:205,battery_brand2.tar.gz,205,1,18135
battery_brand2:206,battery_brand2.tar.gz,206,1,5421
battery_brand2:207,battery_brand2.tar.gz,207,0,8976
battery_brand2:208,battery_brand2.tar.gz,208,0,3147
battery_brand2:209,battery_brand2.tar.gz,209,1,4997
battery_brand2:210,battery_brand2.tar.gz,210,1,2810
battery_brand2:211,battery_brand2.tar.gz,211,0,7031
battery_brand2:212,battery_brand2.tar.gz,212,1,12805
battery_brand2:213,battery_brand2.tar.gz,213,0,9286
battery_brand2:214,battery_brand2.tar.gz,214,0,9924
battery_brand2:215,battery_brand2.tar.gz,215,1,2055
battery_brand2:216,battery_brand2.tar.gz,216,0,2336
battery_brand2:217,battery_brand2.tar.gz,217,0,646
battery_brand2:218,battery_brand2.tar.gz,218,0,2719
battery_brand2:219,battery_brand2.tar.gz,219,1,1566
battery_brand2:220,battery_brand2.tar.gz,220,0,193
battery_brand2:221,battery_brand2.tar.gz,221,0,973
battery_brand2:222,battery_brand2.tar.gz,222,0,610
battery_brand2:223,battery_brand2.tar.gz,223,0,661
battery_brand2:224,battery_brand2.tar.gz,224,0,1587
battery_brand2:225,battery_brand2.tar.gz,225,1,1229
battery_brand2:226,battery_brand2.tar.gz,226,0,60
battery_brand2:227,battery_brand2.tar.gz,227,0,199
battery_brand2:228,battery_brand2.tar.gz,228,0,168
battery_brand2:229,battery_brand2.tar.gz,229,0,15
battery_brand2:230,battery_brand2.tar.gz,230,0,0
battery_brand2:231,battery_brand2.tar.gz,231,0,16
battery_brand2:232,battery_brand2.tar.gz,232,0,5
battery_brand2:233,battery_brand2.tar.gz,233,0,672
battery_brand2:234,battery_brand2.tar.gz,234,0,7932
battery_brand2:235,battery_brand2.tar.gz,235,0,555
battery_brand2:236,battery_brand2.tar.gz,236,1,2671
battery_brand2:237,battery_brand2.tar.gz,237,1,14077
battery_brand2:238,battery_brand2.tar.gz,238,0,312
battery_brand2:239,battery_brand2.tar.gz,239,1,3653
battery_brand2:240,battery_brand2.tar.gz,240,1,1250
battery_brand2:241,battery_brand2.tar.gz,241,1,19639
battery_brand2:242,battery_brand2.tar.gz,242,0,588
battery_brand2:243,battery_brand2.tar.gz,243,1,945
battery_brand2:244,battery_brand2.tar.gz,244,0,1213
battery_brand2:245,battery_brand2.tar.gz,245,0,6112
battery_brand2:246,battery_brand2.tar.gz,246,0,11926
battery_brand2:247,battery_brand2.tar.gz,247,1,611
battery_brand2:248,battery_brand2.tar.gz,248,0,364
battery_brand2:249,battery_brand2.tar.gz,249,0,2337
battery_brand2:250,battery_brand2.tar.gz,250,0,5
battery_brand3:401,battery_brand3.tar.gz,401,0,372
battery_brand3:402,battery_brand3.tar.gz,402,0,86
battery_brand3:403,battery_brand3.tar.gz,403,0,367
battery_brand3:404,battery_brand3.tar.gz,404,1,425
battery_brand3:405,battery_brand3.tar.gz,405,1,167
battery_brand3:406,battery_brand3.tar.gz,406,0,463
battery_brand3:407,battery_brand3.tar.gz,407,0,646
battery_brand3:408,battery_brand3.tar.gz,408,0,531
battery_brand3:409,battery_brand3.tar.gz,409,0,310
battery_brand3:410,battery_brand3.tar.gz,410,0,717
battery_brand3:411,battery_brand3.tar.gz,411,0,860
battery_brand3:412,battery_brand3.tar.gz,412,0,196
battery_brand3:413,battery_brand3.tar.gz,413,0,542
battery_brand3:414,battery_brand3.tar.gz,414,0,488
battery_brand3:415,battery_brand3.tar.gz,415,0,864
battery_brand3:416,battery_brand3.tar.gz,416,0,340
battery_brand3:417,battery_brand3.tar.gz,417,0,733
battery_brand3:418,battery_brand3.tar.gz,418,0,980
battery_brand3:419,battery_brand3.tar.gz,419,1,270
battery_brand3:420,battery_brand3.tar.gz,420,0,1236
battery_brand3:421,battery_brand3.tar.gz,421,0,1034
battery_brand3:422,battery_brand3.tar.gz,422,0,147
battery_brand3:423,battery_brand3.tar.gz,423,0,265
battery_brand3:424,battery_brand3.tar.gz,424,1,208
battery_brand3:425,battery_brand3.tar.gz,425,0,509
battery_brand3:426,battery_brand3.tar.gz,426,0,236
battery_brand3:427,battery_brand3.tar.gz,427,0,222
battery_brand3:428,battery_brand3.tar.gz,428,0,111
battery_brand3:429,battery_brand3.tar.gz,429,0,49
battery_brand3:430,battery_brand3.tar.gz,430,0,357
battery_brand3:431,battery_brand3.tar.gz,431,0,738
battery_brand3:432,battery_brand3.tar.gz,432,0,308
battery_brand3:433,battery_brand3.tar.gz,433,0,531
battery_brand3:434,battery_brand3.tar.gz,434,0,81
battery_brand3:435,battery_brand3.tar.gz,435,0,142
battery_brand3:436,battery_brand3.tar.gz,436,0,302
battery_brand3:437,battery_brand3.tar.gz,437,0,438
battery_brand3:438,battery_brand3.tar.gz,438,0,349
battery_brand3:439,battery_brand3.tar.gz,439,0,160
battery_brand3:440,battery_brand3.tar.gz,440,0,937
battery_brand3:441,battery_brand3.tar.gz,441,0,730
battery_brand3:442,battery_brand3.tar.gz,442,0,127
battery_brand3:443,battery_brand3.tar.gz,443,0,163
battery_brand3:444,battery_brand3.tar.gz,444,0,171
battery_brand3:445,battery_brand3.tar.gz,445,0,503
battery_brand3:446,battery_brand3.tar.gz,446,0,77
battery_brand3:447,battery_brand3.tar.gz,447,0,260
battery_brand3:448,battery_brand3.tar.gz,448,0,91
battery_brand3:449,battery_brand3.tar.gz,449,0,267
battery_brand3:450,battery_brand3.tar.gz,450,0,208
battery_brand3:451,battery_brand3.tar.gz,451,0,126
battery_brand3:452,battery_brand3.tar.gz,452,0,95
battery_brand3:453,battery_brand3.tar.gz,453,0,143
battery_brand3:454,battery_brand3.tar.gz,454,0,123
battery_brand3:455,battery_brand3.tar.gz,455,0,277
battery_brand3:456,battery_brand3.tar.gz,456,0,221
battery_brand3:457,battery_brand3.tar.gz,457,0,103
battery_brand3:458,battery_brand3.tar.gz,458,0,325
battery_brand3:459,battery_brand3.tar.gz,459,0,80
battery_brand3:460,battery_brand3.tar.gz,460,0,227
battery_brand3:461,battery_brand3.tar.gz,461,0,601
battery_brand3:462,battery_brand3.tar.gz,462,1,170
battery_brand3:463,battery_brand3.tar.gz,463,0,109
battery_brand3:464,battery_brand3.tar.gz,464,0,114
battery_brand3:465,battery_brand3.tar.gz,465,1,304
battery_brand3:466,battery_brand3.tar.gz,466,0,138
battery_brand3:467,battery_brand3.tar.gz,467,0,104
battery_brand3:468,battery_brand3.tar.gz,468,0,289
battery_brand3:469,battery_brand3.tar.gz,469,0,370
battery_brand3:470,battery_brand3.tar.gz,470,0,108
battery_brand3:471,battery_brand3.tar.gz,471,0,167
battery_brand3:472,battery_brand3.tar.gz,472,0,200
battery_brand3:473,battery_brand3.tar.gz,473,1,82
battery_brand3:474,battery_brand3.tar.gz,474,0,453
battery_brand3:475,battery_brand3.tar.gz,475,1,91
battery_brand3:476,battery_brand3.tar.gz,476,0,100
battery_brand3:477,battery_brand3.tar.gz,477,0,355
battery_brand3:478,battery_brand3.tar.gz,478,0,268
battery_brand3:479,battery_brand3.tar.gz,479,0,160
battery_brand3:480,battery_brand3.tar.gz,480,0,318
battery_brand3:481,battery_brand3.tar.gz,481,0,589
battery_brand3:482,battery_brand3.tar.gz,482,0,319
battery_brand3:483,battery_brand3.tar.gz,483,0,250
battery_brand3:484,battery_brand3.tar.gz,484,0,260
battery_brand3:485,battery_brand3.tar.gz,485,0,202
battery_brand3:486,battery_brand3.tar.gz,486,0,95
battery_brand3:487,battery_brand3.tar.gz,487,0,138
battery_brand3:488,battery_brand3.tar.gz,488,0,159
battery_brand3:489,battery_brand3.tar.gz,489,0,56
battery_brand3:490,battery_brand3.tar.gz,490,0,266
battery_brand3:491,battery_brand3.tar.gz,491,0,164
battery_brand3:492,battery_brand3.tar.gz,492,1,57
battery_brand3:493,battery_brand3.tar.gz,493,0,137
battery_brand3:494,battery_brand3.tar.gz,494,0,129
battery_brand3:495,battery_brand3.tar.gz,495,0,46
battery_brand3:496,battery_brand3.tar.gz,496,0,24
battery_brand3:497,battery_brand3.tar.gz,497,0,29
battery_brand3:498,battery_brand3.tar.gz,498,0,53
battery_brand3:499,battery_brand3.tar.gz,499,0,78
battery_brand3:500,battery_brand3.tar.gz,500,0,12
