package,year_first_appeared,application
tsukuba,2019,Distributed storage
aitio,2021,Distributed storage
evbattery,2022,Passenger EV
cloverleaf,2022,Distributed storage
deng,2023,Passenger EV
zhang2023,2023,Passenger EV
flashbattery-agv,2023,Industrial and robotics
bilfinger2024,2024,Passenger EV
fei_bus,2024,Bus
m5bat-2023-04,2024,Grid-scale storage
rwth-home,2024,Distributed storage
schaeffer,2024,Distributed storage
cao,2025,Passenger EV
changan,2025,Passenger EV
ku_leuven_bev,2025,Passenger EV
tumftm,2025,Passenger EV
bilfinger2026,2026,Passenger EV
zhou2026,2026,Passenger EV
xie,2026,Light electric mobility
li2026,2026,Grid-scale storage
m5bat-pbacid,2026,Grid-scale storage
ppl,2026,Grid-scale storage
rwth-android,2026,Consumer electronics
